{
    "name": "Kunoichi Gangbang",
    "cost": "0",
    "costType": "ep",
    "requiredLevel": "0",
    "learningCost": "0",
    "skillType": "attack",
    "statType": "Technique",
    "requiredStat": "0",
    "skillTags": [ "Sex"],
    "fetishTags": [ "Futanari"],
    "startsStance": "",
    "requiresStance": "Anal - Futa",
    "unusableIfStance": [ "Missionary - Futa"],
    "requiresTargetStance": [ "Anal - Futa", "Irrumatio" ],
    "unusableIfTarget": [ ""],
    "removesStance": "None",
    "requiresStatusEffect": "None",
    "requiresStatusPotency": "0",
    "unusableIfStatusEffect": [ "None"],
    "power": "55",
    "minRange": "90",
    "maxRange": "110",
    "recoil": "25",
    "targetType": "single",
    "statusEffect": "Aphrodisiac",
    "statusChance": "100",
    "statusDuration": "10",
    "statusPotency": "5",
    "statusResistedBy": "",
    "statusText": "",
    "descrip": "",
    "outcome": "The Kunoichi behind [TargetName] enthusiastically fucks [TargetHisOrHer] reddening ass with everything she has while the other Kunoichi mercilessly fucks [TargetName]'s mouth making sloppy wet sounds fill the halls.|n| [TargetName]'s muffled as gagging is heard as [TargetHeOrShe] is forced to take the other Kunoichi's thick shaft deep into [TargetHisOrHer] mouth.",
    "miss": "The Kunoichi behind [TargetName] enthusiastically fucks [TargetHisOrHer] reddening ass with everything she has while the other Kunoichi mercilessly fucks [TargetName]'s mouth making sloppy wet sounds fill the halls. |n|However [TargetName] manages to resist!",
    "statusOutcome": "[AttackerName2]'s aphrodisiac juices are starting to affect you...",
    "statusMiss": "",
    "restraintStruggle": "",
    "restraintStruggleCharmed": "",
    "restraintEscaped": "",
    "restraintEscapedFail": ""
}
