{
    "name": "Kunoichi Assist",
    "costType": "ep",
        "cost": "0",
    "requiredLevel": "0",
    "learningCost": "0",
    "skillType": "attack",
    "statType": "Power",
    "requiredStat": "0",

    "skillTags": ["Mouth"],
    "fetishTags": ["Futanari"],

    "startsStance": [""],
    "requiresStance": "None",
    "unusableIfStance": [ ""],
    "requiresTargetStance": [ "Irrumatio"],
    "unusableIfTarget": [ "Sex", "Anal"],
    "removesStance": ["None"],

    "requiresPerk": [""],
    "requiresOnePerk": "",
    "unusableIfPerk": [""],
    "requiresPerkSelf": [""],
    "requiresOnePerkSelf": "",
    "unusableIfPerkSelf": [""],

    "requiresStatusEffect": "None",
    "requiresStatusPotency": "0",
    "unusableIfStatusEffect": ["None"],
        "requiresStatusEffectSelf": "None",
        "requiresStatusPotencySelf": "0",
        "unusableIfStatusEffectSelf": ["None"],

        "scalesWithStatusEffect": "",
        "flatDamageSF-FlatScaling": "0",
        "flatDamageSF-PercentScaling": "0",
        "totalDamageSF-PercentScaling": "0",

    "targetType": "2Hits",
        "accuracy": "0",
        "initiative": "0",

    "power": "25",
        "minRange": "100",
        "maxRange": "100",
    "recoil": "25",
    "critDamage": "0",
    "critChance": "0",

    "statusEffect": "None",
        "statusPotency": "0",
        "statusEffectScaling": "0",
        "statusDuration": "0",
        "statusChance": "0",
        "statusResistedBy": "",

    "statusText": "",
    "descrip": "",
    "outcome": "From behind [TargetName], a Kunoichi pushes [TargetHisOrHer] head forward, making [TargetHimOrHer] take the other kunoichi's cock down [TargetHisOrHer]'s throat forcing them to deepthroat her thick shaft!",
    "miss": "From behind [TargetName], a Kunoichi pushes [TargetHisOrHer] head forward, but [TargetName] manages to resist!",
    "statusOutcome": "",
    "statusMiss": "",

    "restraintStruggle": [""],
    "restraintStruggleCharmed": [""],
    "restraintEscaped": [""],
    "restraintEscapedFail": [""]
}
