{
    "name": "Kunoichi Sloppy Gangbang",
    "cost": "0",
    "costType": "ep",
    "requiredLevel": "0",
    "learningCost": "0",
    "skillType": "attack",
    "statType": "Allure",
    "requiredStat": "0",
    "skillTags": [ "Sex", "Ass"],
    "fetishTags": [ "Sex"],
    "startsStance": "",
    "requiresStance": "Irrumatio",
    "unusableIfStance": [ "Making Out"],
    "requiresTargetStance": [ "Anal - Futa", "Irrumatio"],
    "unusableIfTarget": [ ""],
    "removesStance": "None",
    "requiresStatusEffect": "None",
    "requiresStatusPotency": "0",
    "unusableIfStatusEffect": [ "None"],
    "power": "55",
    "minRange": "90",
    "maxRange": "110",
    "recoil": "25",
    "targetType": "single",
    "statusEffect": "Aphrodisiac",
    "statusChance": "100",
    "statusDuration": "10",
    "statusPotency": "5",
    "statusResistedBy": "",
    "statusText": "",
    "descrip": "",
    "outcome": "Giggling madly, one of the Kunoichi mercilessly drives every inch of her throbbing cock down [TargetName]'s distended throat while the other pounds [TargetHisOrHer] ass making, loud clapping noises fill the area. [TargetName]'s submissive moans are muffled as [TargetHeOrShe] is forced to choke down the Kunoichi's aphrodisiac filled precum.",
    "miss": "Giggling madly, one of the Kunoichi mercilessly drives every inch of her throbbing cock down [TargetName]'s distended throat while the other pounds [TargetHisOrHer] ass making, loud clapping noises fill the area. |n|However [TargetName] manages to resist the relentless onslaught!",
    "statusOutcome": "[AttackerName]'s aphrodisiac juices are starting to affect you...",
    "statusMiss": "",
    "restraintStruggle": "",
    "restraintStruggleCharmed": "",
    "restraintEscaped": "",
    "restraintEscapedFail": ""
}
