{
    "name": "Ninja Art: Pressure Points Revised",
    "cost": "25",
    "costType": "ep",
    "requiredLevel": "0",
    "learningCost": "0",
    "skillType": "attack",
    "statType": "Technique",
    "statusEffectScaling": "25",
    "requiredStat": "0",
    "skillTags": [ "Pain"],
    "fetishTags": [ ""],
    "startsStance": "",
    "requiresStance": "None",
    "unusableIfStance": [ "Any"],
    "requiresTargetStance": [ "Any"],
    "unusableIfTarget": [ "Sex", "Blowjob", "Titfuck", "Anal - Futa", "Irrumatio"],
    "removesStance": "None",
    "requiresStatusEffect": "None",
    "requiresStatusPotency": "0",
    "unusableIfStatusEffect": [ "None"],
    "power": "20",
    "minRange": "90",
    "maxRange": "120",
    "recoil": "0",
    "targetType": "single",
    "statusEffect": "Defence",
    "statusChance": "100",
    "statusDuration": "5",
    "statusPotency": "-25",
    "statusResistedBy": "Power",
    "statusText": "Ninja Art: Pressure Points",
    "descrip": "",
    "outcome": "[AttackerName] darts forwards and strikes [TargetName] on various spots on [TargetHisOrHer] body with [AttackerHisOrHer] nimble fingers, [AttackerHisOrHer] assault feeling strangely pleasant as [AttackerHeOrShe] moves away with a grin!",
    "miss": "[AttackerName] darts forwards and tries to strike [TargetName]'s body on various spots with [AttackerHisOrHer] nimble fingers, but [TargetName] dodges every strike!",
    "statusOutcome": "[TargetName] shudders as [TargetHeOrShe] realizes [TargetHisOrHer] body is more sensitive!",
    "statusMiss": "",
    "restraintStruggle": "",
    "restraintStruggleCharmed": "",
    "restraintEscaped": "",
    "restraintEscapedFail": ""
}
