{
    "name": "Ninja Art: Super Erotic Mist Enhanced",
    "cost": "5",
    "costType": "ep",
    "requiredLevel": "0",
    "learningCost": "0",
    "skillType": "statusEffect",
    "statType": "Intelligence",
    "statusEffectScaling": "25",
    "requiredStat": "0",
    "skillTags": [ "Magic", "Seduction"],
    "fetishTags": [ "Kissing"],
    "startsStance": "",
    "requiresStance": "Any",
    "unusableIfStance": [ "Any"],
    "requiresTargetStance": [ "Any"],
    "unusableIfTarget": [ "Sex", "Blowjob", "Titfuck", "Anal - Futa", "Irrumatio"],
    "removesStance": "None",
    "requiresStatusEffect": "None",
    "requiresStatusPotency": "0",
    "unusableIfStatusEffect": [ "None"],
    "power": "0",
    "minRange": "60",
    "maxRange": "115",
    "recoil": "0",
    "targetType": "single",
    "statusEffect": "Aphrodisiac",
    "statusChance": "100",
    "statusDuration": "5",
    "statusPotency": "25",
    "statusResistedBy": "Willpower",
    "statusText": "aphrodisiac",
    "descrip": "",
    "outcome": "OrgasmCheck",
    "miss": "",
    "statusOutcome": "With how preoccupied [TargetName] currently is, [AttackerName] easily manages to get in close, purse [AttackerHisOrHer] lips, and blows a thick cloud of pink mist directly into [TargetName]'s face, making [TargetHimOrHer] shiver as they involuntarily breathe some in, making [TargetHimOrHer] feel hot and horny!",
    "statusMiss": "With how preoccupied [TargetName] currently is, [AttackerName] easily manages to get in close, purse [AttackerHisOrHer] lips, and blows a thick cloud of pink mist directly into [TargetName]'s face, but [TargetHeOrShe] manages to hold [TargetHisOrHer] breath long enough for it to dissipate!",
    "restraintStruggle": "",
    "restraintStruggleCharmed": "",
    "restraintEscaped": "",
    "restraintEscapedFail": ""
}
