{
    "name": "Ninja Art: Erotic Mist Enhanced",
    "cost": "5",
    "costType": "ep",
    "requiredLevel": "0",
    "learningCost": "0",
    "skillType": "statusEffect",
    "statType": "Intelligence",
    "requiredStat": "0",
    "skillTags": [ "Magic"],
    "fetishTags": [ "Kissing"],
    "startsStance": "",
    "requiresStance": "Any",
    "unusableIfStance": [ "Any"],
    "requiresTargetStance": [ "Any"],
    "unusableIfTarget": [ "Sex", "Blowjob", "Titfuck", "Anal - Futa", "Irrumatio"],
    "removesStance": "None",
    "requiresStatusEffect": "None",
    "requiresStatusPotency": "0",
    "unusableIfStatusEffect": [ "None"],
    "power": "0",
    "minRange": "60",
    "maxRange": "115",
    "recoil": "0",
    "targetType": "single",
    "statusEffect": "Aphrodisiac",
    "statusChance": "80",
    "statusDuration": "5",
    "statusPotency": "10",
    "statusResistedBy": "Willpower",
    "statusText": "aphrodisiac",
    "descrip": "",
    "outcome": "",
    "miss": "",
    "statusOutcome": "[AttackerName] purses [AttackerHisOrHer] lips, breathing out a pink mist! [TargetName] breathes it in, and begins to feel hot and horny!",
    "statusMiss": "[AttackerName] purses [AttackerHisOrHer] lips, breathing out a pink mist, but [TargetName] manages to hold [TargetHisOrHer] breath!",
    "restraintStruggle": "",
    "restraintStruggleCharmed": "",
    "restraintEscaped": "",
    "restraintEscapedFail": ""
}
