{
    "name": "Ninja Art: Wild Horse",
    "cost": "0",
    "costType": "ep",
    "requiredLevel": "0",
    "learningCost": "0",
    "skillType": "attack",
    "statType": "Technique",
    "requiredStat": "0",
    "skillTags": [ "Sex"],
    "fetishTags": [ "Futanari"],
    "startsStance": "",
    "requiresStance": "Any",
    "unusableIfStance": [ "Anal - Futa", "Irrumatio", "Missionary - Futa"],
    "requiresTargetStance": [ "Any"],
    "unusableIfTarget": [ 
     "Penetration",
     "Blowjob",
     "Footjob",
     "Titfuck",
     "Irrumatio",
     "Anal - Futa"
    ],
    "removesStance": "None",
    "requiresStatusEffect": "Aphrodisiac",
    "requiresStatusPotency": "0",
    "unusableIfStatusEffect": [ "None"],
    "power": "30",
    "minRange": "90",
    "maxRange": "110",
    "recoil": "0",
    "targetType": "single",
    "statusEffect": "none",
    "statusChance": "0",
    "statusDuration": "0",
    "statusPotency": "0",
    "statusResistedBy": "",
    "statusText": "",
    "descrip": "The ninja tries to insert it.",
    "outcome": "|f|CallCombatEventAndScene|/|AfflictedKunoichiCombatEvents|/|KunoichiGrapple1|n|",
    "miss": "[AttackerName] disappears in a puff of smoke, suddenly [AttackerName] appears behind [TargetName] and kicks at [TargetHisOrHer] legs, luckily [TargetName] realizes what's happening and dodges the attack!",
    "statusOutcome": "IgnoreAttack",
    "statusMiss": "",
    "restraintStruggle": "",
    "restraintStruggleCharmed": "",
    "restraintEscaped": "",
    "restraintEscapedFail": ""
}
