{
    "name": "Ninja Art: Oral Rampage",
    "cost": "0",
    "costType": "ep",
    "requiredLevel": "0",
    "learningCost": "0",
    "skillType": "attack",
    "statType": "Power",
    "requiredStat": "0",
    "skillTags": [ "Mouth"],
    "fetishTags": [ "Futanari"],
    "startsStance": "Irrumatio",
    "requiresStance": "Any",
    "unusableIfStance": [ "Penetration", "Making Out", "Anal - Futa"],
    "requiresTargetStance": [ "Anal - Futa"],
    "unusableIfTarget": [ 
        "Missionary - Futa",
        "Blowjob",
        "Penetration",
        "Titfuck",
        "Face Sit",
        "Irrumatio"
],
    "removesStance": "None",
    "requiresStatusEffect": "None",
    "requiresStatusPotency": "0",
    "unusableIfStatusEffect": [ "None"],
    "power": "15",
    "minRange": "90",
    "maxRange": "110",
    "recoil": "25",
    "targetType": "single",
    "statusEffect": "None",
    "statusChance": "0",
    "statusDuration": "0",
    "statusPotency": "0",
    "statusResistedBy": "",
    "statusText": "",
    "descrip": "",
    "outcome": "Taking advantage of [TargetName]'s position, [AttackerName] grabs [TargetName] by the head, forcing [TargetHisOrHer]'s mouth open she shoves her oozing cock into [TargetHisOrHer] mouth!",
    "miss": "Taking advantage of [TargetName]'s position, [AttackerName] grabs [TargetName] by the head, but [TargetName] manages to keep [TargetHisOrHer] mouth closed!",
    "statusOutcome": "",
    "statusMiss": "",
    "restraintStruggle": "",
    "restraintStruggleCharmed": "",
    "restraintEscaped": "",
    "restraintEscapedFail": ""
}
