{
	"name": "Blue Imp",
	"IDname": "Futa Blue Imp",
	"species": "Demon",
	"gender": "female",
	"description": "A petite demon a little taller than a child with bone white horns, flawless dark blue skin and long aqua hair stopping at the middle of her back, she wears knee-high black boots and a dark purple thong, right above her shapely rear you see a black tail with a spaded tip. Covering her B-cup breasts is a black bra with ornate designs, and covering her hands up to the elbow are black ornate silk gloves. You see a strange white glow constantly emanating from her palms as she stares you down with a sadistic grin ill-suited for someone who looks more like a child. However, unlike before, she has a thick blue cock that's a little over 8 inches and a pair of fist-sized balls hanging between her legs; she strokes it while looking at you with a sadistic grin",
	"encyclopedia": "A blue summoned demon who grew a thick cock",
	"tags": "none",
	"generic": "True",
	"requires": [""],
	"requiresEvent": [
        {
            "NameOfEvent": "",
            "Progress": "2",
            "Choice": "",
            "ChoiceNumber": "-1"
        }
	],
	"skillList": ["Chain Strike", "Chains of Binding", "Sadistic Binding", "Anal Penetration - Futa Restrained", "Futanari Piston", "Futanari Reaming", "Deep Reaming - Futa", "Chained Face Fuck", "Futanari Face Fucking", "Demonic Taste", "Collared Face Fucking", "Pet Collar", "Forced Deepthroat"],
	"perks": ["Futanari"],
	"stats": {"lvl": "25",
			  "Exp": "500",
			  "max_hp": "250",
			  "max_ep": "250",
			  "max_sp": "2",
			  "Power": "7",
			  "Technique": "15",
			  "Intelligence":"10",
			  "Willpower": "15",
			  "Allure": "15",
			  "Luck": "9"
	},
	"Fetishes": [""],
	"BodySensitivity": {
			  "Sex": "100",
			  "Ass": "60",
			  "Breasts": "100",
			  "Mouth": "100",
			  "Seduction": "20",
			  "Magic": "20",
			  "Pain": "70",
			  "Holy":"250",
			  "Unholy": "10"
	},
	"resistancesStatusEffects": {
			  "Stun": "60",
			  "Charm": "100",
			  "Aphrodisiac": "20",
			  "Restraints": "999",
			  "Sleep": "50",
			  "Trance": "0",
			  "Paralysis": "0",
			  "Debuff": "20"
	},
	"moneyDropped": "666",
	"ItemDropList": [
					   {
					      "name": "Energy Potion",
						  "dropChance": "80"
					   }
					],
	"lossScenes": [
					{
						"NameOfScene": "Blue Imp wins",
						"move": "",
						"stance": "Anal - Futa",
						"includes": ["Futa Blue Imp"],
						"theScene":["JumpToLossEvent", "FutanariBlueImpAnalLoss"
						],
						"picture":""
					},
					{
						"NameOfScene": "Blue Imp Facefuck",
						"move": "",
						"stance": "Irrumatio",
						"includes": ["Futa Blue Imp"],
						"theScene":["JumpToLossEvent", "BlueImpFacefuck"
									
									
						],
						"picture":""
					}
				   ],
    "combatDialogue": [
						{
							"lineTrigger":"StartOfCombat",
							"move": "",
							"theText":["|f|CallCombatEventAndScene|/|ImpBuffCombatEvents|/|BlueImpFightIntro|n|"]
						},
						{
							"lineTrigger":"EndOfRound",
							"move": "",
							"theText":["|f|CallCombatEventAndScene|/|ImpBuffCombatEvents|/|BlueImpBuffCheckSolo|n|"]
						},
						{
							"lineTrigger":"AutoCounter",
							"move": "Penetrate",
							"theText": ["|f|CallCombatEventAndScene|/|BlueImpFCombatEvents|/|No Penetrate|n|"]
						},
						{
							"lineTrigger":"AutoCounter",
							"move": "Anal Penetration",
							"theText": ["|f|CallCombatEventAndScene|/|BlueImpFCombatEvents|/|No Anal|n|"]
						},
						{
							"lineTrigger":"AutoCounter",
							"move": "Make Out",
							"theText": ["|f|CallCombatEventAndScene|/|BlueImpFCombatEvents|/|No Making Out|n|"]
						},
						{
							"lineTrigger":"AutoCounter",
							"move": "Dildo",
							"theText": ["|f|CallCombatEventAndScene|/|BlueImpFCombatEvents|/|No Dildo|n|"]
						},
						{
							"lineTrigger":"AutoCounter",
							"move":"Bury Face",
							"theText":["|f|CallCombatEventAndScene|/|BlueImpFCombatEvents|/|No Bury|n|"]

						},
						{
							"lineTrigger":"AutoCounter",
							"move": "Finger",
							"theText": ["|f|CallCombatEventAndScene|/|BlueImpFCombatEvents|/|Fingering|n|"]
						},
                        {
                            "lineTrigger": "HitWith",
                            "move": "Spank",
                            "theText":["'Keh, I'll make you pay for that!'",
                                        "'I'm going to break you♥'",
                                        "'N-no, I didn't enjoy that!'"]
                        },
						{
							"lineTrigger": "HitWith",
							"move": "Whip",
							"theText":["'You call THAT using a whip?'",
									   "'It seems I must educate you on how to use that thing properly.'",
									   "'I'm going to break you for that♥'"]
						},
						{
							"lineTrigger": "HitWith",
							"move": "Bondage Net",
							"theText":["'Just you wait...'",
									   "'When I get out of this thing, I'll make sure you can't walk for weeks!'",
									   "'You'll pay for this...'"]
						},
						{
							"lineTrigger": "HitWith",
							"move": "Magical Binding",
							"theText":["'Just you wait...'",
									   "'When I get out of this thing, I'll make sure you can't walk for weeks!'",
									   "'You'll pay for this...'"]
						},
						{
							"lineTrigger": "HitWith",
							"move": "Lewd Bottle",
							"theText":["'Poison...?'",
									   "'W-what was in that bottle!?'"]
						},
						{
							"lineTrigger": "HitWith",
							"move": "Electrify",
							"theText":["'Che, I'm going to break you for that.'",
									   "'I'm going to teach you true pain.'",
									   "'Hah, is that the best you've got?!'"]
						},
						{
							"lineTrigger": "HitWith",
							"move": "Breast Caress",
							"theText":[ "'N-no I didn't feel that!'",
										"'Hmph, I guess you're passable at this.'",
										"'S-stop already...'"]
						},
						{
							"lineTrigger": "HitWith",
							"move": "Breast Massage",
							"theText":[ "'N-no I didn't feel that!'",
										"'Y-you breast pervert, stop touching me there!'",
										"'Quit already!'"]
						},
						{
							"lineTrigger": "HitWith",
							"move": "Suckle",
							"theText":[ "'W-what are you doing you idiot!'",
										"'What are you a child?!'",
										"'Why's my body so hot? What did you do you filth?!'"]
						},
						{
							"lineTrigger": "HitWith",
							"move": "Make Out",
							"theText":[ "'Mhmmm! shto mmhmmmmmm♥!'",
									    "'G-get your filthy mouth aw-mmmmhm!'",
										"'N-no, I'm not enjoying this; you're fucking gross!'"]
						},
						{
							"lineTrigger": "HitWith",
							"move": "Charm",
							"theText":["'You don't seriously think you can seduce me, do you?'",
									   "'Laughable, now kneel, and I'll show you true beauty!'",
									   "'Hahaha, was that supposed to do something?'"]
						},
						{
							"lineTrigger": "HitWith",
							"move": "Sleep",
							"theText":["'Che, do you think I'll just let you have your way with me?!'",
										"'Y-you won't beat me so easily; even in my sleep, I could beat you without breaking a sweat!'"]
						},
						{
							"lineTrigger": "HitWith",
							"move": "Seduce",
							"theText":["'You don't seriously think you can seduce me, do you?'",
									   "'Laughable, now kneel, and I'll show you true beauty!'",
									   "'Hahaha, was that supposed to do something?'"]
						},
						{
							"lineTrigger": "HitWith",
							"move": "Brace Head",
							"theText":["'Haha, that's it take it you slut!'"]
						},
						{
							"lineTrigger": "HitWith",
							"move": "Clinch Ass",
							"theText":["'MMph~, So tight! You're loving this aren't you, you dirty bitch!'"]
						},
						{
							"lineTrigger": "HitWith",
							"move": "Grind Hips",
							"theText":["'MMmmh~, I wonder who taught you that one you dirty boy.'",
										"'Ahh~, so good that's it take my dick!'"				
						]
						},
						{
							"lineTrigger": "HitWith",
							"move": "Give Handjob",
							"theText":["'Wow, you have skilled hands~'",
										"'So eager~ shouldn't boys like you be hesitent on touching dicks?'"				
						]
						},
						{
							"lineTrigger": "HitWith",
							"move": "Magic Onahole",
							"theText":["'Woah, it's so... tight! Fuck feels good~"]
						},
						{
							"lineTrigger": "HitWith",
							"move": "Submissive Look",
							"theText":["'MMmh, that's it boy take it~'",
									   "'Oh wow, you look great like this.'"			
						]
						},
						{
							"lineTrigger": "UsesMove",
							"move": "Chain Strike",
							"theText":[ "'Don't worry, I'll make it feel better soon'",
										"'Ahh♥ that was a good expression, I want to hurt you even more now♥'",
										"'You won't break from just this, right?'",
										"'Are you actually getting off on this? You fucking masochistic pervert♥'"]
						},
						{
							"lineTrigger": "UsesMove",
							"move": "Sadistic Binding",
							"theText":[ "'Now where do you think you're going?'",
										"'Hold still, you dumb bitch, I'm not finished.'"]
						},						
						{
							"lineTrigger": "UsesMove",
							"move": "Chains Of Binding",
							"theText":[ "'Stay still, and you won't be hurt... much.'"]
						},
						{
							"lineTrigger": "UsesMove",
							"move": "Pet Collar",
							"theText":[ "'Be a good boy and suck my dick♥.'",
										"'That's a good toy...'",
										"'Bitches like you need a collar~♥'"]
						},
						{
							"lineTrigger": "UsesMove",
							"move": "Collared Face Fucking",
							"theText":[ "'That's a good boy, stay still so I can give you a treat♥'",
										"'I adore that pathetic look on your face, squirm more♥'",
										"'I'll make you addicted to the taste of my new cock!'",
										"'We're all alone here, just suck it bitch!'",
									    "'That's right, keep serving your mistress!'"]
						},
						{
							"lineTrigger": "UsesMove",
							"move": "Chained Face Fuck",
							"theText":["'By the time I'm done with you, you'll want to drink nothing else.'",
										"'I hope you're hungry because I have a big load waiting for you!'",
									    "'Your throat is the only good thing about you.'",
									    "'My cock is much better then that pathetic little thing you have!'"]
						},
						{
							"lineTrigger": "UsesMove",
							"move": "Futanari Face Fucking",
							"theText":["'That's right, suck it harder!'",
									   "'That's it, keep choking!'",
									   "'Mmmph, that pathetic expression of yours turns me on so much♥'",
									   "'Boys really give good head huh?'"]
						},
						{
							"lineTrigger": "UsesMove",
							"move": "Forced Deepthroat",
							"theText": ["'Suck it properly, and maybe I'll let you breathe.'",
										 "'If you don't do a better job, I'll let you pass out, you cock-slut!'",
										 "Grabbing your hair in a bunch, the sadistic imp grins and says, 'Fuck, you were born for this.'"
										]
						},
						{
							"lineTrigger": "UsesMove",
							"move": "Demonic Taste",
							"theText": ["'That's a good pet, my cum will be your new favorite meal by the time we're done.'",
										"'Keep drinking, or you'll drown, little bitch.'",
										"She yanks your hair around in sadistic pleasure.",
										"'That's a good bitch.'"
										]
						},
						{
							"lineTrigger": "UsesMove",
							"move": "Anal Penetration - Futa Restrained",
							"theText":[ "'I've been looking forwards to making you my bitch, now scream!'",
										"'I've been anticipating this!'",
										"'I'll make you cum through anal alone!'"]
										
						},
						{
							"lineTrigger": "UsesMove",
							"move": "Deep Reaming - Futa",
							"theText": ["'That's it, just take it you dumb slut!'",
										"'Fuck, you should just give up on adventuring and be my whore.'",
										"'Wow, you're moaning already?, if you wanted my cock so much you could've just asked.' she says with a smug grin."]
						},
						{
							"lineTrigger": "UsesMove",
							"move": "Futanari Piston",
							"theText":[ "'Take it you stupid bitch!'",
										"'Man, no wonder guys like this so much, I'm going to carve the feeling of my dick into you!'",
										"'Fuck yeah, take it, you dumbass!'",
										"'Are you moaning♥? Fuck I knew you were a slut!'",
										"'A girlyboy like you exists to take Monstergirl cock!'"]
						},
						{
							"lineTrigger": "UsesMove",
							"move": "Futanari Reaming",
							"theText":[ "'That's it, tighten up you dumb slut!'",
										"'What's wrong? Can't breathe? Ahahaha♥ that's it, scream you animal!'",
										"'Tighten up!' She says, slapping your ass. 'You belong under me!'"]
						},
						{
							"lineTrigger": "LowHealth",
							"move": "",
							"theText":["'Y-you can't beat me with just this, y-you pathetic human!'"]
						},
						{
							"lineTrigger": "PlayerLowHealth",
							"move":"",
							"theText":["'Hehe, if you beg for mercy I might make things more pleasurable for you...♥'",
									   "'Don't worry♥ When we're done here I'll have you on your knees for hours~♥'"]
						},
                        {
                            "lineTrigger": "OnPlayerOrgasm",
                            "move": "Chain Strike",
                            "theText":["Uwah, how disgusting you actually like being whipped?'"]
                        },
						{
							"lineTrigger": "OnPlayerOrgasm",
							"move": "Lewd Ravaging",
							"theText":["'Oh wow, did you cum to me stirring up your ass? What a disgusting man♥'",
									    "'Does your parents know they've raised such a freak? Don't worry, at least I won't hate you for your disgusting behavior...♥'",
										"'That's it, cum you freak, surrender to me!"]
						},
						{
							"lineTrigger": "OnPlayerOrgasm",
							"move": "Lewd Bondage",
							"theText": ["'Oh wow, did you really just cum to this? Hahaha, how interesting do it some more♥'",
										"'Ahhhh♥ I can't get enough of that disgusting expression you're wearing♥'",
										"'Haha, if I didn't know any better, I'd think you wanted to lose to me. Does your ass feel that good?'"
										]
						},
						{
							"lineTrigger": "OnPlayerOrgasm",
							"move": "Anal",
							"theText": ["You try to stifle a groan as you ejaculate deep into her rectum, causing the Blue Imp to grind against your waist, forcing you to gasp in pleasure. 'Haha, what a disgusting expression,♥ did my insides feel that good?'",
										"You try to resist your impending orgasm, but suddenly, a chain pushes against your prostate, causing you to cum deep inside her tight ass!",
										"The Blue Imp mercilessly rides your throbbing shaft as she coaxes the sperm out with her tight walls.",
										"Under the intense pressure of her walls, she hilts your cock deep in her ass, causing you to spurt a load of cum inside her crushing rectum."]
						},
						{
							"lineTrigger":"OnOrgasm",
							"move": ["Anal - Futa", "Futanari Piston", "Futanari Reaming", "Deep Reaming - Futa"],
							"theText": ["|f|CallCombatEventAndScene|/|BlueImpFCombatEvents|/|FutaCum1|n|"]
						},
						{
							"lineTrigger":"OnOrgasm",
							"move": ["Irrumatio", "Collared Face Fucking", "Chained Face Fuck", "Futanari Face Fucking", "Demonic Taste", "Forced Deepthroat"],
							"theText": ["|f|CallCombatEventAndScene|/|BlueImpFCombatEvents|/|FutaCum3|n|"]
						},
						{
							"lineTrigger":"OnOrgasm",
							"move": "Collared Face Fucking",
							"theText":["|f|CallCombatEventAndScene|/|BlueImpFCombatEvents|/|FutaCum3|n|"]
						},
						{
							"lineTrigger":"OnOrgasm",
							"move": "",
							"theText":["'Oh, Oh shit, I'm going to... Fuuuuck♥!' She screams as a massive load of cum comes out of her blue cock!"]
						},
						{
							"lineTrigger": "StanceStruggle",
							"move": "Anal - Futa",
							"theText":["You struggle to pull away from the Blue Imp as she fucks your ass..."]
						},
						{
							"lineTrigger": "StanceStruggleFail",
							"move": "Anal - Futa",
							"theText":["But the Blue Imp grabs you by your hair and holds you in place as she fucks you harder for trying to escape!",
									   "But the Blue Imp scoffs and thrusts her hips harder, making you lock in place!",
									   "But the Blue Imp slaps you on the ass and keeps fucking you without slowing down!"]
						},
						{
							"lineTrigger": "StanceStruggleComment",
							"move": "Anal - Futa",
							"theText":["'Where do you think you're going?'",
									   "'Hehe, should I punish you some more first?♥'",
									   "'Ahahaha♥ your face looks so miserable, are you about to cum?'",
									   "'I bet you secretly love getting fucked♥'"]
						},
						{
							"lineTrigger": "StanceStruggleFree",
							"move": "Anal - Futa",
							"theText":["And manage to pull away from the Blue Imps cock!"]
						},
						{
							"lineTrigger": "StanceStruggleFreeComment",
							"move": "Anal - Futa",
							"theText":["'You dare run from me?'",
									   "'It seems I'll have to train your ass some more♥'",
									   "'I'm going to make you beg me for more when I'm done with you♥'",
									   "'I hope you're ready for your punishment.'"]
						},
						{
							"lineTrigger": "StanceStruggle",
							"move": "Irrumatio",
							"theText":["You try to pull the Blue Imp's throbbing cock from your mouth..."]
						},
						{
							"lineTrigger": "StanceStruggleFail",
							"move": "Irrumatio",
							"theText": ["But the Blue Imp just scoffs and yanks you by your hair, making you gag as her balls slap against your chin.",
										"But the Blue Imp just locks her leg behind your neck and pulls you back onto her thick cock.",
										"But the Blue Imp just holds your head in place without any effort and keeps fucking your throat into submission."]
						},
						{
							"lineTrigger": "StanceStruggleComment",
							"move": "Irrumatio",
							"theText":["'Keep sucking slut, I'm going to make you drink gallons of my cum before we're done here.'",
									   "'You're so pathetic♥ a weakling like you should just obediently suck my dick.'",
									   "'Was that you trying to escape? Fuck you're weak; just stay between my legs like a good bitch, and maybe I'll step on your cock or something.'"]
						},
						{
							"lineTrigger": "StanceStruggleFree",
							"move": "Irrumatio",
							"theText": ["And manage to get the Blue Imps cock out of your mouth!"]
						},
						{
							"lineTrigger": "StanceStruggleFreeComment",
							"move": "Irrumatio",
							"theText":["'Just for that I'm going to keep you sucking it for weeks.'",
									   "'That's it, I'm going to make you clean your ass off my dick when we're done here!'",
									   "'I'm going to make you live off my cum for the rest of your life for that!'"]
						},
                        {
                            "lineTrigger": "OnSurrender",
                            "move": "",
                            "theText":["'Wow... you're disgusting to want my cock that much.' She says with a grin while stroking her erection",
									   "'What a degenerate loser~♥ You want my thick Imp cock so much~♥' Despite her scathing words she has a big blush and a lewd grin."]
                        }
					],
"victoryScenes": [
			{

				"NameOfScene": "",
				"move": "",
				"stance": "",
				"includes": [""],
				"theScene": [""
							],

				   "picture":""
			}
		  ],
		"pictures": [
						{
                          "Name":"BlueImpF",
                          "StartOn": "1",
                          "AlwaysOn": "1",
                          "IsScene": "0",
                          "TheBody": "1",
                          "Overlay": "No",
                          "setXalign": "0.0",
                          "setYalign": "0.20",
                          "Images":[
                          {
                              "Name":"Base",
                              "File": "../Mods/FutaDOM/Images/BlueImpF.png",
                              "setXalign": "0.0",
                              "setYalign": "0.0"
                          }
                        ]
                      }
					  ]
}
