{
    "name": "Mika",
    "IDname": "FutaMika",
    "species": "Beast",
    "gender": "female",
    "description": "A dark skinned cat girl with wild shoulder length black hair and fluffy cat ears. Her face is accented by several pointed tattoos, drawing attention to her strikingly bright yellow eyes with vertical black slits. She's wearing no clothing, showing off her ample C cup breasts, toned midriff, and her incredibly eye-catching ass that jiggles with even the slightest movement. Her long cat tail is perpetually swishing side to side in a playful manner, even when standing still. This time she has a cock",
    "encyclopedia": "",
    "tags": "none",
    "generic": "False",
    "requires": [ ""],
    "skillList": [ "Dark Stroking", "Seductive Grind", "Pillory Capture Pre", "Pillory Insert - Anal", "Heavy Pounding", "Feral Pounding", "Feral Pounding", "Feral Pounding", "Skilled Pounding", "Pillory Insert - Oral",  "Forced Deepthroat", "Asphyxiating Thrust", "Asphyxiating Thrust", "Asphyxiating Thrust"],
    "perks": [ "Sex Adverse", "Swift", "Futanari", "Black Cock"],
    "stats": { "lvl": "24",
              "Exp": "75",
              "max_hp": "100",
              "max_ep": "50",
              "max_sp": "3",
              "Power": "20",
              "Technique": "43",
              "Intelligence": "17",
              "Allure": "32",
              "Willpower": "25",
              "Luck": "29"
    },
    "Fetishes": [ "Sex|/|50"],
    "BodySensitivity": { "Sex": "100",
              "Ass": "5",
              "Breasts": "80",
              "Mouth": "60",
              "Seduction": "90",
              "Magic": "100",
              "Pain": "0",
              "Holy": "110",
              "Unholy": "0"
    },
    "resistancesStatusEffects": {
              "Stun": "50",
              "Charm": "50",
              "Aphrodisiac": "50",
              "Restraints": "80",
              "Sleep": "50",
              "Trance": "50",
              "Paralysis": "50"
    },
    "moneyDropped": "200",
    "ItemDropList": [
                      {
                        "name": "Anaph Herb",
                        "dropChance": "75"
                      },
                      {
                        "name": "Wind Rune",
                        "dropChance": "20"
                      },
                      {
                        "name": "Cat Rune",
                        "dropChance": "20"
                      }
                    ],
    "lossScenes": [
                    {
                        "NameOfScene": "MikaFutaScene1",
                        "move": "",
                        "stance": "Anal - Futa",
                        "includes": [ "FutaMika"],
                        "theScene": [ "JumpToLossEvent", "FutaMikaLoss1"
                                  ],
                        "picture": ""
                    },
                    {
                        "NameOfScene": "MikaFutaScene2",
                        "move": "",
                        "stance": "Irrumatio",
                        "includes": [ "FutaMika"],
                        "theScene": [ "JumpToLossEvent", "FutaMikaLoss2"
                                  ],
                        "picture": ""
                    },
                    {
                        "NameOfScene": "MikaFutaScene3",
                        "move": "",
                        "stance": "",
                        "includes": [ "FutaMika"],
                        "theScene": [ "JumpToLossEvent", "FutaMikaLoss2"
                                  ],
                        "picture": ""
                    }
                  ],
    "combatDialogue": [
                        {
                            "lineTrigger": "SetMusicTo",
                            "move": "",
                            "theText": [ "music/Battle/Shiva_Dance.mp3"]
                        },

                        {
                          "lineTrigger": "StartOfCombat",
                          "move": "",
                          "theText": [ "|f|CallCombatEventAndScene|/|FutaMikasCombatEvents|/|Intro|n|"]
                        },


                        
                            {
                                "lineTrigger":"AutoCounter",
                                "move": "Penetrate",
                                "theText": ["|f|CallCombatEventAndScene|/|FutaMikasCombatEvents|/|No Penetrate|n|"]
                            },
                            {
                                "lineTrigger":"AutoCounter",
                                "move": "Anal Penetration",
                                "theText": ["|f|CallCombatEventAndScene|/|FutaMikasCombatEvents|/|No Anal|n|"]
                            },
                            {
                                "lineTrigger":"AutoCounter",
                                "move": "Make Out",
                                "theText": ["|f|CallCombatEventAndScene|/|FutaMikasCombatEvents|/|No Making Out|n|"]
                            },
                            {
                                "lineTrigger":"AutoCounter",
                                "move": ["Finger", "Dildo"],
                                "theText": ["|f|CallCombatEventAndScene|/|FutaMikasCombatEvents|/|Fingering|n|"]
                            },
                            {
                                "lineTrigger":"AutoCounter",
                                "move": ["Pussy Worship", "Ass Worship", "Bury Face"],
                                "theText": ["|f|CallCombatEventAndScene|/|FutaMikasCombatEvents|/|Cock and Ball Worship|n|"]
                                
                            },
                        {
                            "lineTrigger": "HitWith",
                            "move": "Spank",
                            "theText": [ "|f|ChangeImageLayer|/|Expression|/|Smug|n|'Mhmhm, wanted to watch my ass bounce? I can't blame you.'",
                                        "|f|ChangeImageLayer|/|Expression|/|Amused|n|'Oh? Was that supposed to hurt, or do you just like watching my ass jiggle?'",
                                        "|f|ChangeImageLayer|/|Expression|/|Smile|n|'Go on nya, spank me again, just be sure to watch it jiggle.♥",
                                        "|f|ChangeImageLayer|/|Expression|/|Smile|n|'Mmmm,♥ feel free to keep doing that.'"
                                        ]
                        },
                        {
                            "lineTrigger": "HitWith",
                            "move": "Whip",
                            "theText": [ "|f|ChangeImageLayer|/|Expression|/|Angry|n|'Okay, you're taking 'punish' a bit too literally.'",
                                        "|f|ChangeImageLayer|/|Expression|/|Angry|n|'Nya?! Hey hey, knock it off!'",
                                        "|f|ChangeImageLayer|/|Expression|/|Angry|n|'Can you fuck off with that?! If you want to get rough, spank my ass!'"
                                        ]
                        },
                        {
                          "lineTrigger": "HitWith",
                          "move": "Demon Layer",
                          "theText": [ "|f|ChangeImageLayer|/|Expression|/|Submissive|n|'Mmmm...♥ Well that's a lot more fun than a normal whip...'",
                                      "|f|ChangeImageLayer|/|Expression|/|Shock|n|'N-Nya!?♥'",
                                      "|f|ChangeImageLayer|/|Expression|/|Shock|n|'N-Nya!?♥'",
                                      "|f|ChangeImageLayer|/|Expression|/|Shock|n|'N-Nya!?♥'",
                                      "|f|ChangeImageLayer|/|Expression|/|Beg|n|'A-Ah,♥ hey, can you tone down the 'punishment' a little?'",
                                      "|f|ChangeImageLayer|/|Expression|/|Angry|n|'D-Don't think you can tame me or something with that!'",
                                      "|f|ChangeImageLayer|/|Expression|/|Lewd|n|'Ohhh...♥ Th-That made my head blank out for a second...♥ Nyaaaa...♥♥♥'"]
                        },
                        {
                          "lineTrigger": "HitWith",
                          "move": "Holy Headpat",
                          "theText": [ "|f|ChangeImageLayer|/|Expression|/|Angry|n|'Hey, what the {b}{i}fuck!{/i}{/b}'|f|CallCombatEventAndScene|/|PlayerCombatEvents|/|Enraged|n|",
                                    "|f|ChangeImageLayer|/|Expression|/|Angry|n|'I did not say you could {b}{i}fucking{/i}{/b} touch my ears!'|f|CallCombatEventAndScene|/|PlayerCombatEvents|/|Enraged|n|"  ]
                        },
                        {
                          "lineTrigger": "HitWith",
                          "move": ["Bondage Net", "Magical Binding"],
                          "theText": [ "|f|ChangeImageLayer|/|Expression|/|Flustered|n|'H-Hehe, more of a rope guy than a stockade guy?'",
                                     "|f|ChangeImageLayer|/|Expression|/|Beg|n|'Nya?! Uhh... Could you please let me go n-nya?'",
                                     "|f|ChangeImageLayer|/|Expression|/|NyaNya|n|'Going to punish my ass now, nya?'",
                                     "|f|ChangeImageLayer|/|Expression|/|NyaNya|n|'S-So what are you planning to do with me nya? Going to fuck my tight ass?'",
                                     "|f|ChangeImageLayer|/|Expression|/|Beg|n|'Nya?! Uhh... Could you please let me go n-nya?'"]
                        },
                        {
                            "lineTrigger": "HitWith",
                            "move": "Pin",
                            "theText": [ "|f|ChangeImageLayer|/|Expression|/|NyaNya|n|'Nya?! Uhh... Could you please let me go n-nya?'",
                                        "|f|ChangeImageLayer|/|Expression|/|NyaNya|n|'Going to punish my ass now, nya?'",
                                        "|f|ChangeImageLayer|/|Expression|/|Beg|n|'S-So what are you planning to do with me nya? Going to fuck my tight ass?'"
                                        ]
                        },
                        {
                          "lineTrigger": "HitWith",
                          "move": "Lewd Bottle",
                          "theText": [ "|f|ChangeImageLayer|/|Expression|/|Shock|n|'Nya?!'",
                                     "|f|ChangeImageLayer|/|Expression|/|Angry|n|'Did you seriously just!-'|f|ChangeImageLayer|/|Expression|/|Submissive|n|'Oh, that was an aphrodisiac...'",
                                     "|f|ChangeImageLayer|/|Expression|/|Submissive|n|'D-Damn it... Now I just want to fuck...♥'"]
                        },
                        {
                          "lineTrigger": "HitWith",
                          "move": ["Cloying Mist", "Placebo Pheromone"],
                          "theText": [ "|f|ChangeImageLayer|/|Expression|/|Shock|n|'Nya?!'",
                                     "|f|ChangeImageLayer|/|Expression|/|Submissive|n|'D-Damn it... Now I just want to fuck...♥'"]
                        },
                        {
                            "lineTrigger": "HitWith",
                            "move": ["Grope Ass", "Squeeze Ass", "Massage Ass", "Fondle Ass"],
                            "theText": [ "|f|ChangeImageLayer|/|Expression|/|Beg|n|'Prrrrrr♥'",
                                        "|f|ChangeImageLayer|/|Expression|/|Smile|n|'Nya...♥ Don't stop.♥'",
                                        "|f|ChangeImageLayer|/|Expression|/|Smug|n|'Mmm, feel up my ass to your heart's content.♥'",
                                        "|f|ChangeImageLayer|/|Expression|/|Nya|n|'Your hands just sink into me nya!♥'",
                                        "|f|ChangeImageLayer|/|Expression|/|Smile|n|'Grope my ass as much as you want.♥'",
                                        "|f|ChangeImageLayer|/|Expression|/|Smile|n|'Mmmmmm.♥'"
                                        ]
                        },
                        {
                            "lineTrigger": "HitWith",
                            "move": "Breast Caress",
                            "theText": [ "|f|ChangeImageLayer|/|Expression|/|Smug|n|'A breast guy huh? I bet I can make you an ass man.♥'",
                                        "|f|ChangeImageLayer|/|Expression|/|Beg|n|'Prrrrrr♥'",
                                        "|f|ChangeImageLayer|/|Expression|/|Beg|n|'Wouldn't you rather feel up my ass?'",
                                        "|f|ChangeImageLayer|/|Expression|/|Beg|n|'My ass is better, I promise.♥'",
                                        "|f|ChangeImageLayer|/|Expression|/|Smile|n|'Mmmmmm.♥'"
                                        ]
                        },
                        {
                          "lineTrigger": "HitWith",
                          "move": ["Breast Knead", "Breast Massage", "Breast Fondle"],
                          "theText": [ "|f|ChangeImageLayer|/|Expression|/|Smug|n|'A breast guy huh? I bet I can make you an ass man.♥'",
                                      "|f|ChangeImageLayer|/|Expression|/|Beg|n|'Prrrrrr♥♥♥'",
                                      "|f|ChangeImageLayer|/|Expression|/|Beg|n|'Wouldn't you rather feel up my ass?'",
                                      "|f|ChangeImageLayer|/|Expression|/|Beg|n|'My ass is better, I promise.♥'",
                                      "|f|ChangeImageLayer|/|Expression|/|Submissive|n|'Mmmmmm.♥ You're pretty good with your hands nya.♥'"]
                        },
                        {
                          "lineTrigger": "HitWith",
                          "move": "Suckle",
                          "theText": [ "|f|ChangeImageLayer|/|Expression|/|Confused|n|'Nya?!♥ Ah... Well this isn't really my specialty, but I guess...'",
                                      "|f|ChangeImageLayer|/|Expression|/|Beg|n|'Prrrrrr♥♥♥'",
                                      "|f|ChangeImageLayer|/|Expression|/|Base|n|'Mmmmmm.♥'",
                                      "|f|ChangeImageLayer|/|Expression|/|Amused|n|'Hehe, having fun?♥'"]
                        },
                        {
                            "lineTrigger": "HitWith",
                            "move": "Pinch Nipples",
                            "theText": [ "|f|ChangeImageLayer|/|Expression|/|Angry|n|'NYAAA?!... You're going to regret that.'",
                                        "|f|ChangeImageLayer|/|Expression|/|Angry|n|'AH?! OWW! Rude!'",
                                        "|f|ChangeImageLayer|/|Expression|/|Angry|n|'MROAW!?'",
                                        "|f|ChangeImageLayer|/|Expression|/|Angry|n|'If you want to get rough, spank my ass! Leave my nipples alone.'"
                                        ]
                        },
                        {
                          "lineTrigger": "HitWith",
                          "move": "Finger",
                          "theText": [ "|f|ChangeImageLayer|/|Expression|/|Submissive|n|'Prrrrrr♥♥♥'",
                                      "|f|ChangeImageLayer|/|Expression|/|Submissive|n|'Mmmmmm.♥'",
                                      "|f|ChangeImageLayer|/|Expression|/|Base|n|'You're not thinking of putting it in there, are you?'"]
                        },
                        {
                          "lineTrigger": "HitWith",
                          "move": "Dildo",
                          "theText": [ "|f|ChangeImageLayer|/|Expression|/|Smile|n|'Mmmmnnn.♥'",
                                      "|f|ChangeImageLayer|/|Expression|/|Base|n|'It's just not the same as the real thing... Ah, but you should really fuck my ass.♥'",
                                      "|f|ChangeImageLayer|/|Expression|/|Submissive|n|'Damn it... Now I really want to fuck...♥'"]
                        },
                        {
                            "lineTrigger": "HitWith",
                            "move": ["Kiss", "Make Out"],
                            "theText": [ "|f|ChangeImageLayer|/|Expression|/|Smile|n|'Well aren't you sweet.♥'",
                                        "|f|ChangeImageLayer|/|Expression|/|Smile|n|'You're quite romantic nya.♥'",
                                        "|f|ChangeImageLayer|/|Expression|/|Submissive|n|'Mmmmmm.♥'",
                                        "|f|ChangeImageLayer|/|Expression|/|Submissive|n|'Prrrrrr♥♥♥'"
                                        ]
                        },
                        {
                            "lineTrigger": "HitWith",
                            "move": ["Deep Kiss", "Lovingly Rough Kiss", "Skillfully Passionate Kiss", "Misty Kiss", "Sensually Seductive Kiss"],
                            "theText": [ "|f|ChangeImageLayer|/|Expression|/|Smile|n|'Nya, are you trying to get me kiss drunk?♥'",
                                        "|f|ChangeImageLayer|/|Expression|/|Smile|n|'You're a pretty good kisser nya.♥'",
                                        "|f|ChangeImageLayer|/|Expression|/|Smile|n|'You should grope my ass while we kiss, nya.♥'",
                                        "|f|ChangeImageLayer|/|Expression|/|Submissive|n|'Mmmmmm.♥'",
                                        "|f|ChangeImageLayer|/|Expression|/|Submissive|n|'Prrrrrr♥♥♥'"
                                        ]
                        },
                        {
                            "lineTrigger": "HitWith",
                            "move": ["Arouse", "Arousara", "Arousero"],
                            "theText": [ "|f|ChangeImageLayer|/|Expression|/|Submissive|n|'I feel so warm...'",
                                        "|f|ChangeImageLayer|/|Expression|/|Submissive|n|'Ohhhh...♥ Magic feels pretty nice nya...♥'",
                                        "|f|ChangeImageLayer|/|Expression|/|Submissive|n|'Nyaaa...♥ I can't think straight...♥'",
                                        "|f|ChangeImageLayer|/|Expression|/|Submissive|n|'Mmmmmm.♥'",
                                        "|f|ChangeImageLayer|/|Expression|/|Submissive|n|'Prrrrrr♥♥♥'"
                                        ]
                        },
                        {
                            "lineTrigger": "HitWith",
                            "move": "Electrify",
                            "theText": [ "|f|ChangeImageLayer|/|Expression|/|Angry|n|'NYAAA?! Don't you dare do that again!'",
                                        "|f|ChangeImageLayer|/|Expression|/|Angry|n|'MROAW!? Y-You asshole!'",
                                        "|f|ChangeImageLayer|/|Expression|/|Angry|n|'Can you fuck off with that?! If you want to get rough, spank my ass!'"
                                        ]
                        },
                        {
                            "lineTrigger": "HitWith",
                            "move": ["Seduce", "Enamor", "Smoldering Seduction", "Smoldering Flaunt", "Massaging Seduction", "Mass Seduction"],
                            "theText": [ "|f|ChangeImageLayer|/|Expression|/|Smile|n|'Well, aren't you a flirt. Nya.'",
                                        "|f|ChangeImageLayer|/|Expression|/|Smile|n|'Hmmmmm.♥'",
                                        "|f|ChangeImageLayer|/|Expression|/|Smile|n|'You're getting me all hot and bothered nya.♥'",
                                        "|f|ChangeImageLayer|/|Expression|/|Smile|n|'You're a sweet talker, aren't you nya?♥'",
                                        "|f|ChangeImageLayer|/|Expression|/|Smile|n|'You can grope my butt all you want handsome, I won't get mad, nya.♥'"
                                        ]
                        },
                        {
                            "lineTrigger": "HitWith",
                            "move": "Ear Tease",
                            "theText": [ "|f|ChangeImageLayer|/|Expression|/|Beg|n|'Meeeowwwww♥♥♥'",
                                        "|f|ChangeImageLayer|/|Expression|/|Beg|n|'Mmmmmm.♥'",
                                        "|f|ChangeImageLayer|/|Expression|/|Beg|n|'Prrrrrr♥♥♥'",
                                        "|f|ChangeImageLayer|/|Expression|/|Submissive|n|'Ny-Nya...♥ C-Can you leave my ears alone?'"
                                        ]
                        },
                        {
                            "lineTrigger": "HitWith",
                            "move": ["Charm", "Charm Wave"],
                            "theText": [ "|f|ChangeImageLayer|/|Expression|/|Lewd|n|She invitingly spreads her pussy. 'Nya!♥ Please breed me!♥'",
                                        "|f|ChangeImageLayer|/|Expression|/|Horny|n|'Fuck me!♥'",
                                        "|f|ChangeImageLayer|/|Expression|/|Horny|n|'I'm going to ride you so hard.♥'",
                                        "|f|ChangeImageLayer|/|Expression|/|Shock|n|'D-Did I just go into heat?!'"
                                        ]
                        },
                        {
                          "lineTrigger": "HitWith",
                          "move": ["Enfeeble", "Sensitize"],
                          "theText": [ "|f|ChangeImageLayer|/|Expression|/|Submissive|n|'I- Uh- Can we call a time out?'",
                                      "|f|ChangeImageLayer|/|Expression|/|Submissive|n|'Oh- Well, that's just not fair.'",
                                      "|f|ChangeImageLayer|/|Expression|/|Shock|n|'Nya?!'"]
                        },
                        {
                          "lineTrigger": "HitWith",
                          "move": ["Disarming Appeal"],
                          "theText": [ "|f|ChangeImageLayer|/|Expression|/|Nya|n|'Well you are pretty handsome, nya.♥'",
                                      "|f|ChangeImageLayer|/|Expression|/|Nya|n|'Aw, well, just focus on my ass for a bit and you'll feel better.'",
                                      "|f|ChangeImageLayer|/|Expression|/|Nya|n|'Oh, am I overwhelming you a bit too much, nya?'"]
                        },
                        {
                          "lineTrigger": "HitWith",
                          "move": "Sleep",
                          "theText": [ "|f|ChangeImageLayer|/|Expression|/|Sleepy|n|'Prrrr... M-Maybe a quick nap...'"
                                      ]
                        },
                        {
                          "lineTrigger": "HitWith",
                          "move": "Analyze",
                          "theText": [ "|f|ChangeImageLayer|/|Expression|/|Smug|n|Stroking her cock, she gives you an eyefull of her weighty balls 'You know you want it nya♥'",
                                      "|f|ChangeImageLayer|/|Expression|/|Lewd|n|Licking her lips, she looks back at you as if you were prey"]
                        },

                        {
                            "lineTrigger": "UsesMove",
                            "move":"Eros Claw",
                            "theText":[
                            "|f|ChangeImageLayer|/|Expression|/|Cocky|n|'Hora hora♥ Take this!'",
                            "|f|ChangeImageLayer|/|Expression|/|Cocky|n|'Just hold still!'",
                            "|f|ChangeImageLayer|/|Expression|/|Lewd|n|'I can't wait to fuck you~♥'",
                            "|f|ChangeImageLayer|/|Expression|/|Lewd|n|'Come on~ I can't take it anymore~♥'",
                            "|f|ChangeImageLayer|/|Expression|/|NyaSmug|n|'I'll make you take it no matter what!'"
                            ]
                        },
                        {
                            "lineTrigger": "UsesMove",
                            "move": "Dark Stroking",
                            "theText":[
                                "|f|ChangeImageLayer|/|Expression|/|Cocky|n|'See something you like nya~♥?'",
                                "|f|ChangeImageLayer|/|Expression|/|Smug|n|'Mmmmn, my eyes are up here [ThePlayerName]♥'",
                                "|f|ChangeImageLayer|/|Expression|/|Smug|n|'You're such a natural slut~♥'",
                                "|f|ChangeImageLayer|/|Expression|/|Cocky|n|'Don't worry, even though mines bigger, I think yours is cute~♥'"
                            ]
                        },
                        {
                            "lineTrigger":"UsesMove",
                            "move": "Seductive Grind",
                            "theText":[
                                "|f|ChangeImageLayer|/|Expression|/|Lewd|n|'Come on, you know you want this~♥'",
                                "|f|ChangeImageLayer|/|Expression|/|Cocky|n|'Just a little bit~♥ I promise you'll love it♥'",
                                "|f|ChangeImageLayer|/|Expression|/|NyaSmug|n|'I can practically smell how much you want me♥'",
                                "|f|ChangeImageLayer|/|Expression|/|NyaSmug|n|'I can smell how much of a bitch you are♥ Just give in~♥'",
                                "|f|ChangeImageLayer|/|Expression|/|Cocky|n|Get on your knees now and I'll let you set the pace~♥",
                                "|f|ChangeImageLayer|/|Expression|/|Lewd|n|'I'll have you crying my name while you take every'|n|'Single'|n|'{b}Inch♥{/b}.'"
                            ]
                        },
                        {
                            "lineTrigger": "UsesMove",
                            "move": "Pillory Capture Pre",
                            "theText": [
                                "|f|ChangeImageLayer|/|Expression|/|NyaSmug|n|'Take this~♥'",
                                "|f|ChangeImageLayer|/|Expression|/|Mocking|n|'Watch where you step~♥'"
                            ]
                        },
                        {
                            "lineTrigger": "UsesMove",
                            "move": "Pillory Insert - Anal",
                            "theText": 
                            [
                                "|f|ChangeImageLayer|/|Expression|/|Lewd|n|'Now it's my turn to fuck you~♥'",
                                "|f|ChangeImageLayer|/|Expression|/|Mocking|n|'I really love the irony here~♥'",
                                "|f|ChangeImageLayer|/|Expression|/|Lewd|n|'I've always wanted to be on the other side of this.'"
                            ]
                        },
                        {
                            "lineTrigger": "UsesMove",
                            "move": "Pillory Insert - Oral",
                            "theText": [
                                "|f|ChangeImageLayer|/|Expression|/|Mocking|n|'Mhhmhm~♥ Cat got your tongue?'",
                                "|f|ChangeImageLayer|/|Expression|/|NyaSmug|n|'That's it, take it deep...'",
                                "|f|ChangeImageLayer|/|Expression|/|Smug|n|'Wow, if I didn't know better I'd think you wanted this~♥'"
                            ]
                        },
                        {
                            "lineTrigger": "UsesMove",
                            "move": "Forced Deepthroat",
                            "theText": [
                                "|f|ChangeImageLayer|/|Expression|/|Lewd|n|'Mmmmmm, so deep~ no wonder guys like this so much~♥'",
                                "|f|ChangeImageLayer|/|Expression|/|NyaSmug|n|'That's it, don't forget to lick my balls~♥'",
                                "|f|ChangeImageLayer|/|Expression|/|Smug|n|'Nyahaha, are you crying?'"
                            ]
                        },
                        {
                            "lineTrigger":"UsesMove",
                            "move": "Asphyxiating Thrust",
                            "theText":[
                                "|f|ChangeImageLayer|/|Expression|/|Lewd|n|'Nnnnyaaaa~ Sooo tight~♥'",
                                "|f|ChangeImageLayer|/|Expression|/|NyaSmug|n|'Mmmh, just a bit more, your choking feels so good~♥'",
                                "|f|ChangeImageLayer|/|Expression|/|Smug|n|'You look really cute like this~ I think I might be becoming a sadist~♥'"
                            ]
                        },
                        {
                            "lineTrigger": "UsesMove",
                            "move": "Heavy Pounding",
                            "theText": [
                                "|f|ChangeImageLayer|/|Expression|/|Lewd|n|'Nya~ That's it, take it all~♥'",
                                "|f|ChangeImageLayer|/|Expression|/|Lewd|n|'I'm going to fuck you senseless~♥'",
                                "|f|ChangeImageLayer|/|Expression|/|Lewd|n|'Your ass is so tight~ I'm never going to stop fucking you~♥'"
                            ]
                        },
                        {
                            "lineTrigger": "UsesMove",
                            "move": "Skilled Pounding",
                            "theText": 
                            [
                                "|f|ChangeImageLayer|/|Expression|/|Lewd|n|'Take every inch nya~!'",
                                "|f|ChangeImageLayer|/|Expression|/|Cocky|n|'I'm going to fuck you senseless~♥'",
                                "|f|ChangeImageLayer|/|Expression|/|Amused|n|'I love how your hips jump everytime I thrust~♥'"
                            ]
                        },
                        {
                            "lineTrigger":"UsesMove",
                            "move": "Feral Pounding",
                            "theText":[
                                "|f|ChangeImageLayer|/|Expression|/|Lewd|n|'Nyaaaa♥ just stay right there and take it!'",
                                "|f|ChangeImageLayer|/|Expression|/|Smug|n|'Mmmmhm, I think I found a new hobby♥'",
                                "|f|ChangeImageLayer|/|Expression|/|Lewd|n|'Haaah, so tight... that's it, take every inch~♥'",
                                "|f|ChangeImageLayer|/|Expression|/|Smug|n|'Mmmnn, asses are great no matter what side you're on huh~♥?'"
                            ]
                        },
                        {
                            "lineTrigger": "LowHealth",
                            "move": "",
                            "theText": [ "|f|ChangeImageLayer|/|Expression|/|Submissive|n|N-Nyaa♥... Ghk- I-I can't believe you're getting to me...'",
                                        "|f|ChangeImageLayer|/|Expression|/|Submissive|n|'I-I think I underestimated your skills...'",
                                        "|f|ChangeImageLayer|/|Expression|/|Lewded|n|'D-Damn it... I can't stop thinking about mating with you..."]
                        },
                        {
                            "lineTrigger": "PlayerLowHealth",
                            "move": "",
                            "theText": [ "|f|ChangeImageLayer|/|Expression|/|Smug|n|'Hehe, are you sure you should be getting off to this?♪'",
                                        "|f|ChangeImageLayer|/|Expression|/|Smug|n|'Your cock is throbbing so much.♪ Ready to give up?♪",
                                        "|f|ChangeImageLayer|/|Expression|/|Smug|n|'You can't resist much more.♪"]
                        },  
                              {
                                "lineTrigger": "OnPlayerOrgasm",
                                "move": ["Asphyxiating Thrust", "Forced Deepthroat"],
                                "theText":[
                                    "|f|ChangeImageLayer|/|Expression|/|Smug|n|The lack of air and taste of her cock makes your body thrum in pleasure every time Mika thrusts down your throat, a hand holds your hair in place as she picks up the pace until suddenly your vision goes white, you realize you came without even touching yourself and blush. |n|Mika gives you a smug look and keeps fucking your face in a steady rhythm while looking you in the eyes.",
                                    "|f|ChangeImageLayer|/|Expression|/|Smug|n|Mika keeps slamming her throbbing cock down your throat, the lack of air and total dominance fills you with a submissive pleasure that you've never felt until now, with a shudder you find yourself cumming all over the floor. |n|Mika looks smug as she sees you come undone, and keeps fucking your face with a sloppy sound!"
                                ]
                              },
                              {
                                "lineTrigger": "OnPlayerOrgasm",
                                "move": ["Heavy Pounding", "Feral Pounding", "Skilled Pounding"],
                                "theText":[
                                    "|f|ChangeImageLayer|/|Expression|/|Lewd|n|'That's it nya~ Keep tightening down!' Mika aggressively pumps her cock in and out of your tight ass without any mercy battering your prostate, a stream of moans are forced out of your lips and before you realize it you're covering the floor with your cum.",
                                    "|f|ChangeImageLayer|/|Expression|/|Cocky|n|Moaning incoherently from getting your prostate pounded, your back arches, and you tighten down on Mika causing her to moan in your ear while you cum all over the floor."
                                ]
                              },
                              {
                                "lineTrigger": "OnPlayerOrgasm",
                                "move": "Eros Claw",
                                "theText":[
                                    "|f|ChangeImageLayer|/|Expression|/|Smug|n|A sudden strike by her claws makes your body shudder, with a girlish gasp you cum all over the floor!"
                                ]
                              },
                        {
                            "lineTrigger": "OnPlayerOrgasm",
                            "move": "",
                            "theText": [ "|f|ChangeImageLayer|/|Expression|/|Smug|n|The pleasure in your groin becomes unbearable and you blow your load for the lewd cat girl. 'You're not tired yet are you? I still wanna fill your ass.♥'"

                                      ]
                        },
                        {
                            "lineTrigger": "OnOrgasm",
                            "move": "",
                            "theText": [ "|f|ChangeImageLayer|/|Expression|/|Lewded|n|'Ohnono!♥ I'm c-cumming!♥ N-NYAAA!♥'",
                                       "|f|ChangeImageLayer|/|Expression|/|Lewd|n|'I-I can- can't- NYAAAHHHH♥!",
                                       "|f|ChangeImageLayer|/|Expression|/|Lewded|n|'Y-You're q-quite the st-stud! Ah?!♥ AHHHH!!!♥'"
                                      ]
                        },
                        {
                            "lineTrigger":"OnOrgasm",
                            "move": "Anal - Futa",
                            "theText": ["|f|CallCombatEventAndScene|/|FutaMikasCombatEvents|/|FutaCum1|n|"]
                        },
                        {
                            "lineTrigger":"OnOrgasm",
                            "move": "Irrumatio",
                            "theText": ["|f|CallCombatEventAndScene|/|FutaMikasCombatEvents|/|FutaCum2|n|"]
                        },
                        {
                            "lineTrigger": "OnSurrender",
                            "move": "",
                            "theText": [ "|f|ChangeImageLayer|/|Expression|/|Amused|n|'I'm going to play with you until your ass can't take any more.♪'",
                                      "|f|ChangeImageLayer|/|Expression|/|Smug|n|'After I'm done with you, you're going to be hooked on my cock.♪'",
                                      "|f|ChangeImageLayer|/|Expression|/|Amused|n|'I suppose I can {i}punish you{/i} for giving up.'"]
                        },
                        {
                            "lineTrigger": "StanceStruggle",
                            "move": "Anal - Futa",
                            "theText":[
                                "[ThePlayerName] tries to crawl away from [AttackerName]'s merciless thrusts..."
                            ]
                        },
                        {
                            "lineTrigger":"StanceStruggleFail",
                            "move": "Anal - Futa",
                            "theText":[
                                "But as you try to pull yourself away, she pins you down with her upper body her large breasts pushing against your back. |n|Nuzzling into [ThePlayerName]'s, neck she fucks you harder then before, making your vision go white from pleasure.",
                                "But with surprising force, [AttackerName] slams her hips forwards making your ass jiggle, with a loud laugh [AttackerName]'s hand comes down on [ThePlayerName]'s ass making them tighten up on their cock!",
                                "But as you pull yourself away, she easily pulls you back and picks up the pace, making your arms give out from the sheer pleasure."
                            ]
                        },
                        {
                            "lineTrigger": "StanceStruggleComment",
                            "move": "Anal - Futa",
                            "theText":[
                                "|f|ChangeImageLayer|/|Expression|/|Cocky|n|'Why are you even trying, you clearly like being a bottom~♥'",
                                "|f|ChangeImageLayer|/|Expression|/|NyaSmug|n|'What's wrong? Does it feel too good? Cum all you want, I don't mind, nya!♥'",
                                "|f|ChangeImageLayer|/|Expression|/|Smug|n|'Oh, you're not getting away from me that easily.♥'",
                                "|f|ChangeImageLayer|/|Expression|/|Lewd|n|'Come on! Take it!♥'",
                                "|f|ChangeImageLayer|/|Expression|/|Lewd|n|'Let your desires run wild!♥'"
                            ]
                        },
                        {
                            "lineTrigger": "StanceStruggleFree",
                            "move": "Anal - Futa",
                            "theText":[
                                "And manage to pull [AttackerName]'s large cock from your ass with a lewd {i}pop{/i}"
                            ]
                        },
                        {
                            "lineTrigger": "StanceStruggleFreeComment",
                            "move":"Anal - Futa",
                            "theText":[
                                "|f|ChangeImageLayer|/|Expression|/|NyaSmug|n|'What's wrong, you're not fooling anyone,♥ nya!♥'",
                                      "|f|ChangeImageLayer|/|Expression|/|Smug|n|'I can tell you want more.♥'",
                                      "|f|ChangeImageLayer|/|Expression|/|Amused|n|'Was that too much for you?'",
                                      "|f|ChangeImageLayer|/|Expression|/|Smug|n|'I'll catch you again soon.♥'"
                            ]
                        },
                        {
                            "lineTrigger": "StanceStruggle",
                            "move": "Irrumatio",
                            "theText":[
                                "[ThePlayerName] pushes on [AttackerName]'s thick thighs to try and escape..."
                            ]
                        },
                        {
                            "lineTrigger":"StanceStruggleFail",
                            "move": "Irrumatio",
                            "theText":[
                                "But [AttackerName] keeps your head in place with surprising strength as she fucks your face with increasing intensity...",
                                "But [AttackerName] hunches over and fucks your face keeping it in place, her musk makes you dizzy and you feel yourself sucking unconsciously...",
                                "But as you push her away, her tail wraps around your neck and pulls you back towards her, easily letting her bury her cock back down your throat again!",
                                "But as the lack of air catches up to you, you find yourself groping her pliant ass as you submissively suck her dark cock!"
                            ]
                        },
                        {
                            "lineTrigger":"StanceStruggleComment",
                            "move": "Irrumatio",
                            "theText":[
                                "'Prrrrr♥, just keep sucking like a good boy~♥'",
                                "'Nyaa♥ Maybe I should buy you a collar, you'd look cute with a leash I bet!♥'",
                                "'Nyahaha♥ You clearly love the taste, come on♥ Take it!'"
                            ]
                        },
                        {
                            "lineTrigger": "StanceStruggleFree",
                            "move": "Irrumatio",
                            "theText":[
                                "And manage to pull [AttackerName]'s dark cock out of your mouth with a lewd slurping sound..."
                            ]
                        },
                        {
                            "lineTrigger": "StanceStruggleFreeComment",
                            "move":"Irrumatio",
                            "theText":[
                                "|f|ChangeImageLayer|/|Expression|/|NyaSmug|n|'Oh, you're not getting away from me that easily.♥'",
                                      "|f|ChangeImageLayer|/|Expression|/|Smug|n|'I can tell you want more.♥'",
                                      "|f|ChangeImageLayer|/|Expression|/|Amused|n|'Was that too much for you?'",
                                      "|f|ChangeImageLayer|/|Expression|/|Smug|n|'I'll catch you again soon.♥'"
                            ]
                        }
                      ],
  "victoryScenes": [
              {
                  "NameOfScene": "Mika Defeated Anal",
                  "move": "",
                  "stance": "Anal",
                  "includes": [ "Mika"],
                  "theScene": [ "GetEventAndIfChoice", "MikasCombatEvents", "7", "LostInReversal", "EndTheVictoryEvent",
                              "ChangeImageLayer", "Expression","1", "Lewded", "ChangeImageLayer", "Base","1", "Blush", "ChangeImageLayer", "BodyPart","1", "Hand",
                                "Speaks",
                                "D-Did I just cum from my ass?",
                                "Mika seems rather dazed and out of it as you continue to pound her voluptuous rear, your cock aching for release now that you've won, her tightly squeezing orifice clinging to your throbbing manhood.",
                                "ChangeImageLayer", "Expression","1", "Horny",
                                "Speaks",
                                "Fuuuuccckkkkk...♥ Don't stop!♥",
                                "She looks back at you with intense desire filled eyes, and you oblige, groping her plump ass as you pound her rear senseless, leaving Mika mewling in blissful pleasure.",
                                "ChangeImageLayer", "Expression","1", "Lewded",
                                "Speaks",
                                "Mmmmm!♥ You wouldn't believe, Ahhh!♥ How hard it is for me to cum like this!",
                                "As you roughly fuck Mika's tight rear you can tell she's starting to get a second wind, clearly you need to switch it up or you're going to have to fight her all over again!",
                                "She lets out a surprised meow as you sweep your arms under her thighs and lift her into the air, leaving her legs hanging in an M shape as you pound her curvy ass from below, bouncing her on your rigid cock.",
                                "Speaks",
                                "Wh- H-Hold on this is a bit humiliatin-Ohhhhh♥ yes!♥♥♥ You're hitting so deep!♥ keep going!♥",
                                "ChangeImageLayer", "Base","1", "BlushSweat",
                                "She lets out a shivering sigh and lifts her arms to reach back and wrap them around your neck as you fuck her squeezing and spasming rear, your aching manhood throbbing with need from every thrust.",
                                "ChangeImageLayer", "Expression","1", "Lewd",
                                "Mika's clearly losing herself in the moment, moaning like a whore as you pound her bountiful ass, each impact cushioned by her plump rear in soft pillowy perfection.",
                                "Your balls are twitching and aching as you try to endure her tight rear as you bring her ever-closer to another climax, her body twitching with shocks of pleasure.",
                                "Speaks",
                                "I-I'm right on the edge!♥ Ohhhh!♥ Come on fill me with your cum!♥♥♥",
                                "PlayerOrgasmNoSpiritLoss",
                                "Her words coax you over the edge, and with a final hilting thrust of your rigid cock in her tight rear you erupt inside her, flooding her squeezing rear with your seed, and Mika cries out in shivering bliss as she too is sent over the edge, her entire body quivering with electrifying orgasmic pleasure.",
                                "ChangeImageLayer", "Expression","1", "Lewded",
                                "Slowly the tensing pleasure ebbs away from your bodies, and she leans back into you with a happy sigh, nuzzling your cheek while her tight rear doesn't let a single drop of your cum escape.",
                                "ChangeImageLayer", "Expression","1", "Smile",
                                "Speaks",
                                "Hahhh...♥ Hahhh...♥ Fuck that was great!♥",
                                "ChangeImageLayer", "Expression","1", "Caring",
                                "Despite her clear craving for another round, she's starting to fade away, and she gives you a peck on the cheek and a smile.",
                                "Speaks",
                                "Mmmmm,♥ don't be a stranger [ThePlayerName].♥",
                                "She finally vanishes leaving your arms free of her bodies weight, and you gasp with exertion, taking a quick break...",
                                "GetEventAndIfChoice", "MikasCombatEvents", "5", "AnalOrgasm", "EndTheVictoryEvent",
                                "GetEventAndSetChoice", "MikasCombatEvents", "5", "AnalOrgasm",
                                "GetEventAndChangeProgress", "Commander's Pet", "10",
                                "GetAnEventsProgressThenIfEqualsOrLess",  "Commander's Pet", "25", "EarlyAffection"
                            ],
                  "picture": ""
              },
                      {
                          "NameOfScene": "EndTheVictoryEvent",
                          "move": "",
                          "stance": "nanona",
                          "includes": [ "Mika"],
                          "theScene": ["GetAnEventsProgressThenIfEqualsOrLess",  "Commander's Pet", "25", "EarlyAffection"
                                    ],
                          "picture": ""
                      },
              {
                  "NameOfScene": "Mika Defeated Sex",
                  "move": "",
                  "stance": "Sex",
                  "includes": [ "Mika"],
                  "theScene": [ "GetEventAndIfChoice", "MikasCombatEvents", "7",  "LostInReversal", "EndTheVictoryEvent",
                              "ChangeImageLayer", "Expression","1", "Lewded", "ChangeImageLayer", "Base","1", "Blush", "ChangeImageLayer", "BodyPart","1", "Hand",
                              "GetEventAndChangeProgress", "MikasCombatEvents", "10",
                              "You relentlessly pound Mika's quivering pussy, eager to unload your seed into her after fucking all her resistance out, leaving her a mewling puddle of lust and need.",
                              "Speaks",
                              "Nyaaaaaaa!♥ Fill me with your cummmm!♥♥♥",
                              "Your cock twitches from her lustful cries and her pussy clamps down on your erection as she's struck with another chain of orgasms from your manhood striking her cervix, and you can't help but enjoy the sight of her bountiful ass jiggle with every thrust.",
                              "Her tight slit refuses to let go of your twitching cock, practically sucking you back in with every thrust as it conforms to the shape of your raging erection, and Mika purrs with mindless bliss as you build her towards another mind-blanking orgasm.",
                              "ChangeImageLayer", "Expression","1", "Lewd",
                              "PlayerOrgasmNoSpiritLoss",
                              "With a few final thrusts you start to fill her tight pussy with your seed and she mewls incoherently as her body spasms with shocks of orgasmic pleasure, and you can't help but moan as her teasing slit tightly squeezes your length as it tries to wring out every last drop of your load.",
                              "ChangeImageLayer", "Expression","1", "Lewded",
                              "Her pussy is clamped down so tight around your length that you can't even try to pull out, your attempts leaving your manhood pulled back into its clinging depths while Mika twitches from the still-potent waves of pleasure washing through her.",
                              "Speaks",
                              "Nyaaaaa...♥",
                              "Slowly but surely her body loosens and you can pull your aching dick free from her soaking wet pussy as she starts to fade away from her mind-melting orgasm.",
                              "Speaks",
                              "SwapLineIf", "OtherEventsChoice", "Commander's Pet",
                                "15", "SexReversal", "F-Fuck... Really thought I was going to get you that time... Damn that felt great though...",
                                "15", "",  "F-Fuck... I'm going to be thinking about this for a while... D-Damn my stupid sensitive pussy...",
                              "EndLoop",
                              "ChangeImageLayer", "Expression","1", "Smug",
                              "She gives you a bit of a glare as she finally fades away, managing in a last few words before disappearing.",
                              "Speaks",
                              "SwapLineIf", "OtherEventsChoice", "Commander's Pet",
                                "15", "SexReversal", "But next time I'm going to be the one fucking you silly.",
                                "15", "",  "I'm going to get you back for this next time I see you.",
                              "EndLoop",
                              "GetEventAndSetChoice", "Commander's Pet", "1", "Pussy",
                              "GetAnEventsProgressThenIfEqualsOrLess",  "Commander's Pet", "25", "EarlyAffection"
                            ],
                  "picture": ""
              },
              {
                  "NameOfScene": "Mika Defeated",
                  "move": "",
                  "stance": "",
                  "includes": [ "Mika"],
                  "theScene": [  "GetEventAndIfChoice", "MikasCombatEvents", "7",  "LostInReversal", "EndTheVictoryEvent",
                                "ChangeImageLayer", "BodyPart","1", "Hand",  "ChangeImageLayer", "Expression","1", "Lewded", "ChangeImageLayer", "Base","1", "Blush",
                                "Mika quivers and moans as you tease her body, purring with bliss from her recent orgasm, until she cries out again in tensing orgasmic bliss, fading away from your groping and caressing hands...",
                                "GetAnEventsProgressThenIfEqualsOrLess",  "Commander's Pet", "25", "EarlyAffection"
                            ],
                  "picture": ""
              },
              {
                  "NameOfScene": "EarlyAffection",
                  "move": "",
                  "stance": "nanona",
                  "includes": [ "Mika"],
                  "theScene": [ "GetEventAndChangeProgress", "Commander's Pet", "2"
                            ],
                  "picture": ""
              }
    ],
       "pictures": [
          {
            "Name": "Normal",
            "Set":  [
                      {
                          "Name": "Base",
                          "StartOn": "1",
                          "AlwaysOn": "1",
                          "IsScene": "0",
                          "TheBody": "1",
                          "Overlay": "No",
                          "setXalign": "0.0",
                          "setYalign": "0.215",
                          "Images": [
                            {
                                "Name": "FutaBase",
                                "File": "../Mods/FutaDOM/Images/Mika/Body_Mika_Futa.png",
                                "setXalign": "0.0",
                                "setYalign": "0.0"
                            },
                            {
                                "Name": "Sweat",
                                "File": "Monsters/Mika/Body_Mika_Sweat.png",
                                "setXalign": "0.0",
                                "setYalign": "0.0"
                            },
                            {
                                "Name": "Blush",
                                "File": "Monsters/Mika/Body_Mika_Blush.png",
                                "setXalign": "0.0",
                                "setYalign": "0.0"
                            },
                            {
                                "Name": "BlushSweat",
                                "File": "Monsters/Mika/Body_Mika_BlushSweating.png",
                                "setXalign": "0.0",
                                "setYalign": "0.0"
                            }
                        ]
                      },
                      {
                          "Name": "BodyPart",
                          "StartOn": "1",
                          "AlwaysOn": "1",
                          "IsScene": "0",
                          "TheBody": "0",
                          "Overlay": "No",
                          "setXalign": "0.0",
                          "setYalign": "0.0",
                          "Images": [
                            {
                                "Name": "Hand",
                                "File": "Monsters/Mika/Hand_Mika_Base.png",
                                "setXalign": "0.0",
                                "setYalign": "0.0"
                            },
                            {
                                "Name": "HandO",
                                "File": "Monsters/Mika/Hand_Mika_OSign.png",
                                "setXalign": "0.0",
                                "setYalign": "0.0"
                            },
                            {
                                "Name": "HandV",
                                "File": "Monsters/Mika/Hand_Mika_VSign.png",
                                "setXalign": "0.0",
                                "setYalign": "0.0"
                            }
                        ]
                      },
                      {
                          "Name": "BodyExtra",
                          "StartOn": "1",
                          "AlwaysOn": "0",
                          "IsScene": "0",
                          "TheBody": "0",
                          "Overlay": "No",
                          "setXalign": "0.0",
                          "setYalign": "0.0",
                          "Images": [
                            {
                                "Name": "Socks",
                                "File": "Monsters/Mika/Clothes_Mika_Socks.png",
                                "setXalign": "0.0",
                                "setYalign": "0.0"
                            }
                        ]
                      },
                      {
                          "Name": "Extra",
                          "StartOn": "0",
                          "AlwaysOn": "0",
                          "IsScene": "0",
                          "TheBody": "0",
                          "Overlay": "No",
                          "setXalign": "0.0",
                          "setYalign": "0.0",
                          "Images": [
                            {
                                "Name": "Thong",
                                "File": "Monsters/Mika/Clothes_Mika_Thong.png",
                                "setXalign": "0.0",
                                "setYalign": "0.0"
                            },
                            {
                                "Name": "Shorts",
                                "File": "Monsters/Mika/Clothes_Mika_Shorts.png",
                                "setXalign": "0.0",
                                "setYalign": "0.0"
                            },
                            {
                                    "Name": "FutaPenis",
                                    "File": "../Mods/FutaDOM/Images/Mika/Futa_Penis_Mika.png",
                                    "setXalign": "0.0",
                                    "setYalign": "0.0"
                                
                            }
                        ]
                      },
                      {
                          "Name": "Effect",
                          "StartOn": "0",
                          "AlwaysOn": "0",
                          "IsScene": "0",
                          "TheBody": "0",
                          "Overlay": "No",
                          "setXalign": "0.0",
                          "setYalign": "0.0",
                          "Images": [
                            {
                                "Name": "TankTop",
                                "File": "Monsters/Mika/Clothes_Mika_TankTop.png",
                                "setXalign": "0.0",
                                "setYalign": "0.0"
                            },
                            {
                                "Name": "TiedShirt",
                                "File": "Monsters/Mika/Clothes_Mika_ShirtTied.png",
                                "setXalign": "0.0",
                                "setYalign": "0.0"
                            },
                            {
                                "Name": "ComboTop",
                                "File": "Monsters/Mika/Clothes_Mika_ShirtCombo.png",
                                "setXalign": "0.0",
                                "setYalign": "0.0"
                            }
                        ]
                      },
                      {
                          "Name": "Expression",
                          "StartOn": "1",
                          "AlwaysOn": "1",
                          "IsScene": "0",
                          "TheBody": "0",
                          "Overlay": "No",
                          "setXalign": "0.0",
                          "setYalign": "0.0",
                          "Images": [
                            {
                                "Name": "Base",
                                "File": "Monsters/Mika/Expression_Mika_Base.png",
                                "setXalign": "0.0",
                                "setYalign": "0.0"
                            },
                            {
                                "Name": "Smile",
                                "File": "Monsters/Mika/Expression_Mika_Smile.png",
                                "setXalign": "0.0",
                                "setYalign": "0.0"
                            },
                            {
                                "Name": "Caring",
                                "File": "Monsters/Mika/Expression_Mika_Caring.png",
                                "setXalign": "0.0",
                                "setYalign": "0.0"
                            },
                            {
                                "Name": "Beg",
                                "File": "Monsters/Mika/Expression_Mika_Beg.png",
                                "setXalign": "0.0",
                                "setYalign": "0.0"
                            },
                            {
                                "Name": "Angry",
                                "File": "Monsters/Mika/Expression_Mika_Angry.png",
                                "setXalign": "0.0",
                                "setYalign": "0.0"
                            },
                            {
                                "Name": "Flustered",
                                "File": "Monsters/Mika/Expression_Mika_Flustered.png",
                                "setXalign": "0.0",
                                "setYalign": "0.0"
                            },
                            {
                                "Name": "Shock",
                                "File": "Monsters/Mika/Expression_Mika_Shock.png",
                                "setXalign": "0.0",
                                "setYalign": "0.0"
                            },
                            {
                                "Name": "Confused",
                                "File": "Monsters/Mika/Expression_Mika_Confused.png",
                                "setXalign": "0.0",
                                "setYalign": "0.0"
                            },
                            {
                                "Name": "Smug",
                                "File": "Monsters/Mika/Expression_Mika_Smug.png",
                                "setXalign": "0.0",
                                "setYalign": "0.0"
                            },
                            {
                                "Name": "Cocky",
                                "File": "Monsters/Mika/Expression_Mika_Cocky.png",
                                "setXalign": "0.0",
                                "setYalign": "0.0"
                            },
                            {
                                "Name": "Frown",
                                "File": "Monsters/Mika/Expression_Mika_Frown.png",
                                "setXalign": "0.0",
                                "setYalign": "0.0"
                            },
                            {
                                "Name": "Dour",
                                "File": "Monsters/Mika/Expression_Mika_Dour.png",
                                "setXalign": "0.0",
                                "setYalign": "0.0"
                            },
                            {
                                "Name": "Pout",
                                "File": "Monsters/Mika/Expression_Mika_Pout.png",
                                "setXalign": "0.0",
                                "setYalign": "0.0"
                            },
                            {
                                "Name": "PoutMad",
                                "File": "Monsters/Mika/Expression_Mika_PoutMad.png",
                                "setXalign": "0.0",
                                "setYalign": "0.0"
                            },
                            {
                                "Name": "Bored",
                                "File": "Monsters/Mika/Expression_Mika_Bored.png",
                                "setXalign": "0.0",
                                "setYalign": "0.0"
                            },
                            {
                                "Name": "Sad",
                                "File": "Monsters/Mika/Expression_Mika_Sad.png",
                                "setXalign": "0.0",
                                "setYalign": "0.0"
                            },
                            {
                                "Name": "SadAngry",
                                "File": "Monsters/Mika/Expression_Mika_SadAngry.png",
                                "setXalign": "0.0",
                                "setYalign": "0.0"
                            },
                            {
                                "Name": "Mocking",
                                "File": "Monsters/Mika/Expression_Mika_Mock.png",
                                "setXalign": "0.0",
                                "setYalign": "0.0"
                            },
                            {
                                "Name": "Amused",
                                "File": "Monsters/Mika/Expression_Mika_Amused.png",
                                "setXalign": "0.0",
                                "setYalign": "0.0"
                            },
                            {
                                "Name": "Laugh",
                                "File": "Monsters/Mika/Expression_Mika_Laugh.png",
                                "setXalign": "0.0",
                                "setYalign": "0.0"
                            },
                            {
                                "Name": "Nya",
                                "File": "Monsters/Mika/Expression_Mika_Nya.png",
                                "setXalign": "0.0",
                                "setYalign": "0.0"
                            },
                            {
                                "Name": "NyaExcited",
                                "File": "Monsters/Mika/Expression_Mika_NyaExcited.png",
                                "setXalign": "0.0",
                                "setYalign": "0.0"
                            },
                            {
                                "Name": "NyaLikeYaKnow",
                                "File": "Monsters/Mika/Expression_Mika_NyaLike.png",
                                "setXalign": "0.0",
                                "setYalign": "0.0"
                            },
                            {
                                "Name": "NyaNya",
                                "File": "Monsters/Mika/Expression_Mika_NyaNya.png",
                                "setXalign": "0.0",
                                "setYalign": "0.0"
                            },
                            {
                                "Name": "NyaSmug",
                                "File": "Monsters/Mika/Expression_Mika_NyaSmug.png",
                                "setXalign": "0.0",
                                "setYalign": "0.0"
                            },
                            {
                                "Name": "Lewd",
                                "File": "Monsters/Mika/Expression_Mika_Lewd.png",
                                "setXalign": "0.0",
                                "setYalign": "0.0"
                            },
                            {
                                "Name": "Lewded",
                                "File": "Monsters/Mika/Expression_Mika_Lewded.png",
                                "setXalign": "0.0",
                                "setYalign": "0.0"
                            },
                            {
                                "Name": "LewdedSilly",
                                "File": "Monsters/Mika/Expression_Mika_LewdedSilly.png",
                                "setXalign": "0.0",
                                "setYalign": "0.0"
                            },
                            {
                                "Name": "Submissive",
                                "File": "Monsters/Mika/Expression_Mika_Submissive.png",
                                "setXalign": "0.0",
                                "setYalign": "0.0"
                            },
                            {
                                "Name": "Sleepy",
                                "File": "Monsters/Mika/Expression_Mika_Sleepy.png",
                                "setXalign": "0.0",
                                "setYalign": "0.0"
                            }
                        ]
                      }
                    ]
                  },
                  {
                    "Name": "MikaAss",
                    "Set":  [
                              {
                                  "Name": "Ass",
                                  "StartOn": "1",
                                  "AlwaysOn": "1",
                                  "IsScene": "1",
                                  "TheBody": "0",
                                  "Overlay": "No",
                                  "setXalign": "0.0",
                                  "setYalign": "0.0",
                                  "Images": [
                                    {
                                        "Name": "Base",
                                        "File": "Monsters/Mika/MikaButt/mikabutt.png",
                                        "setXalign": "0.0",
                                        "setYalign": "0.0"
                                    },
                                    {
                                        "Name": "Shake",
                                        "File": "Monsters/Mika/MikaButt/mikabutt_shake.png",
                                        "setXalign": "0.0",
                                        "setYalign": "0.0"
                                    },
                                    {
                                        "Name": "ShakeLight",
                                        "File": "Monsters/Mika/MikaButt/mikabutt_shakeLight.png",
                                        "setXalign": "0.0",
                                        "setYalign": "0.0"
                                    },
                                    {
                                        "Name": "Sit",
                                        "File": "Monsters/Mika/MikaButt/mikabutt_sit.png",
                                        "setXalign": "0.0",
                                        "setYalign": "0.0"
                                    }
                                ]
                              }
                        ]
                      }

                ]
}
