{
  "name": "Schera",
  "IDname": "Schera",
  "species": "Dark Elf",
  "gender": "female",
  "description": "Schera is stronk.",
  "encyclopedia": "",
  "tags": "Futanari",
  "generic": "False",
  "requires": [""],
  "requiresEvent": [
	{
		"NameOfEvent": "",
		"Progress": "2",
		"Choice": "",
		"ChoiceNumber": "-1"
	}
],
  "skillList": ["Sweaty Body", "Finishing Pin", "Finishing Pin", "Finishing Pin", "Finishing Pin", "Dark Stroking", "Rough Grappling", "Heavy Cock Slap", "Dark Elven Pin Behind Pre", "Heavy Pounding", "Dark Mating Pin Pre", "Dark Futa Mating", "Dark Futanari Domination", "Musky Irrumatio", "Ball Smother", "Hypnotic Blowjob", "Head Lock", "Head Lock", "Dominating Face Fuck", "Asphyxiating Thrust", "Forced Deepthroat"],
  "perks": ["Black Cock", "Futanari"],
  "stats": {
    "lvl": "40",
    "Exp": "650",
    "max_hp": "250",
    "max_ep": "50",
    "max_sp": "4",
    "Power": "40",
    "Technique": "25",
    "Intelligence": "20",
    "Allure": "45",
    "Willpower": "10",
    "Luck": "20"
  },
  "Fetishes": [""],
  "BodySensitivity": {
    "Sex": "80",
    "Ass": "90",
    "Breasts": "100",
    "Mouth": "100",
    "Seduction": "135",
    "Magic": "120",
    "Pain": "100",
    "Holy": "120",
    "Unholy": "80"
  },
  "resistancesStatusEffects": {
    "Stun": "25",
    "Charm": "50",
    "Aphrodisiac": "25",
    "Restraints": "5",
    "Sleep": "80",
    "Trance": "50",
    "Paralysis": "80",
    "Debuff": "60"
  },
  "moneyDropped": "700",
  "ItemDropList": [
    {
      "name": "Elixir",
      "dropChance": "75"
    }
  ],
  "lossScenes": [
    {
      "NameOfScene": "Blacked Elf",
      "move": "",
      "stance": "",
      "includes": [],
      "theScene": [
			"JumpToLossEvent", "ElvenDomination"


      ],
      "picture": ""
    },
	{
		"NameOfScene": "Bred Bitch",
		"move": "",
		"stance": "Anal - Futa",
		"includes": ["Schera"],
		"theScene": [

			"JumpToLossEvent", "DarkProneBoneDefeat"
	],
		"picture": ""
	},
	{
		"NameOfScene": "Bred Bitch Missionary",
		"move": "",
		"stance": "Missionary - Futa",
		"includes": ["Schera"],
		"theScene": [

			"JumpToLossEvent", "DarkMissionaryDefeat"
	],
		"picture": ""
	},
	{
		"NameOfScene": "",
		"move": "",
		"stance": "Irrumatio",
		"includes": ["Schera"],
		"theScene": [
			"JumpToLossEvent", "69Submission"
		],
		"picture": ""
	}
],
  "combatDialogue": [
	{
		"lineTrigger": "StartOfCombat",
		"move":"",
		"theText":["|f|CallCombatEventAndScene|/|ScheraCombatEvents|/|Intro|n|"]
	},
    {
	  "lineTrigger": "EndOfRound",
	  "move":"",
	  "theText":["|f|CallCombatEventAndScene|/|ScheraCombatEvents|/|StanceCheck1|n|"]
    },
	{
		"lineTrigger":"AutoCounter",
		"move": "Penetrate",
		"theText": ["|f|CallCombatEventAndScene|/|ScheraCombatEvents|/|No Penetrate|n|"]
	},
	{
		"lineTrigger":"AutoCounter",
		"move": "Anal Penetration",
		"theText": ["|f|CallCombatEventAndScene|/|ScheraCombatEvents|/|No Anal|n|"]
	},
	{
		"lineTrigger":"AutoCounter",
		"move": "Make Out",
		"theText": ["|f|CallCombatEventAndScene|/|ScheraCombatEvents|/|No Making Out|n|"]
	},
	{
		"lineTrigger":"AutoCounter",
		"move": ["Finger", "Dildo"],
		"theText": ["|f|CallCombatEventAndScene|/|ScheraCombatEvents|/|Fingering|n|"]
	},
	{
		"lineTrigger":"AutoCounter",
		"move": ["Pussy Worship", "Ass Worship", "Bury Face"],
		"theText": ["|f|CallCombatEventAndScene|/|ScheraCombatEvents|/|Ass Worship|n|"]
	},
	{
		"lineTrigger": "HitWith",
		"move": "Caress",
		"theText": [
					"'Hmph, I'd rather you caress something else~.'",
					"'So eager to worship your betters?.'"
				]
	},
	{
		"lineTrigger": "HitWith",
		"move": ["Whip", "Spank", "Electrify", "Demon Layer"] ,
		"theText": [
					"'Oh now you've done it!'",
					"'That hurt you fucking monkey!'",
					"'Gah, you... I'll make you pay a hundred times fold for that!'",
					"'Just you wait, I'm going to cum in you once for everytime you pull that shit!'"
				]
	},
	{
		"lineTrigger": "HitWith",
		"move": "Holy Headpat",
		"theText": [ "'I feel weird, don't do that again!'"]
	},
	{
		"lineTrigger": "HitWith",
		"move": ["Magical Binding", "Bondage Net", "Pin"],
		"theText": ["'You dare?!'",
					"'I'll make you regret that!'",
					"'Oh~ If you like bondage so much then I'll {b}really{/b} show you how it's done!'"
	]
	},
	{
		"lineTrigger": "HitWith",
		"move": ["Arouse", "Arousara", "Arousero"],
		"theText": [ "'Mmmhh I'm so hard, just stay right there pet...'",
					"'I'm getting so hard~♥ Are you sure you've thought this through?'"
	]
	},
	{
		"lineTrigger": "HitWith",
		"move": ["Grope Ass", "Squeeze Ass", "Massage Ass", "Fondle Ass"],
		"theText": ["'Fuck, alright now it's your turn!'",
					"'Oh~ Well next is {i}my{/i} turn~'"
	]
	},
	{
		"lineTrigger": "HitWith",
		"move": ["Breast Caress", "Breast Knead", "Breast Massage", "Breast Fondle"],
		"theText": ["'Mmmph~♥ I know they're big but still...'",
					"'Sheesh, you monkeys really are all the same.'",
					"'Ahhn~♥ Not bad.'"
	]
	},
	{
		"lineTrigger": "HitWith",
		"move": "Suckle",
		"theText": ["'Shit... feels good...'",
					"'Alright, enough of this!'"
	]
	},
	{
		"lineTrigger": "HitWith",
		"move": ["Charm", "Charm Wave"],
		"theText": ["'The more you turn me on, the more I'll fill you up later.'",
					"'You're going to regret turning me on that much~♥"
	]
	},
	{
		"lineTrigger": "HitWith",
		"move": "Sleep",
		"theText": ["'You dare!?'",
				    "'Cowardly thing, I'll make you pay for this.'"
	]
	},
	{
		"lineTrigger": "HitWith",
		"move": "Pinch Nipples",
		"theText": ["'Mmmph~♥ I know they're big but still...'",
		"'Sheesh, you monkeys really are all the same.'",
		"'Ahhn~♥ Not bad.'"]
	},
	{
		"lineTrigger": "HitWith",
		"move": ["Seduce", "Enamor", "Smoldering Seduction", "Smoldering Flaunt", "Massaging Seduction", "Mass Seduction"],
		"theText": ["'You should watch yourself'",
			"'I feel so hot~♥'",
			"'Ahhh~♥  I wanna cum in you~♥ "
	]
	},
	{
		"lineTrigger": "HitWith",
		"move": ["Lewd Bottle", "Cloying Mist", "Placebo Pheromone"],
		"theText": ["'Fight fairly!'",
					"'Miserable coward!'"
	]
	},
	{
		"lineTrigger": "HitWith",
		"move": ["Enfeeble", "Sensitize"],
		"theText": [
					"'Hmph, of course you have to cheat to stand a chance against your betters'"
	]
	},
	{
		"lineTrigger": "HitWith",
		"move": "Disarming Appeal",
		"theText": [
					"'Ah~♥  Maybe I'll keep you instead..."
	]
	},
	{
		"lineTrigger": "HitWith",
		"move": "Ear Tease",
		"theText": ["'Ah~♥  that feels good!'",
			"N-no wait those are~♥'"
	]
	},
	{
		"lineTrigger": "HitWith",
		"move": "Analyze",
		"theText": [ "She strokes her cock showing off every thick inch.",
					 "Stroking herself she grins wickedly, 'See this? Every Inch is going inside of you~'",
					"You can't help but gaze at her sweaty abs"
					]
	},
	{
		"lineTrigger": "HitWith",
		"move": "Brace Head",
		"theText": ["'Oraah, I'll make you take every inch!'",
					"'That's it, take it~♥  Your throat isn't bad for vermin!'",
					"'So tight~♥'"
	]
	},
	{
		"lineTrigger": "HitWith",
		"move": "Clinch Ass",
		"theText": ["'Oh! Wow, you must really love my dick, tightening up like that!'",
					"'Yeah, that's it tighten that ass up!'"]
	},
	{
		"lineTrigger": "HitWith",
		"move": "Squeeze Legs",
		"theText": ["'Ahhhn~♥  you dirty whore you want it that bad?'",
					"'You really love Dark Elf meat eh?'"
	]
	},
	{
		"lineTrigger": "HitWith",
		"move": "Grind Hips",
		"theText": ["'Oh fuck, that's it bitch boy work it!'",
					"'Oh wow, you're such a slut~♥'",
					"'Humans really are built to take cock~♥'"
	]
	},
	{
		"lineTrigger": "HitWith",
		"move": "Give Handjob",
		"theText": ["'That's it, don't forget the balls.'",
					"'Put more strength into it!'",
					"'Yeah, like that whew you really love thick Elf cock ehh?'"
	]
	},
	{
		"lineTrigger": "HitWith",
		"move": "Magic Onahole",
		"theText": ["'Woah! That's warm~'",
					"'This is modeled after your ass isn't it~♥'"
	]
	},
	{
		"lineTrigger": "HitWith",
		"move": "Submissive Look",
		"theText": ["'Fuck, that pathetic face of your is such a turn on~♥ '",
					"'Your crying is only making me harder you know~♥ '"
	]
	},
	{
		"lineTrigger": "UsesMove",
		"move": "Heavy Cock Slap",
		"theText": ["'You look cute with my cock on your face.'",
					"'Ahh, I'm so turned on!'",
					"'If you don't attack, then I'll come to you!'"]
	},
	{
		"lineTrigger": "UsesMove",
		"move": 	"Dark Stroking",
		"theText": ["'See something you like little boy?'",
					"'You'll adore my fat cock by the time I'm done with you.'",
					"'I can't wait to turn you into my personal whore~♥'"]
	},
	{
		"lineTrigger": "UsesMove",
		"move": "Rough Grappling",
		"theText": ["'That's it, come at me!'",
				    "'You won't beat me THAT easily!'",
					"'This is great, come on or I'll bend you over!'"]
	},
	{
		"lineTrigger": "UsesMove",
		"move": "Dark Mating Pin Pre",
		"theText": ["'I'm going to turn you into my cocksleeve human!'"]
	},
	{
		"lineTrigger": "UsesMove",
		"move": "Dark Futa Mating",
		"theText": ["'TAKE IT TAKE IT TAKE IT YOU DUMB HUMAN BITCH!'",
					"'I'M GOING TO RUIN YOUR SLUTTY HOLE!'",
					"'SO GOOD, THAT'S IT TIGHTEN UP FOR ME!' She screams at you grabbing you by the throat and squeezing slightly.",
					"'Humans are only good for... ugf... fuck~♥! Warming cocks!'",
					"'You were resisting so much before, now look at you~♥"]
	},	
	{
		"lineTrigger": "UsesMove",
		"move": "Dark Futanari Domination",
		"theText": ["'Mmm you're so tight!'",
					"'Take it, just stay there and lose!'",
					"'Fuck yeah, I'm going to make you addicted to my cock you monkey!'",
					"'Fuck yeah~ You're right where your miserable race belongs!'"]
	},
	{
		"lineTrigger": "UsesMove",
		"move": "Dark Elven Pin Behind Pre",
		"theText": ["'I hope you're ready for a pounding!'"]
	},

	{
		"lineTrigger": "UsesMove",
		"move": "Heavy Pounding",
		"theText": ["'That's it take it, I'm going to make you my slave!'",
					"'Oraah! get pregnant!'",
					"'Your ass is mine!'",
					"'Fuck I love this!'",
					"'Rape is the best~♥ '"]
	},
	{
		"lineTrigger": "UsesMove",
		"move": "Sweaty Body",
		"theText": ["the smell of [AttackerName] makes you light headed and turned on."
		]
	},
	{
		"lineTrigger": "UsesMove",
		"move": "Finishing Pin",
		"theText": ["'Alright enough of this~!'"]
	},
	{
		"lineTrigger": "UsesMove",
		"move": "Head Lock",
		"theText": ["'Oh yeah~♥ just stay between my legs like a good pet.'",
					"'I hope you know how to hold your breath~♥'",
					"'Might as well make myself comfortable, you'll be there a while.'"
					]
	},
	{
		"lineTrigger": "UsesMove",
		"move": "Dominating Face Fuck",
		"theText": ["'Fuuuck yeah...'",
					"'I won't stop even if you pass out~♥'",
					"'That's it, take it!'",
					"'So tight.'",
					"'I'm going to make you clean my balls next~.'",
					"'More more!'",
					"'Ahn~♥ I love how you choke around me~♥'"
					]
	},
	{
		"lineTrigger": "UsesMove",
		"move": "Asphyxiating Thrust",
		"theText": ["'Fuck yeah... so deep.'",
					"'Your choking is so hot~♥'",
					"'Goddess I want to keep you down there forever~♥'",
					"'Just... a bit more~♥'",
					"'Don't worry, you'll get used to it...'",
					"'I'm going to rape your mouth forever~♥'"
					]
	},
	{
		"lineTrigger": "UsesMove",
		"move": "Musky Irrumatio",
		"theText": ["'I'm going to fill you up!'",
					"'That's a good human, take every inch~♥'"]
	},
	{
		"lineTrigger": "UsesMove",
		"move": "Ball Smother",
		"theText": ["'That's it, drown in my scent.'",
					"'Clean every inch~♥'",
					"'Ahh~♥ Be sure to clean up all of the sweat."
	]
	},
	{
		"lineTrigger": "UsesMove",
		"move": "Hypnotic Blowjob",
		"theText": ["'Take every inch of my cock.'",
					"'Fuck yeah, boys like you belong on your knees.'",
					"'Your twink ass is mine later.'",
					"'I'm going to make you addicted to Dark Elf meat!'",
					"'That's a good boy, just serve your new master.'",
					"'So warm, all you have to do is take it my little cocksleeve'",
					"'You'll love elven cock by the time I'm done here.'"]
	},
	{
		"lineTrigger": "UsesMove",
		"move": "Forced Deepthroat",
		"theText": ["'Oh yeah, fuck your throat is tight!'",
					"'Mmmph, just stay right there.'",
					"'Guys give the best head...'",
					"'Just... yeah take it all...'",
					"'Take every inch of my cock!'",
					"'Stupid whore, swallow everything.'",
					"'My cock is pretty sweaty today so I really needed this~♥.'",
					"'That's a good bitch boy.'"
					]
	},
    {
      "lineTrigger": "LowHealth",
      "move": "",
      "theText": [
        "'It'll take more then that to beat me!'"
      ]
    },
    {
      "lineTrigger": "PlayerLowHealth",
      "move": "",
      "theText": [
        "'You're looking weaker~♥'"
      ]
    },
    {
      "lineTrigger": "OnPlayerOrgasm",
      "move": "",
      "theText": [
        "'Hahahah! I didn't even touch you~♥ |n|What a pathetic loser!'"
      ]
    },
	{
		"lineTrigger": "OnPlayerOrgasm",
		"move": ["Forced Deepthroat", "Asphyxiating Thrust"],
		"theText": [
					"'Haha, you're such a masochist~♥'",
					"'That's it, pass out~♥'",
					"'I'm going to turn you into a maso mess who can't live without me'",
					"'Sluts like you really do belong between my legs.'"
					]
	},
	{
		"lineTrigger": "OnPlayerOrgasm",
		"move": ["Hypnotic Blowjob", "Ball Smother"],
		"theText": [
					"'I'm not even touching you down there~♥'",
					"'Wow, do you like getting dominated that much?'",
					"'That's... a good boy...'"
					]
	},
	{
		"lineTrigger": "OnPlayerOrgasm",
		"move": ["Aggressive Domination", "Heavy Pounding"],
		"theText": [
					"'Fuck you've gotten tight.",
					"'Fuck yeah, take it!'",
					"'Mmmph, what a little slut!'",
					"'Enjoy your bitchgasm? There's much more where that came from'"
					]
	},
	{
		"lineTrigger": "OnOrgasm",
		"move": "",
		"theText": ["'N-no waaay~♥ I'm cumming~!!♥'",
					"'Oooooghhh~♥ Noooh waaaay~♥'"
	]
	},
	{
		"lineTrigger": "OnOrgasm",
		"move": "Missionary - Futa",
		"theText": ["|f|CallCombatEventAndScene|/|ScheraCombatEvents|/|FutaCum1|n|"]
	},
	{
		"lineTrigger":"OnOrgasm",
		"move": "Anal - Futa",
		"theText": ["|f|CallCombatEventAndScene|/|ScheraCombatEvents|/|FutaCum2|n|"]
	},
	{
		"lineTrigger":"OnOrgasm",
		"move": "Irrumatio",
		"theText": ["|f|CallCombatEventAndScene|/|ScheraCombatEvents|/|FutaCum3|n|"]
	},
	{
		"lineTrigger": "StanceStruggle",
		"move": "Irrumatio",
		"theText": ["You struggle to break free from Schera's massive dick pistoning in your mouth..."
      ]
	},
	{
		"lineTrigger": "StanceStruggleFail",
		"move": "Irrumatio",
		"theText": ["But Schera easily holds you in place and speeds up her thrusts with a smirk.",
					"But Schera follows your movements without effort and keeps her cock in your mouth.",
					"But Schera overpowers your efforts and thrusts even deeper then before."
					]
	},
	{
		"lineTrigger": "StanceStruggleComment",
		"move": "Irrumatio",
		"theText": ["'You aren't getting away that easily~'",
					"'I've heard plenty of humans are into black cocks, how about I turn you into one of them?'",
					"'By the time we're done here you'll be begging to suck my dick.'",
					"'As if someone weak as you could escape me.'"
					]
	},
	{
		"lineTrigger": "StanceStruggleFree",
		"move": "Irrumatio",
		"theText": [ "And you manage to barely get away!"
		]
	},
	{
		"lineTrigger": "StanceStruggleFreeComment",
		"move": "Irrumatio",
		"theText": ["'Alright, let's go!'",
					"'Not bad, I'm going to fuck your ass next time!'",
					"'I'm going to breed you next time!'"
					]
	},
	{
		"lineTrigger": "StanceStruggle",
		"move": "Anal - Futa",
		"theText": ["You pathetically try crawling away from the dominant Elf behind you..."
				]
	},
	{
		"lineTrigger": "StanceStruggleFail",
		"move": "Anal - Futa",
		"theText": ["But Schera easily holds your hips in place as she jackhammers her hips into your ass!",
					"But Schera drags you back and starts fucking you harder!",
					"But you stop as a hand comes down on your ass with a loud {b}CRACK{/b} making your back arch and your ass tighten down!"]
	},
	{
		"lineTrigger": "StanceStruggleComment",
		"move": "Anal - Futa",
		"theText":["'It's cute that you think you can escape me.'",
				   "'I'll show you your place you pathetic creature!'",
				   "'Be a good slave and take your masters... DICK!'"
				]
	},
	{
		"lineTrigger": "StanceStruggleFree",
		"move": "Anal - Futa",
		"theText": ["And you manage to crawl away with an embarrassing {i}pop{/i} coming from behind you as her dick is dislondged!"]	
	},
	{ "lineTrigger": "StanceStruggleFreeComment",
	  "move": "Anal - Futa",
	  "theText": ["'Just you wait, I'll have you back on your knees screaming for more!'",
				  "'Oh well, how about we do missionary this time?'",
				  "'I'm going to make you squeal~♥'",
				  "'Your resistance just makes me harder!'"]
    },
	{
		"lineTrigger": "StanceStruggle",
		"move": "Missionary - Futa",
		"theText": ["Writhing pathetically, you squirm weakly under the dominent woman breeding your ass...",
					"Moaning loudly, your legs limply flail over [AttackerName]'s broad shoulders as you try to escape..."
	]
	},
	{
		"lineTrigger":"StanceStruggleFail",
		"move": "Missionary - Futa",
		"theText": ["However Schera easily holds your legs down as jackhammering her hips down into your writhing form with a sadistic grin.",
					"But Schera just holds you down tighter as she ruts your abused ass with everything she has!",
					"Schera just laughs at your feeble attempts to fight back and fucks you twice as hard as before!",
					"However seeing you trying to fight back, Schera's muscular arm reaches down and grabs you by the throat keeping you pinned down!",
					"Holding your legs down harder, she picks up her pace until you're crying her name."]
	},
	{
		"lineTrigger": "StanceStruggleComment",
		"move": "Missionary - Futa",
		"theText": ["'Goddess you are a pathetic creature'",
					"'Just give up you pathetic human!'",
					"'Ahh~♥ that miserable twisted expression~♥'"]
	},
	{
		"lineTrigger": "StanceStruggleFree",
		"move": "Missionary - Futa",
		"theText": ["and you manage to push her off of you, a wet slurping noise coming from your ass as the long cock is removed!"]
	},
	{
		"lineTrigger": "StanceStruggleFreeComment",
		"move": "Missionary - Futa",
		"theText": ["'Just you wait, I'll have you on your hands and knees begging for more soon!'",
					"'Oh well, it won't take long for me to pin a weakling like you back down~♥'",
					"'Your resistance is just making me harder~♥'"]
	},
    {
      "lineTrigger": "OnSurrender",
      "move": "",
      "theText": [ "'Oh~♥ Have you finally realized your place?'"
      ]
    }
  ],
  "victoryScenes": [
    {
      "NameOfScene": "Undecided",
      "move": "",
      "stance": "",
      "includes": [],
      "theScene": ["You Won."],
      "picture": ""
    }
  ],
  "pictures": [
    {
      "Name": "Schera",
	  "StartOn": "1",
	  "AlwaysOn": "1",
	  "IsScene": "0",
	  "TheBody": "1",
	  "Overlay": "No",
	  "setXalign": "0.0",
	  "setYalign": "0.30",
      "Images": [
        {
          "Name": "Base",
          "File": "../Mods/FutaDOM/Images/Schera.png",
		  "setXalign": "0.0",
		  "setYalign": "0.0"
        }
      ]
    }
  ]
}