{
    "name": "Afflicted Kunoichi",
    "IDname": "Afflicted Kunoichi",
    "species": "Demon",
    "gender": "female",
    "description": "A kunoichi trainee that got afflicted with the Futanari curse, her new appendage has sent her libedo into overdrive.",
    "encyclopedia": "A Kunoichi Trainee who grew a penis, it had an unintended effect by mixing with her demonic side causing her libido to go out of control. As of now they are feral enough to rape anyone on sight!",
    "tags": "Futanari",
    "generic": "True",
    "requires": [""],
    "requiresEvent": [
      {
          "NameOfEvent": "An Enthusiastic Walk",
          "Progress": "2",
          "Choice": "",
          "ChoiceNumber": "-1"
      }
  ],
    "skillList": ["Desire Pulse", "Ninja Art: Erotic Mist Enhanced", "Ninja Art: Super Erotic Mist Enhanced", "Ninja Art: Pressure Points Revised",
    "Ninja Art: Wild Horse", "Skilled Pounding", "Kunoichi Gangbang",
    "Ninja Art: Oral Rampage", "Kunoichi Assist", "Forced Deepthroat", "Kunoichi Sloppy Gangbang"
],
    "perks": ["Swift", "Escape Artist", "Energy Drainer", "Semen Eater", "Futanari"],
    "stats": {
      "lvl": "20",
      "Exp": "150",
          "max_hp": "155",
          "max_ep": "100",
          "max_sp": "2",
          "Power": "16",
          "Technique": "30",
          "Intelligence": "20",
          "Allure": "30",
          "Willpower": "10",
          "Luck": "2"
    },
    "Fetishes": [""],
    "BodySensitivity": {
        "Sex": "5",
        "Ass": "60",
        "Breasts": "90",
        "Mouth": "90",
        "Seduction": "25",
        "Magic": "25",
        "Pain": "90",
        "Holy": "125",
        "Unholy": "25"
    },
    "resistancesStatusEffects": {
        "Stun": "25",
        "Charm": "25",
        "Aphrodisiac": "25",
        "Restraints": "50",
        "Sleep": "25",
        "Trance": "25",
        "Paralysis": "25",
        "Debuff": "5"
    },
    "moneyDropped": "500",
    "ItemDropList": [
        {
            "name": "Tofu",
            "dropChance": "80"
          },
          {
            "name": "Soothing Potion",
            "dropChance": "60"
          },
          {
            "name": "Smooth Rune",
            "dropChance": "40"
          },
          {
            "name": "Shimenawa Chime",
            "dropChance": "10"
          }
    ],
    "lossScenes": [
      {
          "NameOfScene": "NinjaRape",
          "move": "",
          "stance": "",
          "includes": ["Afflicted Kunoichi"],
          "theScene": [
            "JumpToLossEvent", "AfflictedKunoichiSoloLoss1"
          ],
          "picture": ""
      },
      {
        "NameOfScene": "NinjaRape2",
        "move": "",
        "stance": "",
        "includes": ["Afflicted Kunoichi", "Afflicted Kunoichi"],
        "theScene": [
          "JumpToLossEvent", "AfflictedKunoichiSoloLoss2"
        ],
        "picture": ""
    }
  ],
    "combatDialogue": [
      {
        "lineTrigger": "StartOfCombat",
        "move": "",
        "theText":["|f|CallCombatEventAndScene|/|AfflictedKunoichiCombatEvents|/|Intro|n|"
      ]
      },
      {
          "lineTrigger":"AutoCounter",
          "move": "Penetrate",
          "theText": ["|f|CallCombatEventAndScene|/|AfflictedKunoichiCombatEvents|/|No Penetrate|n|"]
      },
      {
          "lineTrigger":"AutoCounter",
          "move": "Anal Penetration",
          "theText": ["|f|CallCombatEventAndScene|/|AfflictedKunoichiCombatEvents|/|No Anal|n|"]
      },
      {
          "lineTrigger":"AutoCounter",
          "move": "Make Out",
          "theText": ["|f|CallCombatEventAndScene|/|AfflictedKunoichiCombatEvents|/|No Making Out|n|"]
      },
      {
          "lineTrigger":"AutoCounter",
          "move": ["Finger", "Dildo"],
          "theText": ["|f|CallCombatEventAndScene|/|AfflictedKunoichiCombatEvents|/|Fingering|n|"]
      },
      {
          "lineTrigger":"AutoCounter",
          "move": ["Pussy Worship", "Ass Worship", "Bury Face"],
          "theText": ["|f|CallCombatEventAndScene|/|AfflictedKunoichiCombatEvents|/|Ass Worship|n|"]
      },
      {
          "lineTrigger": "HitWith",
          "move": "Caress",
          "theText": [
                      "'So good...'",
                      "'More... give me more....'"
                  ]
      },
      {
          "lineTrigger": "HitWith",
          "move": ["Whip", "Spank", "Electrify", "Demon Layer"] ,
          "theText": [
                      "'Ahh~♥ That's it!'",
                      "'Hit me harder~♥'",
                      "'Hit me more~♥'"
                  ]
      },
      {
          "lineTrigger": "HitWith",
          "move": "Holy Headpat",
          "theText": [ "'I feel strange...!'",
            "'I can think straight again... no... I can't... please... |n|haaa~♥ I want to cum~♥'"
        ]
      },
      {
          "lineTrigger": "HitWith",
          "move": ["Magical Binding", "Bondage Net", "Pin"],
          "theText": ["'Mmmm~♥ tight~♥'",
                      "'No... I want to cum.... so horny...'"
      ]
      },
      {
          "lineTrigger": "HitWith",
          "move": ["Arouse", "Arousara", "Arousero"],
          "theText": [ "'Hehe... AHH I'M GOING TO RAPE YOU~♥...'",
                      "'I want to cum, I wanna cum, let me cum~♥'"
      ]
      },
      {
          "lineTrigger": "HitWith",
          "move": ["Grope Ass", "Squeeze Ass", "Massage Ass", "Fondle Ass"],
          "theText": ["'So good...'",
                      "'Harder~♥'"
      ]
      },
      {
          "lineTrigger": "HitWith",
          "move": ["Breast Caress", "Breast Knead", "Breast Massage", "Breast Fondle"],
          "theText": ["'Mmmph~♥ Grope them harder...'",
                      "'Haa~♥ I want more~♥'",
                      "'Ahhn~♥'"
      ]
      },
      {
          "lineTrigger": "HitWith",
          "move": "Suckle",
          "theText": [
            "'Mmmph~♥ Grope them harder...'",
          "'Haa~♥ I want more~♥'",
          "'Ahhn~♥'"
      ]
      },
      {
          "lineTrigger": "HitWith",
          "move": ["Charm", "Charm Wave"],
          "theText": ["'I'm going to rape you~♥'",
                      "'It won't stop throbbing~♥"
      ]
      },
      {
          "lineTrigger": "HitWith",
          "move": "Sleep",
          "theText": ["'Nnnhh!?'",
                      "'Strange... haha I feel weird~'"
      ]
      },
      {
          "lineTrigger": "HitWith",
          "move": "Pinch Nipples",
          "theText": ["'Mmmph~♥ pinch me harder~♥'",
          "'Haa~♥ I want more~♥'",
          "'Ahhn~♥'"]
      },
      {
          "lineTrigger": "HitWith",
          "move": ["Seduce", "Enamor", "Smoldering Seduction", "Smoldering Flaunt", "Massaging Seduction", "Mass Seduction"],
          "theText": ["'Hole... need a warm hole...'",
              "'I feel so hot~♥'",
              "'Ahhh~♥  I wanna cum in you~♥'"
      ]
      },
      {
          "lineTrigger": "HitWith",
          "move": ["Lewd Bottle", "Cloying Mist", "Placebo Pheromone"],
          "theText": [
          "'Hole... need a warm hole...'",
          "'I feel so hot~♥'",
          "'Ahhh~♥  I wanna cum in you~♥'"
      ]
      },
      {
          "lineTrigger": "HitWith",
          "move": ["Enfeeble", "Sensitize"],
          "theText": [
                      "'Weak... why do I... haa~♥'"
      ]
      },
      {
          "lineTrigger": "HitWith",
          "move": "Disarming Appeal",
          "theText": [
                      "'Ah~♥ Hold still~ I'll be gentle♥"
      ]
      },
      {
          "lineTrigger": "HitWith",
          "move": "Ear Tease",
          "theText": ["'Ah~♥  that feels good!'",
              "Mmmh~♥ More~♥'"
      ]
      },
      {
          "lineTrigger": "HitWith",
          "move": "Analyze",
          "theText": [ "She breaths heavily with a crazed look in her eye.",
                       "The crazed expression she wears makes you step back nervously.",
                      "While stroking her cock, she looks at your ass intently making you step back with a disturbed expression."
                      ]
      },
      {
          "lineTrigger": "HitWith",
          "move": "Brace Head",
          "theText": ["'Warm... a tight hole~♥'",
                      "'So tight... ahh~♥'",
                      "'Take it~♥ Ahhh take it all~♥'"
      ]
      },
      {
          "lineTrigger": "HitWith",
          "move": "Clinch Ass",
          "theText": ["'So good...♥'",
                      "'Cum... I wanna cum...♥!'"]
      },
      {
          "lineTrigger": "HitWith",
          "move": "Squeeze Legs",
          "theText": ["'Ahhhn~♥  More~♥ I need more~♥'",
                      "'So warm... haaaa~♥'"
      ]
      },
      {
          "lineTrigger": "HitWith",
          "move": "Grind Hips",
          "theText": ["'Mmmh~♥ Feels good...'",
                      "'I wanna... haa hehe... so tight~♥",
                      "'More... I want more~♥'"
      ]
      },
      {
          "lineTrigger": "HitWith",
          "move": "Give Handjob",
          "theText": ["'Mmmh~♥ That's it....'",
                      "'I want more~♥ Haa, so good....",
                      "'Haha...♥ hehehe...♥'"
      ]
      },
      {
          "lineTrigger": "HitWith",
          "move": "Magic Onahole",
          "theText": ["'Mmmh~♥ That's it....'",
          "'I want more~♥ Haa, so good....",
          "'Haha...♥ hehehe...♥'"
      ]
      },
      {
          "lineTrigger": "HitWith",
          "move": "Submissive Look",
          "theText": ["'You're crying~♥ So hot~♥'",
                      "'So cute... cry more~♥'"
      ]
      },
      {
        "lineTrigger": "UsesMove",
        "move": "Desire Pulse",
        "theText": ["'Ahhh, I can't... so much power~♥'",
          "'So horny... I can't take it anymore~♥'",
          "'I need... I need to cum inside you...'"
      ]
      },
      {
        "lineTrigger": "UsesMove",
        "move": "Ninja Art: Erotic Mist Enhanced",
        "theText": ["'Breathe it in~'"]
      },
      {
        "lineTrigger": "UsesMove",
        "move": "Ninja Art: Super Erotic Mist Enhanced",
        "theText": ["'Breathe it in~'"]
      },
      {
        "lineTrigger": "UsesMove",
        "move": "Ninja Art: Pressure Points Revised",
        "theText": ["'Take that!'"]
      },
      {
        "lineTrigger": "UsesMove",
        "move": "Ninja Art: Wild Horse",
        "theText": ["'Take this~♥'"
       ]
      },
      {
        "lineTrigger": "UsesMove",
        "move": "Skilled Pounding",
        "theText": [
            "'Aha~ haha, that's it, fuuuuck... so good...'",
            "'So good so good so good...'"
        ]
      },
      {
        "lineTrigger": "UsesMove",
        "move": "Kunoichi Gangbang",
        "theText":[
            "'So tight... fuck take it... that's it~'",
            "'I want to cum I want to cum I want to cum~!'",
            "'Going to fill you... so much... ahhhh so good~'"
        ]
      },
      {
        "lineTrigger": "UsesMove",
        "move": "Ninja Art: Oral Rampage",
        "theText": [
            "'Warm hole... so good...'"
        ]
      },
      {
        "lineTrigger": "UsesMove",
        "move": "Forced Deepthroat",
        "theText": ["'Aha~ haha, that's it, fuuuuck... so good...'",
        "'So good so good so good...'"]
      },
      {
        "lineTrigger": "UsesMove",
        "move": "Kunoichi Assist",
        "theText":[
          "'Haa~ That's it suck her cock~♥'",
          "'I'm going next~♥'",
          "'Haaa~♥ so hot...'"
      
      ]
      },
      {
        "lineTrigger": "UsesMove",
        "move": "Kunoichi Sloppy Gangbang",
        "theText": [
            "'So wet and tight~'",
            "She incoharently giggles while fucking your face!",
            "'I want to cum... cum... hehe hah ha ha~'"
        ]
      },
      {
        "lineTrigger": "LowHealth",
        "move": "",
        "theText": [
          "'Gonna cum~♥ Finally~♥'"
        ]
      },
      {
        "lineTrigger": "PlayerLowHealth",
        "move": "",
        "theText": [
          "'You're looking weaker~♥'"
        ]
      },
      {
        "lineTrigger": "OnPlayerOrgasm",
        "move": "",
        "theText": [
          "'Haha... hehehe he came already... How lucky~'"
        ]
      },
      {
          "lineTrigger": "OnPlayerOrgasm",
          "move": ["Forced Deepthroat", "Asphyxiating Thrust"],
          "theText": [
                      "'Warm... more~♥'",
                      "'So tight... I want to fuck your face more~♥'",
                      "'So good~♥'",
                      "'I wanna cum too~♥'"
                      ]
      },
      {
          "lineTrigger": "OnPlayerOrgasm",
          "move": ["Skilled Pounding"],
          "theText": [
                      "'So good~♥.",
                      "'You're cumming... I wanna cum too~♥'",
                      "'Slut~♥ My turn~♥'"
                      ]
      },
      {
          "lineTrigger": "OnOrgasm",
          "move": "",
          "theText": ["'Ahhh~♥ I'm cumming~!!♥'",
                      "'Oooooghhh~♥ That's it~♥'"
      ]
      },
      {
          "lineTrigger":"OnOrgasm",
          "move": "Anal - Futa",
          "theText": ["|f|CallCombatEventAndScene|/|AfflictedKunoichiCombatEvents|/|CumAnal1|n|"]
      },
      {
          "lineTrigger":"OnOrgasm",
          "move": "Irrumatio",
          "theText": ["|f|CallCombatEventAndScene|/|AfflictedKunoichiCombatEvents|/|CumOral1|n|"]
      },
      {
          "lineTrigger": "StanceStruggle",
          "move": "Irrumatio",
          "theText": ["You struggle to break free from the Kunoichi's manic facefucking..."
        ]
      },
      {
          "lineTrigger": "StanceStruggleFail",
          "move": "Irrumatio",
          "theText": ["But her constant thrusting keeps her cock down your throat.",
                      "But she doesn't even notice, too busy fucking your face.",
                      "But she easily overpowers you and obsessively keeps trying to reach orgasm."
                      ]
      },
      {
          "lineTrigger": "StanceStruggleComment",
          "move": "Irrumatio",
          "theText": ["'No~♥ I wanna cum first~♥'",
                      "'Cum~♥ Cum~♥ need to cum...♥'",
                      "'Tight... hole~♥ haaa♥'"
                      ]
      },
      {
          "lineTrigger": "StanceStruggleFree",
          "move": "Irrumatio",
          "theText": [ "And you manage to barely push her away!"
          ]
      },
      {
          "lineTrigger": "StanceStruggleFreeComment",
          "move": "Irrumatio",
          "theText": ["'Ahh~ Noooo~♥'",
                      "'I... I'm not done... {b}You...{/b}'",
                      "'Not done...♥ Need more~!!'"
                      ]
      },
      {
          "lineTrigger": "StanceStruggle",
          "move": "Anal - Futa",
          "theText": ["You feebly try pulling away from the Kunoichi's insatiable pounding..."
                  ]
      },
      {
          "lineTrigger": "StanceStruggleFail",
          "move": "Anal - Futa",
          "theText": ["But the Kunoichi holds you in place and relentlessly fucks your ass hard as she can!",
                      "But she pushes her large breasts against your back and holds you tightly while fucking you!",
                      "But a hand grabs you by your hair holding you in place, the pain making you arch your back and grind against her throbbing cock!"]
      },
      {
          "lineTrigger": "StanceStruggleComment",
          "move": "Anal - Futa",
          "theText":["'Tight....♥ Sho good~♥'",
                     "'Cum... wanna cum... I need to cum...♥'",
                     "'Noo~♥ I want to keep going~♥'"
                  ]
      },
      {
          "lineTrigger": "StanceStruggleFree",
          "move": "Anal - Futa",
          "theText": ["And you manage to finally kick her away with a lewd {i}schlorp{/i} coming from the cock exiting you."]	
      },
      { "lineTrigger": "StanceStruggleFreeComment",
        "move": "Anal - Futa",
        "theText": [
        "'Ahh~ Noooo~♥'",
        "'I... I'm not done... {b}You...{/b}'",
        "'Not done...♥ Need more~!!'"]
      },
      {
        "lineTrigger": "OnSurrender",
        "move": "",
        "theText": [ "'Haa~♥ I'm going to fuck you~♥'"
        ]
      }
    ],
    "victoryScenes": [
      {
        "NameOfScene": "Defended yourself1",
        "move": "",
        "stance": "",
        "includes": ["Afflicted Kunoichi"],
        "theScene": ["Breathing deeply you fight her off, sanity comes back to her eyes momentarily only to go away once again.",
        "Dropping to all fours she backs away in an animalistic manner before running of into the darkened halls...",
        "Gathering your wits you continue onwards."
      ],
        "picture": ""
      },
      {
        "NameOfScene": "Defended yourself2",
        "move": "",
        "stance": "",
        "includes": ["Afflicted Kunoichi", "Afflicted Kunoichi"],
        "theScene": ["Breathing deeply you fight them back, all of your heavy panting is the only sound in the dark halls as they step back slowly.",
       "With something akin to a grunt from one of the Kunoichi they back off and run down the halls on all fours.",
       "Waiting a few moments to see if they come back you relax and continue onwards..."
      ],
        "picture": ""
      }
    ],
    "pictures": [
        {
            "Name": "Base",
            "StartOn": "1",
            "AlwaysOn": "0",
            "IsScene": "0",
            "TheBody": "1",
            "Overlay": "No",
            "setXalign": "0.0",
            "setYalign": "0.30",
            "Images": [
                {
                    "Name": "1Base",
                    "File": "../Mods/FutaDOM/Images/AfflictedKunoichi/AfflictedKunoichi2.png",
                    "setXalign": "0.0",
                    "setYalign": "0.0"
                },
                {
                  "Name": "2Base",
                  "File": "../Mods/FutaDOM/Images/AfflictedKunoichi/AfflictedKunoichi1.png",
                  "setXalign": "0.0",
                  "setYalign": "0.0"
                }
            ]
          }
    ]
}
