{
    "name": "BasicEnemySkills",
    "CardType": "",
    "CardLimit": "0",
    "Description": "",
    "requires": [ ""],
    "Speakers": [
        {
          "name": "",
          "postName": "",
          "SpeakerType": ""
        }
      ],
    "EventText": [
        {
            "NameOfScene": "ForcedDeepthroat",
            "theScene": ["SwapLineIf", "Random",
              "Grinning sadistically, [AttackerName] thrusts every inch she can into [TargetName]'s sore throat, blowing past [TargetHisOrHer]'s gag reflex without remorse.",
              "Letting out a low moan, [AttackerName] violently thrusts her cock down [TargetName]'s tight throat, making him sputter helplessly on her cock!",
            "EndLoop"]
          },
          {
            "NameOfScene": "AsphyxiatingThrust",
            "theScene": [
              "SwapLineIf", "Random",
                "[AttackerName] thrusts her cock all the way down [TargetName]'s throat and holds it there for long as she can, enjoying the feeling of [TargetName] gagging and struggling around her.",
                "Holding your head in place, [AttackerName] enjoys the way you choke and gag around her thick member as she grinds into your throat.",
                "Gagging loudly, you convulse between [TargetName]'s legs as she forces you to choke around her thick cock!",
              "EndLoop"
      
            ]	
            },
            {
							"NameOfScene": "DarkStroking",
							"theScene": [
								"SwapLineIf", "Random",
								"[AttackerName] cocks a hip to the side while stroking her fat cock with a grin.",
								"Your eyes are drawn to your opponents dick as she begins stroking herself, causing a drop of pre to appear.",
								"[AttackerName], walks towards you seductively while stroking her cock with a lecherous expression.",
								"EndLoop"]
		      },
          {
            "NameOfScene": "SkilledPounding",
            "theScene": ["SwapLineIf", "Random",
              "|f|PlaySoundEffect|/|sfx/Erotic/Sex/Piston slightly dry (high speed) 18 times.wav|n|Holding [TargetName] from behind [AttackerName] breaths heavily while skillfully fucking [TargetHimOrHer] hard as she can!",
              "|f|PlaySoundEffect|/|sfx/Erotic/Sex/Piston slightly dry (high speed) 18 times.wav|n|[AttackerName] skillfully pounds [TargetName] from behind with her throbbing shaft.",
              "|f|PlaySoundEffect|/|sfx/Erotic/Sex/Piston slightly dry (high speed) 18 times.wav|n|Moaning lewdly [AttackerName] skillfully fucks [TargetName] from behind with her pulsing member.",
            "EndLoop"]
          },
          {
            "NameOfScene": "HeavyPounding",
            "theScene": ["SwapLineIf", "Random",
              "|f|PlaySoundEffect|/|sfx/Erotic/Sex/Piston slightly dry (low speed) 5 times.wav|n|Holding down [ThePlayerName] from behind, she fucks them deep and hard as possible.",
              "|f|PlaySoundEffect|/|sfx/Erotic/Sex/Piston slightly dry (low speed) 5 times.wav|n|With body rocking thrusts, [AttackerName] fucks [TargetName] hard enough to make their head spin.",
              "|f|PlaySoundEffect|/|sfx/Erotic/Sex/Piston slightly dry (low speed) 5 times.wav|n|Grinning sadistically, [AttackerName] fucks [TargetName] with increasing power.",
            "EndLoop"]
          },
          {
              "NameOfScene": "FeralPounding,",
              "theScene": [
                "SwapLineIf", "Random",
                  "|f|PlaySoundEffect|/|sfx/Erotic/Sex/Piston slightly dry (high speed) 18 times.wav|n|[AttackerName] mercilessly fucks [TargetName]'s tight ass while they're unable to move, each thrust rocking them forwards making the Pillory creak!",
                  "|f|PlaySoundEffect|/|sfx/Erotic/Sex/Piston slightly dry (high speed) 18 times.wav|n|[TargetName] grits their teeth at the merciless pace of [AttackerName]'s thrusting, each one making [TargetName]'s vision white out from pleasure!",
                  "|f|PlaySoundEffect|/|sfx/Erotic/Sex/Piston slightly dry (high speed) 18 times.wav|n|[AttackerName] visciously thrusts her hips while moaning loudly, [TargetName] can only grit their teeth and endure the mind bending pleasure!",
                  "EndLoop"
              ]
          },
          {
            "NameOfScene": "ErosKick",
            "theScene": [
              "SwapLineIf", "Random",
              "[AttackerName]'s foot shines with pink energy as she kicks out towards [TargetName]'s head! |n|[TargetName] takes the attack across the head, the energy diffuses in their body heating them up with masochistic pleasure!",
              "Without warning [AttackerName] spins in a roundhouse kick, her foot shining bright pink as it hits [TargetName] in the crotch. |n|Despite the impact you feel nothing but pleasure pushed into your body from the energy!",
              "Rushing at [TargetName], [AttackerName] kicks at their head with their foot glowing pink. |n|[TargetName] skillfully dodges the foot only to miss the twist of her hips as her other foot swings around catching [TargetHimOrHer] in the side of the face! |n|Pleasure flows through your body as the lewd energy is transferred into your body!",
              "Kneeing [TargetName] in the chest, [AttackerName] grabs [TargetHisOrHer] head and throws them to the ground. |n|[TargetName] has just enough time to look up in surprise before a glowing pink foot connects with their chin sending them flying!",
              "EndLoop"
            ]
          },
          {
            "NameOfScene": "ErosPunch",
            "theScene": [
              "SwapLineIf", "Random",
              "[AttackerName] gives a feral grin and rushes at [TargetName]. |n|With a glowing pink fist she punches [TargetName] in the gut, however instead of knocking [TargetHisOrHer] breath out the attack causes pleasure to shoot through their body!",
              "Raising her fists in a classic boxers stance, [AttackerName] sends out several glowing jabs at [TargetName] sending pleasure through their body with each hit!",
              "[TargetName] steps back dodging a glowing kick aimed at [TargetHisOrHer] head, but doesn't see the glowing fist coming until it hits them in the face! |n|Somehow there's no pain, instead pleasure is sent directly into their brain making [TargetHisOrHer] legs almost give out!",
              "EndLoop"
            ]
          }

    ]
}