{
    "name": "PlayerCombatEvents",
    "CardType": "",
    "CardLimit": "0",
    "Description": "",
    "requires": [ ""],
    "Speakers": [
        {
            "name": "God",
            "postName": "",
            "SpeakerType": "Monster"
        }
    ],
    "EventText": [
        {
            "NameOfScene": "GiveSkilledDeepthroat",
            "theScene": [
            "[AttackerName] surpresses their gag reflex and takes the entirity of [TargetName]'s cock forcing a surprised gasp from them!",
            "Suddenly deepthroating [TargetName], [AttackerName] looks up into their eyes with a smug glint in their eyes",
            "[TargetName]'s legs almost give out when [AttackerName] suddenly deepthroats their member causing them to grab onto [AttackerName]'s head to steady themselves."
            ]
        }

    ]
}