{
    "name": "Fuck Back",
    "cost": "25",
    "costType": "ep",
    "requiredLevel": "1",
    "learningCost": "0",
    "skillType": "attack",
    "statType": "Technique",
    "requiredStat": "25",
	
    "skillTags": ["Ass"],
    "fetishTags": ["Futanari"],
    
    "startsStance": "",
    "requiresStance": "Any",
    "unusableIfStance": [ 
    "Blowjob",
    "Penetration",
    "Titfuck",
    "Face Sit",
    "Irrumatio"],
    "requiresTargetStance": ["Anal - Futa", "Missionary - Futa"],
    "unusableIfTarget": [""],
    "removesStance": "None",
	
	"requiresPerk": [""],
	"requiresOnePerk": "",
	"unusableIfPerk": [""],
    "requiresPerkSelf": [""],
    "requiresOnePerkSelf": "",
    "unusableIfPerkSelf": [""],
	
    "requiresStatusEffect": "None",
    "requiresStatusPotency": "0",
    "unusableIfStatusEffect": ["None"],
        "requiresStatusEffectSelf": "None",
        "requiresStatusPotencySelf": "0",
        "unusableIfStatusEffectSelf": ["None"],
		
        "scalesWithStatusEffect": "",
        "flatDamageSF-FlatScaling": "0",
        "flatDamageSF-PercentScaling": "0",
        "totalDamageSF-PercentScaling": "0",
	
	"targetType": "single",
		"accuracy": "0",
		"initiative": "0",
		
    "power": "55",
    "minRange": "90",
    "maxRange": "110",
    "recoil": "35",
	"critDamage": "75",
	"critChance": "25",
	
    "statusEffect": "Defence",
    "statusChance": "90",
    "statusDuration": "6",
    "statusPotency": "-40",
    "statusResistedBy": "Willpower",
    "statusText": "",
    "descrip": "Bring your hips back fucking against your enemies cock",
    "outcome": "[AttackerName] bucks into [TargetName]'s thrusting forcing them to gasp in pleasure as [AttackerName] skillfully uses their hips.",
    "miss": "[AttackerName]'s bucks into [TargetName]'s thrusting, but [TargetName] pins them down and fucks them even harder.",
    "statusOutcome": "[TargetName] gasps as their oversensitive penis is stimuated.",
    "statusMiss": "[TargetName] grits their teeth as [AttackerName] clamps down on them.",
    "restraintStruggle": "",
    "restraintStruggleCharmed": "",
    "restraintEscaped": "",
    "restraintEscapedFail": ""
}
