{
    "name": "Give Skilled Deepthroat",
    "cost": "25",
    "costType": "ep",
    "requiredLevel": "1",
    "learningCost": "0",
    "skillType": "attack",
    "statType": "Technique",
    "requiredStat": "20",
	
    "skillTags": ["Mouth"],
    "fetishTags": ["Futanari"],
	
    "startsStance": "",
    "requiresStance": "Irrumatio",
    "unusableIfStance": [ 
    "Anal - Futa",
    "Prone Bone - Futa",  
    "Blowjob",
    "Penetration",
    "Titfuck",
    "Face Sit"
                        ],
    "requiresTargetStance": ["Irrumatio"],
    "unusableIfTarget": [""],
    "removesStance": "None",
	
	"requiresPerk": [""],
	"requiresOnePerk": "",
	"unusableIfPerk": [""],
    "requiresPerkSelf": [""],
    "requiresOnePerkSelf": "",
    "unusableIfPerkSelf": [""],
	
    "requiresStatusEffect": "None",
    "requiresStatusPotency": "0",
    "unusableIfStatusEffect": ["None"],
        "requiresStatusEffectSelf": "None",
        "requiresStatusPotencySelf": "0",
        "unusableIfStatusEffectSelf": ["None"],
		
        "scalesWithStatusEffect": "",
        "flatDamageSF-FlatScaling": "0",
        "flatDamageSF-PercentScaling": "0",
        "totalDamageSF-PercentScaling": "0",
	
	"targetType": "single",
		"accuracy": "-20",
		"initiative": "0",
		
    "power": "50",
    "minRange": "90",
    "maxRange": "110",
    "recoil": "10",
	"critDamage": "25",
	"critChance": "10",
	
    "statusEffect": "Aphrodisiac",
    "statusChance": "75",
    "statusDuration": "11",
    "statusPotency": "30",
    "statusResistedBy": "Willpower",
    "statusText": "",
    "descrip": "Take your target to the back of your throat to pleasure them.",
    "outcome": "[AttackerName] surpresses their gag reflex and takes the entirity of her cock, forcing a surprised gasp from them!",
    "miss": "[AttackerName] tries to deepthroat the cock in their mouth, but just sputters pitifully around it instead!",
    "statusOutcome": "[TargetName] moans loudly under [AttackerName]'s skilled deepthroat as they begin to feel more sensitive!",
    "statusMiss": "[TargetName] manages to keep themselves together under [AttackerName]'s skilled deepthroat!",
    "restraintStruggle": "",
    "restraintStruggleCharmed": "",
    "restraintEscaped": "",
    "restraintEscapedFail": ""
}