{
  "name": "Asphyxiating Thrust",
  "cost": "0",
  "costType": "ep",
  "requiredLevel": "0",
  "learningCost": "0",
  "skillType": "attack",
  "statType": "Power",
  "statusEffectScaling": "0",
  "requiredStat": "0",
  "skillTags": [ "Mouth" ],
  "fetishTags": [ "Futanari" ],
  "startsStance": [ "" ],
  "requiresStance": "Any",
  "unusableIfStance": [ "" ],
  "requiresTargetStance": [ "Irrumatio" ],
  "unusableIfTarget": [],
  "removesStance": [ "None" ],
  "requiresStatusEffect": "Restrain",
  "requiresStatusPotency": "0",
  "unusableIfStatusEffect": [ "None" ],
  "requiresStatusEffectSelf": "None",
  "requiresStatusPotencySelf": "0",
  "unusableIfStatusEffectSelf": [ "None" ],
  "scalesWithStatusEffect": "",
  "flatDamageSF-FlatScaling": "0",
  "flatDamageSF-PercentScaling": "0",
  "totalDamageSF-PercentScaling": "0",
  "requiresPerk": [],
  "requiresOnePerk": [],
  "unusableIfPerk": [],
  "requiresPerkSelf": [],
  "requiresOnePerkSelf": [],
  "unusableIfPerkSelf": [],
  "power": "40",
  "minRange": "100",
  "maxRange": "100",
  "recoil": "80",
  "critChance": "0",
  "critDamage": "0",
  "targetType": "single",
  "accuracy": "0",
  "initiative": "0",
  "statusEffect": "Stun",
  "statusChance": "100",
  "statusDuration": "1",
  "statusPotency": "1",
  "statusResistedBy": "Willpower",
  "statusText": "",
  "descrip": "",
  "outcome": "[AttackerName] thrusts her cock all the way down [TargetName]'s throat and holds it there for long as she can, enjoying the feeling of [TargetName] gagging and struggling around her.",
  "miss": "[AttackerName] tries to thrust her cock all the way down [TargetName]'s throat but he manages to stop her!",
  "statusOutcome": "[TargetName]'s lack of air makes them almost pass out as they begin to see stars.",
  "statusMiss": "[TargetName] chokes and gags around [AttackerName]'s cock but remains coherent.",
  "restraintStruggle": [
    ""
  ],
  "restraintStruggleCharmed": [
    ""
  ],
  "restraintEscaped": [
    ""
  ],
  "restraintEscapedFail": [
    ""
  ]
}