{
    "name": "Eros Claw",
    "cost": "5",
    "costType": "ep",
    "requiredLevel": "0",
    "learningCost": "500",
    "skillType": "attack",
    "statType": "Technique",
    "requiredStat": "7",

    "skillTags": ["Pain"],
    "fetishTags": [""],

    "startsStance": "",
    "requiresStance": "Any",
    "unusableIfStance": ["Any"],
    "requiresTargetStance": ["Any"],
    "unusableIfTarget": [""],
    "removesStance": "None",

    "requiresStatusEffect": "None",
    "requiresStatusPotency": "0",
    "unusableIfStatusEffect": ["None"],
        "requiresStatusEffectSelf": "None",
        "requiresStatusPotencySelf": "0",
        "unusableIfStatusEffectSelf": ["None"],

    "targetType": "2Hits",
        "accuracy": "70",
        "initiative": "0",


    "power": "20",
    "minRange": "100",
    "maxRange": "100",
    "recoil": "0",
    "critDamage": "0",
    "critChance": "0",

    "statusEffect": "Aphrodisiac",
    "statusChance": "30",
    "statusDuration": "6",
    "statusPotency": "25",
    "statusResistedBy": "Willpower",
    "statusText": "",
    "descrip": "",
    "outcome": "[AttackerName] hands turn pink and bright claws appear, [TargetName] barely has time to respond before they're hit multiple times sending pleasure running through them!",
    "miss": "[AttackerName] hands turn pink and bright claws appear,  but [TargetName] manages to deftly dodge each attack!",
    "statusOutcome": "The pink claws leave an aphrodisiac in [TargetName]'s body!",
    "statusMiss": "The pink claws leave an aphrodisiac in [TargetName]'s body, but [TargetName] manages to resist it!",
    "restraintStruggle": "",
    "restraintStruggleCharmed": "",
    "restraintEscaped": "",
    "restraintEscapedFail": ""
}
