{
    "name": "Heavy Pounding",
    "cost": "25",
    "costType": "ep",
    "requiredLevel": "0",
    "learningCost": "0",
    "skillType": "attack",
    "statType": "",
    "statusEffectScaling": "0",
    "requiredStat": "0",
    "skillTags": ["Ass"],
    "fetishTags": ["Futanari"],
    "startsStance": "",
    "requiresStance": "Anal - Futa",
    "unusableIfStance": ["Missionary - Futa", "Irrumatio"],
    "requiresTargetStance": ["Any"],
    "unusableIfTarget": [],
    "removesStance": ["None"],
    "requiresStatusEffect": "",
    "requiresStatusPotency": "0",
    "unusableIfStatusEffect": ["None"],
    "requiresStatusEffectSelf": "None",
    "requiresStatusPotencySelf": "0",
    "unusableIfStatusEffectSelf": ["None"],
    "scalesWithStatusEffect": "",
    "flatDamageSF-FlatScaling": "0",
    "flatDamageSF-PercentScaling": "0",
    "totalDamageSF-PercentScaling": "0",
    "requiresPerk": [],
    "requiresOnePerk": [],
    "unusableIfPerk": [],
    "requiresPerkSelf": [],
    "requiresOnePerkSelf": [],
    "unusableIfPerkSelf": [],
    "power": "40",
    "minRange": "100",
    "maxRange": "100",
    "recoil": "30",
    "critChance": "0",
    "critDamage": "0",
    "targetType": "Single",
    "accuracy": "100",
    "initiative": "125",
    "statusEffect": "Paralysis",
    "statusChance": "100",
    "statusDuration": "2",
    "statusPotency": "1",
    "statusResistedBy": "Willpower",
    "statusText": "",
    "descrip": "You are pinned from behind and being fucked into submission",
    "outcome": "|f|PlaySoundEffect|/|sfx/Erotic/Sex/Piston slightly dry (low speed) 5 times.wav|n|With body rocking thrusts, [AttackerName] fucks [TargetName] hard enough to make their head spin.",
    "miss": "She holds [TargetName] down from behind while trying to fuck them!",
    "statusOutcome": "[TargetName] locks up from the mind numbing sensation of being dominated",
    "statusMiss": "[TargetName] grits their teeth and tries to escape the situation.",
    "restraintStruggle": "",
    "restraintStruggleCharmed": "",
    "restraintEscaped": "",
    "restraintEscapedFail": ""
  }