{
    "name": "Seductive Grind",
    "cost": "5",
    "costType": "ep",
    "requiredLevel": "0",
    "learningCost": "0",
    "skillType": "attack",
    "statType": "Technique",
    "requiredStat": "0",

    "skillTags": [ "Seduction"],
    "fetishTags": [ "Futanari"],

    "startsStance": "",
    "requiresStance": "Any",
    "unusableIfStance": ["Any"],
    "requiresTargetStance": ["Any"],
    "unusableIfTarget": [""],
    "removesStance": "None",

    "requiresStatusEffect": "None",
    "requiresStatusPotency": "0",
    "unusableIfStatusEffect": [ "None"],

    "power": "40",
    "minRange": "90",
    "maxRange": "110",
    "recoil": "0",
    "targetType": "single",
    "statusEffect": "None",
    "statusChance": "0",
    "statusDuration": "0",
    "statusPotency": "0",
    "statusResistedBy": "",
    "statusText": "",
    "descrip": "",
    "outcome": "[AttackerName] sensually grinds her large erection against [TargetName]'s thigh while whispering into [TargetHisOrHer] ear.",
    "miss": "[AttackerName] sensually grinds her large erection against [TargetName]'s thigh while whispering into [TargetHisOrHer] ear, but [TargetName] does [TargetHisOrHer] best to ignore it.",
    "statusOutcome": "",
    "statusMiss": "",
    "restraintStruggle": "",
    "restraintStruggleCharmed": "",
    "restraintEscaped": "",
    "restraintEscapedFail": ""
}
