{
    "name": "Skilled Pounding",
    "cost": "25",
    "costType": "ep",
    "requiredLevel": "0",
    "learningCost": "0",
    "skillType": "attack",
    "statType": "Technique",
    "statusEffectScaling": "0",
    "requiredStat": "0",
    "skillTags": ["Ass"],
    "fetishTags": ["Futanari"],
    "startsStance": "",
    "requiresStance": "Anal - Futa",
    "unusableIfStance": ["Missionary - Futa", "Irrumatio"],
    "requiresTargetStance": ["Anal - Futa"],
    "unusableIfTarget": [""],
    "removesStance": ["None"],
    "requiresStatusEffect": "",
    "requiresStatusPotency": "0",
    "unusableIfStatusEffect": ["None"],
    "requiresStatusEffectSelf": "None",
    "requiresStatusPotencySelf": "0",
    "unusableIfStatusEffectSelf": ["None"],
    "scalesWithStatusEffect": "",
    "flatDamageSF-FlatScaling": "0",
    "flatDamageSF-PercentScaling": "0",
    "totalDamageSF-PercentScaling": "0",
    "requiresPerk": [],
    "requiresOnePerk": [],
    "unusableIfPerk": [],
    "requiresPerkSelf": [],
    "requiresOnePerkSelf": [],
    "unusableIfPerkSelf": [],
    "power": "25",
        "minRange": "100",
        "maxRange": "100",
    "recoil": "25",
    "critDamage": "0",
    "critChance": "0",
    "targetType": "Single",
    "accuracy": "100",
    "initiative": "125",
    "statusEffect": "None",
        "statusPotency": "0",
        "statusDuration": "0",
        "statusChance": "0",
        "statusResistedBy": "",
    "statusText": "",
    "descrip": "You are pinned from behind and being fucked into submission",
    "outcome":  "|f|PlaySoundEffect|/|sfx/Erotic/Sex/Piston slightly dry (high speed) 18 times.wav|n|Holding [TargetName] from behind [AttackerName] breaths heavily while skillfully fucking [TargetHimOrHer] hard as she can!",
    "miss": "[TargetName] does [TargetHisOrHer] best to resist [TargetName]'s cock!",
    "statusOutcome": "[TargetName] locks up from the mind numbing sensation of being dominated",
    "statusMiss": "",
    "restraintStruggle": "",
    "restraintStruggleCharmed": "",
    "restraintEscaped": "",
    "restraintEscapedFail": ""
  }