{
    "name": "FutaDOM",
    "description": "A mod that tells a story about you accidentally giving everyone in the planet a schlong, largely my attempt at using this engine for an actual story.\n",
    "testedFor": {"major": 25, "minor": 6, "patch": 1},
    "semVersion": {"major": 1, "minor": 0, "patch": 0},
    "tags" : [
        "Femdom",
        "No Reverse",
        "Heavy futanari content",
        "Black Cock Focus for some monsters.",
        "Audio in H-scenes, tell me how those go btw",
        "Don't expect to actually win a battlefuck",
        "2 monsters for now",
        "New quests",
        "New events",
        "A lot of changes to official NPC's",
        "Amber is packing and WILL dick you down!",
        "An actual story, the real horror here will be my bad writing.",
        "Not Complete!",
        "Consider literally everything in this as a placeholder that can change at anytime!"
    ],
    "credits": [
    "Lots of AI art n stuff, how do you even source that? also some open source sounds",
    "Oh right, and choking sounds from SuperDeepThroat"
    ],
    "authors": [
        "bitteroldman on discord"
    ],
    "urlLabel": "Wiki Page",
    "url": "No Wiki Page yet."
}