{
    "name": "Brace Head",
    "cost": "5",
    "costType": "ep",
    "requiredLevel": "1",
    "learningCost": "1000",
    "skillType": "attack",
    "statType": "Technique",
    "requiredStat": "10",
	
    "skillTags": ["Mouth"],
    "fetishTags": ["Futanari"],
	
    "startsStance": "",
    "requiresStance": "Irrumatio",
    "unusableIfStance": [ 
    "Anal - Futa",
    "Prone Bone - Futa",  
    "Blowjob",
    "Penetration",
    "Titfuck",
    "Face Sit"
                        ],
    "requiresTargetStance": ["Irrumatio"],
    "unusableIfTarget": [""],
    "removesStance": "None",
	
	"requiresPerk": [""],
	"requiresOnePerk": "",
	"unusableIfPerk": [""],
    "requiresPerkSelf": [""],
    "requiresOnePerkSelf": "",
    "unusableIfPerkSelf": [""],
	
    "requiresStatusEffect": "None",
    "requiresStatusPotency": "0",
    "unusableIfStatusEffect": ["None"],
        "requiresStatusEffectSelf": "None",
        "requiresStatusPotencySelf": "0",
        "unusableIfStatusEffectSelf": ["None"],
		
        "scalesWithStatusEffect": "",
        "flatDamageSF-FlatScaling": "0",
        "flatDamageSF-PercentScaling": "0",
        "totalDamageSF-PercentScaling": "0",
	
	"targetType": "single",
		"accuracy": "0",
		"initiative": "0",
		
    "power": "50",
    "minRange": "90",
    "maxRange": "110",
    "recoil": "20",
	"critDamage": "0",
	"critChance": "10",
	
    "statusEffect": "None",
    "statusChance": "0",
    "statusDuration": "0",
    "statusPotency": "0",
    "statusResistedBy": "",
    "statusText": "",
    "descrip": "Choke your target from behind as you rail their ass.",
    "outcome": "[AttackerName] does their best not to choke on [TargetName]'s cock.",
    "miss": "[AttackerName] does their best not to choke on [TargetName]'s cock",
    "statusOutcome": "",
    "statusMiss": "",
    "restraintStruggle": "",
    "restraintStruggleCharmed": "",
    "restraintEscaped": "",
    "restraintEscapedFail": ""
}