{
    "name": "Clinch Ass",
    "cost": "15",
    "costType": "ep",
    "requiredLevel": "1",
    "learningCost": "1000",
    "skillType": "attack",
    "statType": "Technique",
    "requiredStat": "10",
	
    "skillTags": ["Ass"],
    "fetishTags": ["Futanari"],
	
    "startsStance": "",
    "requiresStance": "Any",
    "unusableIfStance": [ 
    "Blowjob",
    "Penetration",
    "Titfuck",
    "Face Sit",
    "Irrumatio"],
    "requiresTargetStance": ["Anal - Futa", "Missionary - Futa"],
    "unusableIfTarget": [""],
    "removesStance": "None",
	
	"requiresPerk": [""],
	"requiresOnePerk": "",
	"unusableIfPerk": [""],
    "requiresPerkSelf": [""],
    "requiresOnePerkSelf": "",
    "unusableIfPerkSelf": [""],
	
    "requiresStatusEffect": "None",
    "requiresStatusPotency": "0",
    "unusableIfStatusEffect": ["None"],
        "requiresStatusEffectSelf": "None",
        "requiresStatusPotencySelf": "0",
        "unusableIfStatusEffectSelf": ["None"],
		
        "scalesWithStatusEffect": "",
        "flatDamageSF-FlatScaling": "0",
        "flatDamageSF-PercentScaling": "0",
        "totalDamageSF-PercentScaling": "0",
	
	"targetType": "single",
		"accuracy": "0",
		"initiative": "0",
		
    "power": "50",
    "minRange": "90",
    "maxRange": "110",
    "recoil": "10",
	"critDamage": "0",
	"critChance": "10",
	
    "statusEffect": "Charm",
    "statusChance": "50",
    "statusDuration": "6",
    "statusPotency": "0",
    "statusResistedBy": "Willpower",
    "statusText": "",
    "descrip": "Clamp down on the person fucking you.",
    "outcome": "[AttackerName] moans and clamps down on [TargetName]'s cock massaging their member causing them to gasp at the sudden tightness.",
    "miss": "[AttackerName]'s moans and clamps down on [TargetName]'s cock massaging their member, however [TargetName] fucks them through the newfound tightness.",
    "statusOutcome": "[TargetName] is lost in the tight feeling of [AttackerName]'s ass and doesn't want to stop fucking them!",
    "statusMiss": "",
    "restraintStruggle": "",
    "restraintStruggleCharmed": "",
    "restraintEscaped": "",
    "restraintEscapedFail": ""
}
