{
    "name": "Give Handjob",
    "cost": "5",
    "costType": "ep",
    "requiredLevel": "1",
    "learningCost": "1000",
    "skillType": "attack",
    "statType": "Technique",
    "requiredStat": "10",
	
    "skillTags": ["Sex"],
    "fetishTags": ["Futanari"],
	
    "startsStance": "",
    "requiresStance": "Any",
    "unusableIfStance": [ 
    "Blowjob",
    "Penetration",
    "Titfuck",
    "Face Sit",
    "Anal - Futa",
    "Missionary - Futa",
    "Irrumatio"],
    "requiresTargetStance": ["Any"],
    "unusableIfTarget": [""],
    "removesStance": "None",
	
	"requiresPerk": [""],
	"requiresOnePerk": "",
	"unusableIfPerk": [""],
    "requiresPerkSelf": [""],
    "requiresOnePerkSelf": "",
    "unusableIfPerkSelf": [""],
	
    "requiresStatusEffect": "None",
    "requiresStatusPotency": "0",
    "unusableIfStatusEffect": ["None"],
        "requiresStatusEffectSelf": "None",
        "requiresStatusPotencySelf": "0",
        "unusableIfStatusEffectSelf": ["None"],
		
        "scalesWithStatusEffect": "",
        "flatDamageSF-FlatScaling": "0",
        "flatDamageSF-PercentScaling": "0",
        "totalDamageSF-PercentScaling": "0",
	
	"targetType": "2Hits",
		"accuracy": "0",
		"initiative": "0",
		
    "power": "25",
    "minRange": "90",
    "maxRange": "110",
    "recoil": "0",
	"critDamage": "50",
	"critChance": "25",
	
    "statusEffect": "None",
    "statusChance": "0",
    "statusDuration": "0",
    "statusPotency": "0",
    "statusResistedBy": "",
    "statusText": "",
    "descrip": "Stroke your opponents cock.",
    "outcome": "[AttackerName] jerks [TargetName]'s cock as skillfully as they can.",
    "miss": "[AttackerName] tries to give [TargetName] a handjob, but can't get a good grip.",
    "statusOutcome": "",
    "statusMiss": "",
    "restraintStruggle": "",
    "restraintStruggleCharmed": "",
    "restraintEscaped": "",
    "restraintEscapedFail": ""
}
