{
    "name": "Grind Hips",
    "cost": "15",
    "costType": "ep",
    "requiredLevel": "1",
    "learningCost": "1000",
    "skillType": "attack",
    "statType": "Technique",
    "requiredStat": "10",
	
    "skillTags": ["Ass"],
    "fetishTags": ["Futanari"],
	
    "startsStance": "",
    "requiresStance": "Any",
    "unusableIfStance": [ 
    "Blowjob",
    "Penetration",
    "Titfuck",
    "Face Sit",
    "Irrumatio"],
    "requiresTargetStance": ["Anal - Futa", "Missionary - Futa"],
    "unusableIfTarget": [""],
    "removesStance": "None",
	
	"requiresPerk": [""],
	"requiresOnePerk": "",
	"unusableIfPerk": [""],
    "requiresPerkSelf": [""],
    "requiresOnePerkSelf": "",
    "unusableIfPerkSelf": [""],
	
    "requiresStatusEffect": "None",
    "requiresStatusPotency": "0",
    "unusableIfStatusEffect": ["None"],
        "requiresStatusEffectSelf": "None",
        "requiresStatusPotencySelf": "0",
        "unusableIfStatusEffectSelf": ["None"],
		
        "scalesWithStatusEffect": "",
        "flatDamageSF-FlatScaling": "0",
        "flatDamageSF-PercentScaling": "0",
        "totalDamageSF-PercentScaling": "0",
	
	"targetType": "single",
		"accuracy": "0",
		"initiative": "0",
		
    "power": "35",
    "minRange": "90",
    "maxRange": "110",
    "recoil": "15",
	"critDamage": "55",
	"critChance": "25",
	
    "statusEffect": "Defence",
    "statusChance": "70",
    "statusDuration": "6",
    "statusPotency": "-20",
    "statusResistedBy": "Power",
    "statusText": "",
    "descrip": "Grind sensually on your enemies cock for critical damage!",
    "outcome": "[AttackerName] sensually grinds on [TargetName]'s cock, their skilled movements force moans from [TargetName].",
    "miss": "[AttackerName] sensually grinds on [TargetName]'s cock, but [TargetName] grits their teeth and fucks [AttackerName] back harder!",
    "statusOutcome": "[TargetName] gasps in pleasure as their cock begins to feel more sensitive!",
    "statusMiss": "",
    "restraintStruggle": "",
    "restraintStruggleCharmed": "",
    "restraintEscaped": "",
    "restraintEscapedFail": ""
}
