{
    "name": "Magic Onahole",
    "cost": "10",
    "costType": "ep",
    "requiredLevel": "1",
    "learningCost": "1000",
    "skillType": "attack",
    "statType": "Intelligence",
    "requiredStat": "10",
	
    "skillTags": ["Magic"],
    "fetishTags": ["Futanari"],
	
    "startsStance": "",
    "requiresStance": "None",
    "unusableIfStance": [ 
    "Blowjob",
    "Penetration",
    "Titfuck",
    "Face Sit",
    "Anal - Futa",
    "Missionary - Futa",
    "Irrumatio"],
    "requiresTargetStance": ["Any"],
    "unusableIfTarget": [""],
    "removesStance": "None",
	
	"requiresPerk": [""],
	"requiresOnePerk": "",
	"unusableIfPerk": [""],
    "requiresPerkSelf": [""],
    "requiresOnePerkSelf": "",
    "unusableIfPerkSelf": [""],
	
    "requiresStatusEffect": "None",
    "requiresStatusPotency": "0",
    "unusableIfStatusEffect": ["None"],
        "requiresStatusEffectSelf": "None",
        "requiresStatusPotencySelf": "0",
        "unusableIfStatusEffectSelf": ["None"],
		
        "scalesWithStatusEffect": "",
        "flatDamageSF-FlatScaling": "0",
        "flatDamageSF-PercentScaling": "0",
        "totalDamageSF-PercentScaling": "0",
	
	"targetType": "single",
		"accuracy": "0",
		"initiative": "0",
		
        "power": "25",
        "minRange": "90",
        "maxRange": "110",
        "recoil": "0",
        "critDamage": "50",
        "critChance": "25",
	
    "statusEffect": "None",
    "statusChance": "0",
    "statusDuration": "0",
    "statusPotency": "0",
    "statusResistedBy": "",
    "statusText": "",
    "descrip": "Stroke your opponents cock with a magic onahole.",
    "outcome": "[AttackerName]'s hand glows a bright pink, and suddenly a onahole forms around [TargetName]'s cock causing her to gasp in surprise!",
    "miss": "[AttackerName]'s hand glows a bright pink, but they fumble the spell suddenly causing it to fail!",
    "statusOutcome": "",
    "statusMiss": "",
    "restraintStruggle": "",
    "restraintStruggleCharmed": "",
    "restraintEscaped": "",
    "restraintEscapedFail": ""
}
