{
    "name": "Squeeze Legs",
    "cost": "15",
    "costType": "ep",
    "requiredLevel": "1",
    "learningCost": "1000",
    "skillType": "attack",
    "statType": "Technique",
    "requiredStat": "10",
	
    "skillTags": ["Ass"],
    "fetishTags": ["Futanari"],
	
    "startsStance": "",
    "requiresStance": "Missionary - Futa",
    "unusableIfStance": [ 
    "Anal - Futa",   
    "Blowjob",
    "Penetration",
    "Titfuck",
    "Face Sit",
    "Irrumatio"],
    "requiresTargetStance": ["Missionary - Futa", "Anal - Futa"],
    "unusableIfTarget": [""],
    "removesStance": "None",
	
	"requiresPerk": [""],
	"requiresOnePerk": "",
	"unusableIfPerk": [""],
    "requiresPerkSelf": [""],
    "requiresOnePerkSelf": "",
    "unusableIfPerkSelf": [""],
	
    "requiresStatusEffect": "None",
    "requiresStatusPotency": "0",
    "unusableIfStatusEffect": ["None"],
        "requiresStatusEffectSelf": "None",
        "requiresStatusPotencySelf": "0",
        "unusableIfStatusEffectSelf": ["None"],
		
        "scalesWithStatusEffect": "",
        "flatDamageSF-FlatScaling": "0",
        "flatDamageSF-PercentScaling": "0",
        "totalDamageSF-PercentScaling": "0",
	
	"targetType": "single",
		"accuracy": "0",
		"initiative": "0",
		
    "power": "50",
    "minRange": "90",
    "maxRange": "110",
    "recoil": "10",
	"critDamage": "0",
	"critChance": "10",
	
    "statusEffect": "Restrain",
    "statusChance": "75",
    "statusDuration": "0",
    "statusPotency": "15",
    "statusResistedBy": "Power",
    "statusText": "",
    "descrip": "Choke your target from behind as you rail their ass.",
    "outcome": "[AttackerName]'s legs wrap around [TargetName]'s back while their hips gyrate against their waist, forcing them gasp in pleasure against [AttackerName]'s neck.",
    "miss": "[AttackerName]'s legs wrap around [TargetName]'s back while their hips gyrate against their waist, however [TargetName] grits their teeth and fucks them through the sudden pleasure.",
    "statusOutcome": "[AttackerName] wraps [AttackerHisOrHer] legs around [TargetName]'s hips holding them in place!",
    "statusMiss": "[AttackerName] tries wrapping [AttackerHisOrHer] legs around [TargetName]'s hips, but they're overpowered!",
    "restraintStruggle": "",
    "restraintStruggleCharmed": "",
    "restraintEscaped": "",
    "restraintEscapedFail": ""
}
