{
    "name": "Submissive Look",
    "cost": "10",
    "costType": "ep",
    "requiredLevel": "1",
    "learningCost": "1000",
    "skillType": "attack",
    "statType": "Allure",
    "statusEffectScaling": "25",
    "requiredStat": "1",
    "skillTags": [ "Seduction"],
    "fetishTags": [ ""],
    "startsStance": "",
    "requiresStance": "Any",
    "unusableIfStance": [
    "Blowjob",
    "Sex",
    "Anal",
    "Face Sit",
    "Titfuck",
    "Footjob",
    "Tailjob",
    "Tail Fuck"],
    "requiresTargetStance": [ "Anal - Futa", "Missionary - Futa", "Irrumatio"],
    "unusableIfTarget": [ ""],
    "removesStance": "None",
    "requiresStatusEffect": "None",
    "requiresStatusPotency": "0",
    "unusableIfStatusEffect": [ "None"],
    "power": "15",
    "minRange": "90",
    "maxRange": "110",
    "recoil": "0",
    "targetType": "single",
    "statusEffect": "Damage",
    "statusChance": "75",
    "statusDuration": "11",
    "statusPotency": "-30",
    "statusResistedBy": "",
    "statusText": "Enfeeble",
    "descrip": "You look extra submissive for the person currently ruining you, hopefully it helps them take it easier on you.",
    "outcome": "",
    "miss": "",
    "statusOutcome": "[AttackerName] gives [TargetName] a particularly pathetic look, [TargetName] starts unconsciously it easier on you.",
    "statusMiss": "[AttackerName] gives [TargetName] a particularly pathetic look, [TargetName] notices and gets a sadistic gleam in their eye clearly enjoying your distress.",
    "restraintStruggle": "",
    "restraintStruggleCharmed": "",
    "restraintEscaped": "",
    "restraintEscapedFail": ""
}
