{
    "IDname": "Amber",
    "Addition": "Yes",
    "skillList": [],
    "perks": [],
    "ItemDropList": [],
    "lossScenes": [],
    "combatDialogue": [],
    "victoryScenes": [],
    "pictures": [
        {
            "Name": "Base",
            "StartOn": "1",
            "AlwaysOn": "1",
            "IsScene": "0",
            "TheBody": "1",
            "Overlay": "No",
            "setXalign": "0.0",
            "setYalign": "0.16",
            "Images": [
              {
                  "Name": "Base",
                  "File": "NPCs/Amber/Body_Amber.png",
                  "setXalign": "0.0",
                  "setYalign": "0.0"
              },
              {
                "Name": "FutaBase",
                "File": "../Mods/FutaDOM/Images/Amber/Amber_Body_Futanari.png",
                "setXalign": "0.0",
                "setYalign": "0.0"
            }
          ]
        },
        {
            "Name": "Face",
            "StartOn": "1",
            "AlwaysOn": "0",
            "IsScene": "0",
            "TheBody": "0",
            "Overlay": "No",
            "setXalign": "0.0",
            "setYalign": "0.0",
            "Images": [
              {
                  "Name": "Base",
                  "File": "NPCs/Amber/Face_Amber_Base.png",
                  "setXalign": "0.0",
                  "setYalign": "0.0"
              },
              {
                  "Name": "Blush",
                  "File": "NPCs/Amber/Face_Amber_Blush.png",
                  "setXalign": "0.0",
                  "setYalign": "0.0"
              },
              {
                  "Name": "Threat",
                  "File": "NPCs/Amber/Face_Amber_Threat.png",
                  "setXalign": "0.0",
                  "setYalign": "0.0"
              }
          ]
        },
        {
            "Name": "FutaCock",
            "StartOn": "0",
            "AlwaysOn": "0",
            "IsScene": "0",
            "TheBody": "0",
            "Overlay": "No",
            "setXalign": "0.0",
            "setYalign": "0.0",
            "Images": [
              {
                  "Name": "Cock",
                  "File": "../Mods/FutaDOM/Images/Amber/Amber_Body_Cock.png",
                  "setXalign": "0.0",
                  "setYalign": "0.0"
              }
            ]
        },
        {
            "Name": "Clothing",
            "StartOn": "1",
            "AlwaysOn": "0",
            "IsScene": "0",
            "TheBody": "0",
            "Overlay": "No",
            "setXalign": "0.0",
            "setYalign": "0.0",
            "Images": [
              {
                  "Name": "Clothed",
                  "File": "NPCs/Amber/Clothing_Amber_Clothed.png",
                  "setXalign": "0.0",
                  "setYalign": "0.0"
              },
              {
                  "Name": "Underwear",
                  "File": "NPCs/Amber/Clothing_Amber_Underwear.png",
                  "setXalign": "0.0",
                  "setYalign": "0.0"
              },
              {
                "Name": "FutaClothed",
                "File": "../Mods/FutaDOM/Images/Amber/Clothing_Amber_Bulge.png",
                "setXalign": "0.0",
                "setYalign": "0.0"
            },
            {
                "Name": "FutaUnzipped",
                "File": "../Mods/FutaDOM/Images/Amber/Clothing_Amber_Cockout.png",
                "setXalign": "0.0",
                "setYalign": "0.0"
            }
          ]
        },
        {
            "Name": "Boots",
            "StartOn": "1",
            "AlwaysOn": "0",
            "IsScene": "0",
            "TheBody": "0",
            "Overlay": "No",
            "setXalign": "0.0",
            "setYalign": "0.0",
            "Images": [
              {
                  "Name": "Boots",
                  "File": "NPCs/Amber/Clothing_Amber_Boots.png",
                  "setXalign": "0.0",
                  "setYalign": "0.0"
              }
          ]
        },
        {
            "Name": "HoodedShawl",
            "StartOn": "1",
            "AlwaysOn": "0",
            "IsScene": "0",
            "TheBody": "0",
            "Overlay": "No",
            "setXalign": "0.0",
            "setYalign": "0.0",
            "Images": [
              {
                  "Name": "HoodOn",
                  "File": "NPCs/Amber/Clothing_Amber_ShawlHooded.png",
                  "setXalign": "0.0",
                  "setYalign": "0.0"
              },
              {
                  "Name": "ShawlOnly",
                  "File": "NPCs/Amber/Clothing_Amber_Shawl.png",
                  "setXalign": "0.0",
                  "setYalign": "0.0"
              }
          ]
        },
        {
            "Name": "Expression",
            "StartOn": "1",
            "AlwaysOn": "1",
            "IsScene": "0",
            "TheBody": "0",
            "Overlay": "No",
            "setXalign": "0.0",
            "setYalign": "0.0",
            "Images": [
              {
                  "Name": "Contempt",
                  "File": "NPCs/Amber/Expression_Amber_Contempt.png",
                  "setXalign": "0.0",
                  "setYalign": "0.0"
              },
              {
                  "Name": "Caring",
                  "File": "NPCs/Amber/Expression_Amber_Caring.png",
                  "setXalign": "0.0",
                  "setYalign": "0.0"
              },
              {
                  "Name": "Base",
                  "File": "NPCs/Amber/Expression_Amber_Base.png",
                  "setXalign": "0.0",
                  "setYalign": "0.0"
              },
              {
                  "Name": "Bashful",
                  "File": "NPCs/Amber/Expression_Amber_Bashful.png",
                  "setXalign": "0.0",
                  "setYalign": "0.0"
              },
              {
                  "Name": "Annoyed",
                  "File": "NPCs/Amber/Expression_Amber_Annoyed.png",
                  "setXalign": "0.0",
                  "setYalign": "0.0"
              },
              {
                  "Name": "Excited",
                  "File": "NPCs/Amber/Expression_Amber_Excited.png",
                  "setXalign": "0.0",
                  "setYalign": "0.0"
              },
              {
                  "Name": "Dominant",
                  "File": "NPCs/Amber/Expression_Amber_Dominant.png",
                  "setXalign": "0.0",
                  "setYalign": "0.0"
              },
              {
                  "Name": "Ahegao",
                  "File": "NPCs/Amber/Expression_Amber_Ahegao.png",
                  "setXalign": "0.0",
                  "setYalign": "0.0"
              },
              {
                  "Name": "Horny",
                  "File": "NPCs/Amber/Expression_Amber_Horny.png",
                  "setXalign": "0.0",
                  "setYalign": "0.0"
              },
              {
                  "Name": "Lewd",
                  "File": "NPCs/Amber/Expression_Amber_Lewd.png",
                  "setXalign": "0.0",
                  "setYalign": "0.0"
              },
              {
                  "Name": "Lustful",
                  "File": "NPCs/Amber/Expression_Amber_Lustful.png",
                  "setXalign": "0.0",
                  "setYalign": "0.0"
              },
              {
                  "Name": "Obscene",
                  "File": "NPCs/Amber/Expression_Amber_Obscene.png",
                  "setXalign": "0.0",
                  "setYalign": "0.0"
              },
              {
                  "Name": "Needy",
                  "File": "NPCs/Amber/Expression_Amber_Needy.png",
                  "setXalign": "0.0",
                  "setYalign": "0.0"
              },
              {
                  "Name": "Orgasm",
                  "File": "NPCs/Amber/Expression_Amber_Orgasm.png",
                  "setXalign": "0.0",
                  "setYalign": "0.0"
              },
              {
                  "Name": "PleasureStruck",
                  "File": "NPCs/Amber/Expression_Amber_PleasureStruck.png",
                  "setXalign": "0.0",
                  "setYalign": "0.0"
              },
              {
                  "Name": "Sad",
                  "File": "NPCs/Amber/Expression_Amber_Sad.png",
                  "setXalign": "0.0",
                  "setYalign": "0.0"
              },
              {
                  "Name": "Shy",
                  "File": "NPCs/Amber/Expression_Amber_Shy.png",
                  "setXalign": "0.0",
                  "setYalign": "0.0"
              },
              {
                  "Name": "Shock",
                  "File": "NPCs/Amber/Expression_Amber_Shock.png",
                  "setXalign": "0.0",
                  "setYalign": "0.0"
              },
              {
                  "Name": "Sigh",
                  "File": "NPCs/Amber/Expression_Amber_Sigh.png",
                  "setXalign": "0.0",
                  "setYalign": "0.0"
              },
              {
                  "Name": "Smile",
                  "File": "NPCs/Amber/Expression_Amber_Smile.png",
                  "setXalign": "0.0",
                  "setYalign": "0.0"
              },
              {
                  "Name": "SmileRelaxed",
                  "File": "NPCs/Amber/Expression_Amber_SmileRelaxed.png",
                  "setXalign": "0.0",
                  "setYalign": "0.0"
              },
              {
                  "Name": "Smirk",
                  "File": "NPCs/Amber/Expression_Amber_Smirk.png",
                  "setXalign": "0.0",
                  "setYalign": "0.0"
              },
              {
                  "Name": "ThinkingHappy",
                  "File": "NPCs/Amber/Expression_Amber_ThinkingHappy.png",
                  "setXalign": "0.0",
                  "setYalign": "0.0"
              },
              {
                  "Name": "ThinkingLewd",
                  "File": "NPCs/Amber/Expression_Amber_ThinkingLewd.png",
                  "setXalign": "0.0",
                  "setYalign": "0.0"
              }
            ]
        }
    ]
}
