{
    "name": "AfflictedKunoichiCombatEvents",
    "CardType": "",
    "CardLimit": "0",
    "Description": "",
    "requires": [ ""],
    "requiresEvent": [
        {
            "NameOfEvent": "",
            "Progress": "99",
            "ChoiceNumber": "-1",
            "Choice": ""
        }
    ],
    "Speakers": [
        {
            "name": "Afflicted Kunoichi",
            "postName": "",
            "SpeakerType": "Monster"
        }
    ],
    "EventText": [
        {
            "NameOfScene": "Intro",
            "theScene": [
                "ChangeImageLayer", "Base", "2Base",
				"ChangeBGM-OverrideCombatMusic", "music/Temple/SAMURAI.mp3"
            ]
        },
        {
			"NameOfScene": "No Penetrate",
			"theScene": [ 
						  "IfPlayerHasStance", "Any", "NoFaceSit",
						  "IfMonsterHasStatusEffect", "Restrain", "No Penetrate Still",
						  "IfMonsterHasStatusEffect", "Sleep", "No Penetrate Still",
						  "IfMonsterHasStatusEffect", "Stun", "No Penetrate Still",
						  "You try to penetrate the kunoichi, but she suddenly disppears in a puff of smoke!",
						  "SkipPlayerAttack",
						  "PlayMotionEffect", "Crash",
						  "You suddenly feel someone kicking the back of your knees forcing you to your hands and knees!",
						  "ClearStances",
						  "FocusedSpeaks",
							"So horny... aha haha hole~♥",
						  "ApplyStance",
						  "Anal - Futa",
						  "ApplyStatusEffect", "Flash",
						  "EndLoop"
						]
		},
		{
			"NameOfScene": "No Penetrate Still",
			"theScene": [
							"SkipPlayerAttack",
							"Despite being unable to move a magic circle appears blocking your insertion!"
						]
		},
		{
			"NameOfScene": "MStance1",
			"theScene": [
							"IfPlayerHasStance", "Any",
							"SkipPlayerAttack",
							"FocusedSpeaks",
							"No no~♥ I'll be the one fucking you!"
						]
		},
		{
			"NameOfScene": "No Anal",
			"theScene": [ 
						  "IfPlayerHasStance", "Any", "NoFaceSit",
						  "IfMonsterHasStatusEffect", "Restrain", "No Anal Still",
						  "IfMonsterHasStatusEffect", "Sleep", "No Anal Still",
						  "IfMonsterHasStatusEffect", "Stun", "No Penetrate Still",
						  "As you attempt to insert it from behind, she drops a flashbang suddenly blinding you!",
                          "ApplyStatusEffect", "Flash",
						  "The sudden pain and surprise makes you fall on your hands and knees, but before your vision clears you feel the heavy weight of her cock between your cheeks as she leans against your back!",
						  "ClearStances",
						  "SkipPlayerAttack",
						  "ApplyStance", "Anal - Futa",
						  "Gasping on your hands and knees, your entire body rocks forward when she slams her hips into your ass with a loud clap!",
                          "FocusedSpeaks",
                            "Haa~♥ sho good~♥",
						  "EndLoop"
						]
		},
		{
			"NameOfScene": "No Making Out",
			"theScene": [ 		
						  "IfPlayerHasStance", "Any", "NoFaceSit",
						  "IfMonsterHasStatusEffect", "Restrain", "No Making Out Still",
						  "IfMonsterHasStatusEffect", "Sleep", "No Making Out Still",
						  "IfMonsterHasStatusEffect", "Stun", "No Making Out Still",
						  "ClearStances",
						  "SkipPlayerAttack",
						  "Standing on your toes you try to kiss the kunoichi only for her to pull her mask down and blow a pink cloud into your face!",
						  "You fall to your knees with a hacking cough from whatever sweet concoction she spit at you!", 
						  "The Kunoichi reaches down grabbing your hair, and pulls your lips to her throbbing cock, feebly you paw at her muscled legs but she either doesn't notice or sees you as no threat now!",
						  "FocusedSpeaks",
						  "Hole... I want to cum... ahhh~♥!",
						  "ApplyStance", "Irrumatio",
						  "Before you can respond, she mercilessly thrusts her hips forwards making you gag loudly going until her large balls press flush into your chin!",
						  "EndLoop"
						]
		},
		{
				"NameOfScene": "Fingering",
				"theScene": [
			      "IfPlayerHasStance", "Any", "NoFaceSit",
				  "SkipPlayerAttack",
				  "HitMonsterWith",
				  "Finger",
				  "Looking at her throbbing member, you can't help but hesitate at its size, steeling yourself you reach out to grab it. |n|Swallowing nervously as it twitches in your hands, you clumsily rub it the best you can. [DamageToEnemy]",
				  "Speaks",
				  "'Feels good... but I won't let you win~♥'",
				  "DamagePlayerFromMonster",
				  "Schera",
				  "Handjob",
				  "Reaching out, she skillfully squeezes your shaft making you gasp in her grip. [DamageToPlayer]",
				  "EndLoop"
				]
		},
		{
			"NameOfScene": "Ass Worship",
			"theScene": [
				"IfPlayerHasStance", "Any", "NoFaceSit",
			  "SkipPlayerAttack",
			  "HitMonsterWith",
			  "Pussy Worship",
			  "Dropping to your knees you shove your face against the Kunoichi's dripping pussy, despite that you can't avoid how her oversized balls cover your nose in their musky weight.",
              "With a loud moan, she leans back into you, grinding her hips and her large testicles into your face. [DamageToEnemy]",
			  "Speaks",
			  "Mmmh, take it all~♥ So good~♥.",
			  "DamagePlayerFromMonster", "Schera", "Face Grind",
			  "The smell of her veiny testicles makes your head spin, dutifully you clean all of the sweat built up on them. [DamageToPlayer]",
			  "Grinding down against your open mouth, her weight eventually causes you to collapse onto your back!",
			  "With a depraved and desperate moan she lifts her hips making you gasp for breath, lining the tip of her cock against your gasping lips, before you even realize what's happening she drops them again forcing her cock down your throat!",
			  "PlayMotionEffect", "Crash",
              "ApplyStance", "Irrumatio",
			  "IfPlayerHasStance", "None", "Sweaty Insertion",
			  "EndLoop"
			]
		  },
		  {
			"NameOfScene": "KunoichiGrapple1",
			"theScene": [
				"One of the Kunoichi attempts to tackle you with a depraved look on their face!",
				"Menu",
					"Dive to the side!",
					"Freeze up.",
				"EndLoop"
			]
		  },
		  {
			"NameOfScene": "Freeze up.",
			"theScene": [
				"The naked, insane despire in her eyes makes you freeze up in both terror and anticipation.",
				"Before you can gather your wits she's behind you kicking the back of your leg forcing you to your hands and knees!",
				"ApplyStance", "Anal - Futa",
				"Looking back you barely have any time to say anything before she mercilessly shoves her cock into you."
			]
		  },
		  {
			"NameOfScene": "Dive to the side!",
			"theScene": [
				"StatCheck",
					"Technique", "20", "Dodged1",
					"Fail", "Pinned1"
			]
		  },
		  {
			"NameOfScene": "Dodged1",
			"theScene": [
				"You swiftly dodge to the side causing her to crash against the wall!",
				"PlayMotionEffect", "CrashSmol",
				"With a groan she gets up while glaring at you."
			]
		  },
		  {
			"NameOfScene": "Pinned1",
			"theScene": [
				"[AttackerName] disappears in a puff of smoke, and before [TargetName] realizes what's happening, [AttackerHeOrShe] reappears and kicks [TargetHimOrHer] in the back of the knee forcing [TargetHimOrHer] to [TargetHisOrHer] knees!,",
				"ApplyStance", "Anal - Futa",
				"[AttackerName] grabs [TargetHisOrHer] hips and mercilessly shoves [AttackerHisOrHer] cock into [TargetName]'s tight ass!"
			]
		  },
		  {
			"NameOfScene": "Sweaty Insertion",
			"theScene": [
				"PlayVisualEffect", "ScreenPulse", "pink.png",
				"Mindlessly, you lap at her bitter testicles as she sits on your face and grinds down into you.",
				"With a pleased sigh, she sits up only to line her dick up with your lips.",
				"ApplyStance", "Irrumatio",
				"You barely have time to even react as the Kunoichi fills your mouth with the bitter taste of her throbbing shaft!",
				"EndLoop"
						]			
		  },
		  {
			"NameOfScene": "NoFaceSit",
			"theScene": [
				"You're not in a position to do that!",
				"SkipPlayerAttack"]
		  },
		  {
			"NameOfScene": "CumOral1",
			"theScene": ["With a gasping moan, the kunoichi fucking your face jerks her hips forward, causing your eyes to bulge out.",
			"Her throbbing shaft seems to swell in your already packed throat, making you retch loudly around her.",
			"With a breathy moan, she finally cums down your throat, forcing every large shot of her semen directly into your stomach.",
			"Your vision begins to go black until suddenly you shudder, cumming onto the floor from the submissive pleasure of being throughly dominated.",
			"Tears roll out of your eyes as your stomach bulges slightly from the sheer volume, and with a light sigh, the Kunoichi finally pulls out.",
			"'Her long cock seems to go on forever' you idly think while watching each veiny inch leave your gaping mouth, the head coming out from your lips with a wet {i}pop{/i}.",
			"The Kunoichi just looks ahead blankly as her dick starts to go flaccid."
		]
		  },
		  {
			"NameOfScene": "CumAnal1",
			"theScene": ["Moaning against your back, the Kunoichi fucking you from behind picks up her back-breaking pace as she fucks you as hard as she can.",
		"You desperately try crawling away, knowing what's about to happen, but before you get far, she reaches forward and grabs your hair, making your back arch painfully!",
		"The sudden pain causes you to tighten down on her, forcing out a loud moan from the sudden stimulation, and she hilts herself inside of you with a jerking thrust.",
		"Gasping from the sudden warmth filling your ass, you feel her larger balls pulse against yours with every shot filling your ass.",
		"Each shot causes her cock to expand against your prostate, making you gasp with pleasure until finally you cum onto the floor with an almost dizzying force.",
		"The mixture of being dominated and bred so thoroughly fills you with a sense of pure submission and you subconsciously begin to submit to the crazed woman.",
		"Leaning against your back, the Kunoichi breaths heavily seeming spent."
		]
		  }

    ]
}