{
  "name": "Enter 'Amber's Adventuring Shop'",
  "CardType": "",
  "Addition": "Yes",
  "requiresEvent": ["An Enthusiastic Walk"],
  "Speakers": [
                  {
                      "name": "",
                      "postName": "",
                      "SpeakerType": ""
                  }
              ],
  "EventText": [
                {
                  "NameOfScene": "Intro",
                  "theScene": [
                    "GetEventAndIfChoice", "An Enthusiastic Walk", "69", "TempleShaking", "PostPostIntro",
                  "JumpToScene", "NewIntro"]
                },
                {
                  "NameOfScene": "NewIntro",
                  "theScene": [
                "IfTimeIs", "NightTrue", "NightIntro",
                "SwapLineIf", "Random",
                  "You leave the busy street behind you and enter into the eerily silent interior of Amber's adventuring store.",
                  "You leave the bustling din of the shopping district behind you as you step into the quiet of Amber's seemingly soundproofed store.",

                  "As you step into Amber's store, she's in the middle of tidying up a few sections of her shop and sweeping up any dust on the floor she finds, giving you some time to idly browse her wares before she slips back behind the counter.",
                  "As you enter Amber's store you almost walk into a completely oblivious elf as she intently compares two rather large dildos sitting on a shelf. After a moment, she seems to notice your presence and glances over at you with an expression akin to horror as an enormous blush colors her face, and she quickly excuses herself from the store.|n|Amber lets out a sigh of mild annoyance as she watches her go, leaving you alone in the shop with her.",
                  "As you enter Amber's store, you take a moment to browse the items on display as she quickly and efficiently checks out another adventurer's purchase, who nods to you before leaving as you're left alone with Amber.",
                  "As you enter Amber's store, you take a moment to browse the items on display as she quickly and efficiently checks out a blushing woman's {i}very{/i} large sex toy, and as soon as she's packed up, she dashes out of the store, flushing ferociously as she avoids making eye contact with you, leaving you alone with Amber once she's gone.",
                  "As you enter Amber's store, you take a moment to browse the items on display as she quickly and efficiently checks out a blushing woman's large assortment of various sex toys, and as soon as they're packed up, she dashes out of the store, flushing ferociously as she avoids making eye contact with you, leaving you alone with Amber once she's gone.",
                  "You enter Amber's store and see she's alone in the store restocking the shelves with various potions and supplies. She gives you a nod to acknowledge your presence before unloading everything she's carrying before she eventually makes her way back behind the counter.",
                  "You enter Amber's store and see her idly mixing two potions together on her counter. She adds another unknown component to the mixture which causes it to turn a sickly black and begins to bubble furiously, making her eyes go wide before she tosses it into a back room and slams the door closed, and a moment later a muffled boom reverberates through the store.|n|Without a word, she turns her attention to you. She doesn't seem keen to explain what she was trying to do.",
                "EndLoop",
                "JumpToScene", "PostIntro"
              ]

                },
                {
                "NameOfScene": "NightIntro",
                "theScene": [
                "GetEventAndIfChoice", "An Enthusiastic Walk", "69", "TempleShaking", "PostPostIntro",
                "JumpToScene", "NewNightIntro"]
                },
                {
                  "NameOfScene": "NewNightIntro",
                  "theScene": [
                  "GetEventAndIfChoice", "An Enthusiastic Walk", "69", "TempleShaking", "PostPostIntro",
                  "SwapLineIf", "Random",
                  "You leave the quiet moonlit street behind you and enter into the eerily silent interior of Amber's adventuring store.",
                  "You leave the calm starlit shopping district behind you as you step into the quiet of Amber's even quieter store.",

                  "As you step into Amber's store, she's in the middle of tidying up a few sections of her shop and sweeping up any dust on the floor she finds, giving you some time to idly browse her wares before she slips back behind the counter.",
                  "As you enter Amber's store you almost walk into a completely oblivious elf as she intently compares two rather large dildos sitting on a shelf. After a moment, she seems to notice your presence and glances over at you with an expression akin to horror as an enormous blush colors her face, and she quickly excuses herself from the store.|n|Amber lets out a sigh of mild annoyance as she watches her go, leaving you alone in the shop with her.",
                  "As you enter Amber's store, you take a moment to browse the items on display as she quickly and efficiently checks out another adventurer's purchase, who nods to you before leaving as you're left alone with Amber.",
                  "As you enter Amber's store, you take a moment to browse the items on display as she quickly and efficiently checks out a blushing woman's {i}very{/i} large sex toy, and as soon as she's packed up, she dashes out of the store, flushing ferociously as she avoids making eye contact with you, leaving you alone with Amber once she's gone.",
                  "As you enter Amber's store, you take a moment to browse the items on display as she quickly and efficiently checks out a blushing woman's large assortment of various sex toys, and as soon as they're packed up, she dashes out of the store, flushing ferociously as she avoids making eye contact with you, leaving you alone with Amber once she's gone.",
                  "You enter Amber's store and see she's alone in the store restocking the shelves with various potions and supplies. She gives you a nod to acknowledge your presence before unloading everything she's carrying before she eventually makes her way back behind the counter.",
                  "You enter Amber's store and see her idly mixing two potions together on her counter. She adds another unknown component to the mixture which causes it to turn a sickly black and begins to bubble furiously, making her eyes go wide before she tosses it into a back room and slams the door closed, and a moment later a muffled boom reverberates through the store.|n|Without a word, she turns her attention to you. She doesn't seem keen to explain what she was trying to do.",
                  "EndLoop",
                  "JumpToScene", "PostIntro"
                            ]
              },
                {
                  "NameOfScene": "PostIntro",
                  "theScene": [
                  "ChangeImageLayer", "Expression", "1", "Contempt",
                  "Speaks",
                  "Hey. Looking to buy something?",
                  "JumpToScene", "VisitMenu"
                ]
                },
                {
                  "NameOfScene": "PostPostIntro",
                  "theScene": [
                    "ChangeImageLayer", "Clothing", "1", "FutaClothed",
                    "ChangeImageLayer", "Expression", "1", "Contempt",
                    "Speaks",
                    "Hey. Looking to buy something?",
                    "JumpToScene", "VisitMenu"
                ]
                },
                {
                  "NameOfScene": "VisitMenu",
                  "theScene": [
                   "MenuAddition",
                   "RequiresChoiceFromEvent", "FutanariIncidentGuild", "1", "TheIncident1", "Futanari Magazines",
                   "OverrideOption",
                   "FinalOption",
                   "Leave Amber's store.",
                   "EndLoop"
                   ]
                   },
      {
        "NameOfScene": "Futanari Magazines",
        "theScene": [
          "IfChoice", "1", "AskedAboutFuta", "FutaStore",
          "SetChoice", "1", "AskedAboutFuta",
          "You ask her about the recent Futanari popping up everywhere, talking about how you have no idea what to do when you run into them.",
          "ChangeImageLayer", 
          "Expression", 
          "1", 
          "Base",
          "Speaks",
          "One would think a pervert like you would already know what to do with a dick, what you do is easy. If a thirsty monster girl just needs a good dicking, then a girl with a cock...",
          "ChangeImageLayer", 
          "Expression", 
          "1",
          "Lustful",
          "Speaks",
          "Just needs to bend someone else over, or maybe this is a roundabout way of asking if I'm also packing?",
          "ChangeImageLayer", "Expression", "1", "Smirk",
          "Speaks",
          "Well I can think of a few ways to go about showing you how to pleasure a dick, but for now here's some books on the subject.",
          "ChangeImageLayer", "Expression", "1", "Base",
          "She leads you to a section of magazines nearby filled with Futanari content.",
          "JumpToScene",
          "FutaStore"
        ]
      },
      {
        "NameOfScene": "FutaStore",
        "theScene": [
        "SkillShoppingMenu",
        "Clinch Ass",
        "Brace Head",
        "Squeeze Legs",
        "Grind Hips",
        "Brace Head",
        "Give Handjob", 
        "Magic Onahole", 
        "Submissive Look",
        "EndLoop",
        "JumpToScene",
        "VisitMenu"
      ]
      },
      {
        "NameOfScene": "TalkMenu",
        "theScene": [
                    "MenuAddition",
                    "RequiresChoiceFromEvent", "An Enthusiastic Walk", "69", "TempleShaking", "Questions about Futanari",
                      "OverrideOption",
                      "FinalOption",
                      "Done talking.",
                    "EndLoop",
                    "Menu",
                    "Talk about Amber"]
      },
      {
        "NameOfScene": "Questions about Futanari",
        "theScene": [
                    "IfChoice", "1", "AskedAboutFuta", "More Questions 1",
                    "With a grin she leans against the wall asking why you want to know.",
                    "JumpToScene", "TalkMenu"
        ]
      },          
      {
        "NameOfScene": "More Questions 1",
        "theScene": [
                    "IfChoice", "2", "BlowjobDone", "More Questions 2",
                    "ChangeImageLayer", "Face", "1", "Blush",
                    "ChangeImageLayer", "Expression", "1", "Smirk",
                    "Amber leans against the wall behind the counter watching you closely, you swear she was watching your ass for a second.",
                    "Speaks",
                    "If you got something to say then spit it out already.",
                    "JumpToEventThenScene", "Ambers Services", "AmbersCorruption"   
                      ]           
    }

  ]                  
}
