{
    "name": "Head over to Elly's table.",
    "CardType": "",
    "Addition": "Yes",
    "requiresEvent": ["An Enthusiastic Walk"],
    "Speakers": [
                    {
                        "name": "Elly",
                        "postName": "",
                        "SpeakerType": "Monster"
                    }
                ],
    "EventText": [
        {
            "NameOfScene": "VisitMenu",
            "theScene": [
            "MenuAddition",
                "RequiresChoiceFromEvent", "FutanariIncidentGuild", "1", "TheIncident1", "Elly's Tasks",
                "OverrideOption",
                "Leave Elly to her studies.",
            "EndLoop"
            ]
        },
        {
            "NameOfScene": "Elly's Tasks",
            "theScene": [
                "JumpToEventThenScene", "EllysTasks", "TheBeginning"
            ]
        }

    ]
}