{
    "name": "Go see Elena at the Guild counter.",
    "Addition": "Yes",
    "Speakers": [
        {
            "name": "Elena",
            "postName": "",
            "SpeakerType": "Monster"
        }
    ],
    "EventText": [
        {
            "NameOfScene": "VisitMenu",
            "theScene": [
                "MenuAddition",
                    "RequiresChoiceFromEvent", "An Enthusiastic Walk", "69", "TempleShaking", "The Incident",
                    "OverrideOption",
                    "FinalOption", "Step away from the guild counter.",
                "EndLoop"
            ]
        },
        {
            "NameOfScene": "The Incident",
            "theScene": [
                "JumpToEventThenScene", "FutanariIncidentGuild", "The Incident1"
            ]
        }
            
    ]   
 }