{
    "name": "Head over to Vivian.",
    "Addition": "Yes",
    "Speakers": [
      {
        "name": "",
        "postName": "",
        "SpeakerType": ""
      }
    ],
    "EventText": [
      {
        "NameOfScene": "VisitMenu",
        "theScene": [
          "MenuAddition",
          "Futanari Incident.",
          "OverrideOption",
          "FinalOption",
          "Time to go.",
          "EndLoop"
        ]
      },
      {
        "NameOfScene": "Futanari Incident.",
        "theScene": [
            "Speaks",
                "Oh yes, I ended up with quite the interesting thing between my legs don't you think~",
            "She says knowingly with a wink while fondling herself."
        ]
      }
    ]
}