{
    "FetishList": [
        {
            "Name": "Black Cock",
            "BaseLevel": "0",
            "Type": "Fetish",
            "CreationOn": "Oh wow, are all men this submissive?",
            "CreationOff": "White Power!",
            "ToolTip": "How much you love being fucked by Dark Skinned monstergirls. \n\nVerdict: ",
            "LevelText": [
            ["0", "You can ignore the need for Black Cock"],
            ["25", "You find yourself thinking about that Huge Cock"],
            ["50", "When you sleep your dreams involve you getting railed by Black Cocks"],
            ["75", "You find yourself wanting to pay other Brown and Black adventurers to fuck you"],
            ["100", "You're obsessed with getting fucked by huge black cocks, when you're around futanari monsters with brown skin you submit."]
          ]
        }
    ]
}