{
    "FetishList": [
        {
            "Name": "Futanari",
            "BaseLevel": "0",
            "Type": "Fetish",
            "CreationOn": "You really love the idea of getting railed that much?",
            "CreationOff": "Well, at least you're not a total degenerate.",
            "ToolTip": "How much you love being fucked by Futanari Monstergirls. \n\nVerdict: ",
            "LevelText": [
            ["0", "You can ignore the need for Thick Cock"],
            ["25", "You find yourself thinking about sucking off a cock."],
            ["50", "You regularly think about hooking up with someone packing a Cock."],
            ["75", "You occasionally whore yourself out to hung individuals."],
            ["100", "You're a total whore for cock, you came here to conquer and you left conqured."]
          ]
        }
    ]
}