{
    "name": "Addictive Haze",
    "cost": "5",
    "costType": "ep",
    "requiredLevel": "0",
    "learningCost": "0",
    "skillType": "attack",
    "statType": "Allure",
    "requiredStat": "0",
    "skillTags": ["Seduction"],
    "fetishTags": [""],
    "startsStance": "",
    "requiresStance": "Any",
    "unusableIfStance": ["Blowjob", "Face Sit"],
    "requiresTargetStance": ["Any"],
    "unusableIfTarget": [""],
    "removesStance": "None",
    "requiresStatusEffect": "",
    "requiresStatusPotency": "0",
    "unusableIfStatusEffect": ["None"],
    "power": "0",
    "minRange": "70",
    "maxRange": "125",
    "recoil": "0",
    "targetType": "single",
    "statusEffect": "Aphrodisiac",
        "statusPotency": "3",
        "statusEffectScaling": "25",
        "statusDuration": "3",
        "statusChance": "100",
        "statusResistedBy": "Willpower",

    "statusText": "aphrodisiac",
    "descrip": "A light pink fog that slowly fills enclosed spaces.", 
    "outcome": "A light pink haze comes off [AttackerName] sweaty body and is slowly filling the area up!",
    "miss": "[TargetName] jumps away from the pink fog", 
    "statusOutcome": "[TargetName]'s body suddenly burns hot with desire!",
    "statusMiss": "[TargetName] manages to resist the harmful effects of the gas for now.",
    "restraintStruggle": "",
    "restraintStruggleCharmed": "",
    "restraintEscaped": "",
    "restraintEscapedFail": ""
}