{
    "name": "Aphrodisiac",
    "cost": "5",
    "costType": "ep",
    "requiredLevel": "0",
    "learningCost": "0",
    "skillType": "statusEffect",
    "statType": "Allure",
    "requiredStat": "0",
    "skillTags": ["Seduction"],
    "fetishTags": [""],
    "startsStance": "",
    "requiresStance": "Any",
    "unusableIfStance": ["Any"],
    "requiresTargetStance": ["Any"],
    "unusableIfTarget": [""],
    "removesStance": "None",
    "requiresStatusEffect": "",
    "requiresStatusPotency": "0",
    "unusableIfStatusEffect": ["None"],
    "power": "0",
    "minRange": "70",
    "maxRange": "125",
    "recoil": "0",
    "targetType": "single",
    "statusEffect": "Aphrodisiac",
    "statusChance": "150",
    "statusDuration": "5",
    "statusPotency": "20",
    "statusResistedBy": "Willpower",
    "statusText": "aphrodisiac",
    "descrip": "A status effect", 
    "outcome": "[AttackerName] opens its mouth and exhales a hot pink gas into the room slowly filling it up!",
    "miss": "[AttackerName] opens its mouth and chokes on the pink gas it attempted to release!", 
    "statusOutcome": "[TargetName]'s body suddenly burns hot with desire!",
    "statusMiss": "[TargetName] manages to resist the harmful effects of the gas for now.",
    "restraintStruggle": "",
    "restraintStruggleCharmed": "",
    "restraintEscaped": "",
    "restraintEscapedFail": ""
}