{
    "name": "Pet Collar",
    "cost": "5",
    "costType": "ep",
    "requiredLevel": "0",
    "learningCost": "0",
    "skillType": "statusEffect",
    "statType": "Willpower",
    "requiredStat": "0",
    "skillTags": ["Magic"],
    "fetishTags": [""],
    "startsStance": "",
    "requiresStance": "Irrumatio",
    "unusableIfStance": [""],
    "requiresTargetStance": ["Irrumatio"],
    "unusableIfTarget": [""],
    "removesStance": "None",
    "requiresStatusEffect": "None",
    "requiresStatusPotency": "0",
    "unusableIfStatusEffect": [""],
    "power": "0",
    "minRange": "70",
    "maxRange": "100",
    "recoil": "0",
    "targetType": "single",
    "statusEffect": "Restrain",
    "statusChance": "300",
    "statusDuration": "3",
    "statusPotency": "60",
    "statusResistedBy": "Technique",
    "statusText": "bound",
    "descrip": "A chain of light that wraps itself around targets",
    "outcome": "",
    "miss": "",
    "statusOutcome": "While fucking [TargetName]'s face [AttackerName] creates a collar of light around [TargetName]'s neck with a chain leading to her hand!",
    "statusMiss": "While fucking [TargetName]'s face [AttackerName] creates a collar of light around [TargetName]'s neck with a chain leading to her hand but it suddenly breaks into motes of light instead!",
    "restraintStruggle": "[TargetName] struggles against the chains of light...",
    "restraintStruggleCharmed": "[TargetName] squirms against the chains of light...",
    "restraintEscaped": "And breaks free, shattering the restraints into tiny motes of light!",
    "restraintEscapedFail": "But can't break free of the shining restraints!"
}
