{
    "name": "Sadistic Binding",
    "cost": "5",
    "costType": "ep",
    "requiredLevel": "0",
    "learningCost": "0",
    "skillType": "statusEffect",
    "statType": "Willpower",
    "requiredStat": "0",
    "skillTags": ["Magic"],
    "fetishTags": [""],
    "startsStance": "",
    "requiresStance": "Anal - Futa",
    "unusableIfStance": [""],
    "requiresTargetStance": ["Anal - Futa"],
    "unusableIfTarget": [""],
    "removesStance": "None",
    "requiresStatusEffect": "None",
    "requiresStatusPotency": "0",
    "unusableIfStatusEffect": [""],
    "power": "0",
    "minRange": "70",
    "maxRange": "100",
    "recoil": "0",
    "targetType": "single",
    "statusEffect": "Restrain",
    "statusChance": "300",
    "statusDuration": "3",
    "statusPotency": "60",
    "statusResistedBy": "Technique",
    "statusText": "bound",
    "descrip": "A chain of light that wraps itself around targets",
    "outcome": "",
    "miss": "",
    "statusOutcome": "While fucking [TargetName]'s ass [AttackerName] points [AttackerHisOrHer] open palms at [TargetName] releasing chains of light that swiftly wrap around [TargetHimOrHer] holding them in place!",
    "statusMiss": "While fucking [TargetName]'s ass [AttackerName] points [AttackerHisOrHer] open palms at [TargetName] releasing chains of light that swiftly attempt to wrap around [TargetHimOrHer], but [TargetName]'s innate magic resistance manages to stop them!",
    "restraintStruggle": "[TargetName] struggles against the chains of light...",
    "restraintStruggleCharmed": "[TargetName] squirms against the chains of light...",
    "restraintEscaped": "And breaks free, shattering the restraints into tiny motes of light!",
    "restraintEscapedFail": "But can't break free of the shining restraints!"
}
