{
    "name": "Chain Strike",
    "cost": "5",
    "costType": "ep",
    "requiredLevel": "0",
    "learningCost": "500",
    "skillType": "attack",
    "statType": "Technique",
    "requiredStat": "7",

    "skillTags": ["Pain"],
    "fetishTags": [""],

    "startsStance": "",
    "requiresStance": "Any",
    "unusableIfStance": ["Any"],
    "requiresTargetStance": ["Any"],
    "unusableIfTarget": [""],
    "removesStance": "None",

    "requiresStatusEffect": "None",
    "requiresStatusPotency": "0",
    "unusableIfStatusEffect": ["None"],
        "requiresStatusEffectSelf": "None",
        "requiresStatusPotencySelf": "0",
        "unusableIfStatusEffectSelf": ["None"],

    "targetType": "single",
        "accuracy": "0",
        "initiative": "0",


    "power": "10",
    "minRange": "100",
    "maxRange": "100",
    "recoil": "10",
    "critDamage": "0",
    "critChance": "0",

    "statusEffect": "Defence",
    "statusChance": "75",
    "statusDuration": "6",
    "statusPotency": "-40",
    "statusResistedBy": "Power",
    "statusText": "",
    "descrip": "",
    "outcome": "[AttackerName] suddenly lashes out with [AttackerHisOrHer] whip like chains, battering [TargetName]'s body and forcing [TargetHimOrHer] to cry out in pain.",
    "miss": "[AttackerName] suddenly lashes out with [AttackerHisOrHer] whip like chains, but [TargetName] deftly avoids the strike!",
    "statusOutcome": "The stinging strike of [AttackerName]'s chains leaves [TargetName] dazed and less resistant to pleasure!",
    "statusMiss": "",
    "restraintStruggle": "",
    "restraintStruggleCharmed": "",
    "restraintEscaped": "",
    "restraintEscapedFail": ""
}
