{
    "name": "Collared Face Fucking",
    "cost": "15",
    "costType": "ep",
    "requiredLevel": "0",
    "learningCost": "0",
    "skillType": "attack",
    "statType": "Power",
    "requiredStat": "0",

    "skillTags": [ "Mouth"],
    "fetishTags": ["Futanari"],

    "startsStance": [""],
    "requiresStance": "Irrumatio",
    "unusableIfStance": ["Anal - Futa"],
    "requiresTargetStance": [ "Irrumatio"],
    "unusableIfTarget": [ "Sex", "Anal"],
    "removesStance": ["None"],

    "requiresPerk": [""],
    "requiresOnePerk": "",
    "unusableIfPerk": [""],
    "requiresPerkSelf": [""],
    "requiresOnePerkSelf": "",
    "unusableIfPerkSelf": [""],

    "requiresStatusEffect": "Restrain",
    "requiresStatusPotency": "0",
    "unusableIfStatusEffect": ["None"],
        "requiresStatusEffectSelf": "None",
        "requiresStatusPotencySelf": "0",
        "unusableIfStatusEffectSelf": ["None"],

        "scalesWithStatusEffect": "",
        "flatDamageSF-FlatScaling": "0",
        "flatDamageSF-PercentScaling": "0",
        "totalDamageSF-PercentScaling": "0",

    "targetType": "3Hits",
        "accuracy": "0",
        "initiative": "0",

        "power": "20",
        "minRange": "90",
        "maxRange": "110",
        "recoil": "40",
    "critDamage": "0",
    "critChance": "0",

    "statusEffect": "None",
        "statusPotency": "0",
        "statusEffectScaling": "0",
        "statusDuration": "0",
        "statusChance": "0",
        "statusResistedBy": "",

    "statusText": "",
    "descrip": "Using your collar to hold you in place, [AttackerName] forces [TargetName] to gag on her cock as her balls slap against his chin!",
    "outcome": "While yanking the shining chains around your neck, [AttackerName] smirks arrogantly at [TargetName]. Moaning loudly she keeps [TargetHimOrHer] stuck between her legs while fucking his face with rough and long steady strokes.",
    "miss": "Using your collar to hold you in place, [AttackerName] forces [TargetName] to gag on her cock as her balls slap against his chin while [TargetName] tries to resist!",
    "statusOutcome": "",
    "statusMiss": "",

    "restraintStruggle": [""],
    "restraintStruggleCharmed": [""],
    "restraintEscaped": [""],
    "restraintEscapedFail": [""]
}
