{
    "name": "Deep Reaming - Futa",
    "costType": "ep",
        "cost": "10",
    "requiredLevel": "0",
    "learningCost": "0",
    "skillType": "attack",
    "statType": "Power",
    "requiredStat": "0",

    "skillTags": [ "Ass"],
    "fetishTags": [ "Futanari"],

    "startsStance": [""],
    "requiresStance": "Anal - Futa",
    "unusableIfStance": [        
    "Blowjob",
    "Penetration",
    "Titfuck",
    "Face Sit"],
    "requiresTargetStance": [ "Anal - Futa"],
    "unusableIfTarget": [ ""],
    "removesStance": ["None"],

    "requiresPerk": [""],
    "requiresOnePerk": "",
    "unusableIfPerk": [""],
    "requiresPerkSelf": [""],
    "requiresOnePerkSelf": "",
    "unusableIfPerkSelf": [""],

    "requiresStatusEffect": "None",
    "requiresStatusPotency": "0",
    "unusableIfStatusEffect": ["None"],
        "requiresStatusEffectSelf": "None",
        "requiresStatusPotencySelf": "0",
        "unusableIfStatusEffectSelf": ["None"],

        "scalesWithStatusEffect": "",
        "flatDamageSF-FlatScaling": "0",
        "flatDamageSF-PercentScaling": "0",
        "totalDamageSF-PercentScaling": "0",

    "targetType": "2Hits",
        "accuracy": "0",
        "initiative": "0",

        "power": "15",
        "minRange": "90",
        "maxRange": "110",
        "recoil": "30",
    "critDamage": "0",
    "critChance": "0",

    "statusEffect": "Paralysis",
        "statusPotency": "1",
        "statusEffectScaling": "0",
        "statusDuration": "1",
        "statusChance": "25",
        "statusResistedBy": "Willpower",

    "statusText": "",
    "descrip": "Roughly fuck your target into submission.",
    "outcome": "|f|PlaySoundEffect|/|sfx/Erotic/Sex/Piston slightly dry (low speed) 12 times.wav|n|[AttackerName] grabs [TargetName]'s shoulder for leverage and yanks [TargetHimOrHer] up to pound [TargetName]'s slowly reddening ass, [TargetName] struggles to stay coherent as they writhe submissively under the [AttackerName]",
    "miss": "[AttackerName] powerfully slams her hips into [TargetName]'s ass, but [TargetName] grits their teeth and seems unaffected!",
    "statusOutcome": "",
    "statusMiss": "",

    "restraintStruggle": [""],
    "restraintStruggleCharmed": [""],
    "restraintEscaped": [""],
    "restraintEscapedFail": [""]
}
