{
    "name": "Demonic Taste",
    "costType": "ep",
        "cost": "0",
    "requiredLevel": "0",
    "learningCost": "0",
    "skillType": "attack",
    "statType": "Technique",
    "requiredStat": "0",

    "skillTags": ["Mouth"],
    "fetishTags": ["Futanari"],

    "startsStance": [""],
    "requiresStance": "Irrumatio",
    "unusableIfStance": [
    "Blowjob",
    "Penetration",
    "Titfuck",
    "Face Sit"],
    "requiresTargetStance": [ "Irrumatio"],
    "unusableIfTarget": [ "Sex", "Anal"],
    "removesStance": ["None"],

    "requiresPerk": [""],
    "requiresOnePerk": "",
    "unusableIfPerk": [""],
    "requiresPerkSelf": [""],
    "requiresOnePerkSelf": "",
    "unusableIfPerkSelf": [""],

    "requiresStatusEffect": "None",
    "requiresStatusPotency": "0",
    "unusableIfStatusEffect": ["None"],
        "requiresStatusEffectSelf": "None",
        "requiresStatusPotencySelf": "0",
        "unusableIfStatusEffectSelf": ["None"],

        "scalesWithStatusEffect": "",
        "flatDamageSF-FlatScaling": "0",
        "flatDamageSF-PercentScaling": "0",
        "totalDamageSF-PercentScaling": "0",

    "targetType": "single",
        "accuracy": "0",
        "initiative": "0",

    "power": "30",
        "minRange": "100",
        "maxRange": "100",
    "recoil": "60",
    "critDamage": "0",
    "critChance": "0",

    "statusEffect": "Charm",
        "statusPotency": "5",
        "statusEffectScaling": "0",
        "statusDuration": "3",
        "statusChance": "50",
        "statusResistedBy": "Willpower",

    "statusText": "",
    "descrip": "",
    "outcome": "The Blue Imp forces her cock down [TargetName]'s throat, smearing precum all over [TargetName]'s mouth. Without thinking, [TargetName] begins sucking to drink more of the salty liquid making her smirk.",
    "miss": "The Blue Imp forces her cock down [TargetName]'s throat to make him drink her fluids, but [TargetName] does their best to not swallow it.",
    "statusOutcome": "[TargetName], drinks the Blue Imps Pre without thinking as hearts begin to form in their eyes.",
    "statusMiss": "",

    "restraintStruggle": [""],
    "restraintStruggleCharmed": [""],
    "restraintEscaped": [""],
    "restraintEscapedFail": [""]
}
