{
    "name": "Futanari Piston",
    "cost": "20",
    "costType": "ep",
    "requiredLevel": "0",
    "learningCost": "0",
    "skillType": "attack",
    "statType": "Technique",
    "requiredStat": "0",

    "skillTags": [ "Ass", "Penetration"],
    "fetishTags": [ "Futanari"],

    "startsStance": [""],
    "requiresStance": "Anal - Futa",
    "unusableIfStance": [         
    "Blowjob",
    "Penetration",
    "Titfuck",
    "Face Sit"],
    "requiresTargetStance": [ "Anal - Futa"],
    "unusableIfTarget": [ ""],
    "removesStance": ["None"],

    "requiresPerk": [""],
    "requiresOnePerk": "",
    "unusableIfPerk": [""],
    "requiresPerkSelf": [""],
    "requiresOnePerkSelf": "",
    "unusableIfPerkSelf": [""],

    "requiresStatusEffect": "None",
    "requiresStatusPotency": "0",
    "unusableIfStatusEffect": ["None"],
        "requiresStatusEffectSelf": "None",
        "requiresStatusPotencySelf": "0",
        "unusableIfStatusEffectSelf": ["None"],

        "scalesWithStatusEffect": "",
        "flatDamageSF-FlatScaling": "0",
        "flatDamageSF-PercentScaling": "0",
        "totalDamageSF-PercentScaling": "0",

    "targetType": "2Hits",
        "accuracy": "0",
        "initiative": "0",

        "power": "15",
        "minRange": "90",
        "maxRange": "110",
        "recoil": "30",
    "critDamage": "0",
    "critChance": "0",

    "statusEffect": "Defence",
        "statusPotency": "-15",
        "statusEffectScaling": "25",
        "statusDuration": "3",
        "statusChance": "60",
        "statusResistedBy": "Willpower",

    "statusText": "Vulnerability Exposed",
    "descrip": "Rapidly plow your targets ass. Recoils. Can lower defence for a short time.",
    "outcome": "|f|PlaySoundEffect|/|sfx/Erotic/Sex/Piston slightly dry (high speed) 18 times.wav|n|[AttackerName] deftly fucks [TargetName]'s ass at a rapid, intense tempo, each hilting strike working to flood them with pleasure.",
    "miss": "[AttackerName] deftly fucks [TargetName]'s ass at a rapid, intense tempo, each hilting strike working to flood them with pleasure, but [TargetHeOrShe] seems unaffected!",
    "statusOutcome": "From the constant fucking from behind, [TargetName] is left dazed and vulnerable to pleasure.",
    "statusMiss": "",

    "restraintStruggle": [""],
    "restraintStruggleCharmed": [""],
    "restraintEscaped": [""],
    "restraintEscapedFail": [""]
}
