{
    "name": "Futanari Reaming",
    "cost": "15",
    "costType": "ep",
    "requiredLevel": "0",
    "learningCost": "0",
    "skillType": "attack",
    "statType": "Technique",
    "requiredStat": "0",
	
    "skillTags": ["Ass", "Penetration"],
    "fetishTags": ["Futanari"],
	
    "startsStance": "",
    "requiresStance": "Anal - Futa",
    "unusableIfStance": [ 
    "Blowjob",
    "Penetration",
    "Titfuck",
    "Face Sit"],
    "requiresTargetStance": ["Anal - Futa"],
    "unusableIfTarget": [""],
    "removesStance": "None",
	
	"requiresPerk": [""],
	"requiresOnePerk": "",
	"unusableIfPerk": [""],
    "requiresPerkSelf": [""],
    "requiresOnePerkSelf": "",
    "unusableIfPerkSelf": [""],
	
    "requiresStatusEffect": "Restrain",
    "requiresStatusPotency": "0",
    "unusableIfStatusEffect": ["None"],
        "requiresStatusEffectSelf": "None",
        "requiresStatusPotencySelf": "0",
        "unusableIfStatusEffectSelf": ["None"],
		
        "scalesWithStatusEffect": "",
        "flatDamageSF-FlatScaling": "0",
        "flatDamageSF-PercentScaling": "0",
        "totalDamageSF-PercentScaling": "0",
	
	"targetType": "2Hits",
		"accuracy": "0",
		"initiative": "0",
		
    "power": "15",
    "minRange": "90",
    "maxRange": "110",
    "recoil": "30",
	"critDamage": "0",
	"critChance": "0",
	
    "statusEffect": "Stun",
    "statusChance": "10",
    "statusDuration": "1",
    "statusPotency": "0",
    "statusResistedBy": "Willpower",
    "statusText": "You are dazed",
    "descrip": "Choke your target from behind as you rail their ass.",
    "outcome": "|f|PlaySoundEffect|/|sfx/Erotic/Sex/Piston slightly dry (low speed) 5 times.wav|n|[AttackerName] yanks [TargetName] up by the chains around [TargetName]'s neck causing [AttackerName] robust cock to churn [TargetHimOrHer] insides as much as possible.",
    "miss": "[AttackerName]'s chains wrap around your neck as [AttackerName]'s thick cock rails [TargetName]'s ass, churning up [TargetHimOrHer] insides as much as possible.",
    "statusOutcome": "From the lack of air and constant fucking from behind, [TargetName] is left drooling and with stars behind their eyes with each brutal thrust.",
    "statusMiss": "",
    "restraintStruggle": "",
    "restraintStruggleCharmed": "",
    "restraintEscaped": "",
    "restraintEscapedFail": ""
}
