{
    "name": "69Submission",
    "CardType": "",
    "CardLimit": "0",
    "Description": "",
    "requires": [""],
    "Speakers": [
        {
            "name": "Schera",
            "postName": "",
            "SpeakerType": ""
        }
    ],
    "EventText": [
        {
            "NameOfScene": "EventStart",
            "theScene": [
                "PlayVisualEffect", "SuddenHaze", "Void.png",
                "Unable to take anymore you finally pass out around the throbbing cock violating your throat.",
                "PlayVisualEffect", "MajorHazeToBlackOut", "Void.png",
                "While fucking your face Schera eventually notices that you went limp between her legs and grins sadistically.",
                "...",
                "PlayVisualEffect", "DecreasingHaze", "Void.png",
                "PlaySoundEffect", "../Mods/FutaDOM/Audio/SFX/Gagging/sdt_gag21.wav",
                "Time passes and you wake up to the sensation of being filled, swallowing you cough at the intrusion of something thick clogging your throat.",
                "PlayVisualEffect", "FadingHaze", "Void.png",
                "Opening your eyes you're greated with two brown orbs against your forehead, they pulse and give off an intense heat alongside a sweaty musky scent",
                "EndAllVisualEffects",
                "PlaySoundEffect", "../Mods/FutaDOM/Audio/SFX/Gagging/sdt_gag19.wav",
                "PlayVisualEffect", "ScreenPulse", "pink.png",
                "Breathing reflexively, you choke around the cock pulsing in your throat once again, before wiggling your hips, you come to the sudden realization that you're upside down.",
                "Schera has you in a standing sixty nine while she grinds into your face with a casual ease, your nose is drooling semen despite your position and it's clear she's came at least once already judging by the heavy weight in your stomach.",
                "PlayVisualEffect", "SuddenHaze", "pinkHaze.png",
                "PlaySoundEffect", "../Mods/FutaDOM/Audio/SFX/Gagging/sdt_gag26.wav",
                "The smell of her sweaty balls makes your head spin, and you don't even realize you've cum between her breasts, or that your member was lodged between her cleavage.", 
                "The inability to see, combined with the sudden pain, lack of air, and intense musk, makes your hips jump as you cum again and again, painting her chest white.",
                "Speaks",
                "Oh you're awake, and first thing you do when you wake up after getting choked out is cum on my tits?|n|Wow, what a degenerate~",
                "PlayVisualEffect2", "ScreenPulse", "pink.png",
                "She punctuates her insults by grinding her hips into your face like a beast marking its territory with its scent, each time it forces you to reflexively swallow her throbbing member.", 
                "Lightly sighing she begins to slowly pulling her hips back with a wet squelching sound, a thick layer of slime, spit, and cum is covering her brown cock as it spits salty fluid on its long journey out of your abused throat.",
                "Speaks",
                "Do your friends know that you're such a masochistic freak~? |n|Do you brag to them in the bar about the monster girls you defeat, despite really getting your twink ass stirred up by people like me?",
                "PlayVisualEffect", "DecreasingHaze", "pinkHaze.png",
                "It's almost surreal to watch her long cock as it slowly leaves your mouth in a seemingly never ending journey, as you absentmindedly watch the veiny meat leave your mouth.",
                "It reminds you of the time you saw a clown pull phallic-looking swords out of her mouth at a fair. |n|It never seemed possible to fit that in her mouth, and you can't help but wonder if anyone watching this would think the same.",
                "Speaks",
                "Mmmh~, maybe I should tell them, or better yet, perhaps I should just find you in your room one day at the Inn~ |n|Just drag you out, and fuck you in front of the entire town.", 
                "Speaks",
                "I bet you'd look good bent over the fountain. |n|I'm sure a masochist like you would be thrilled to be outed as a total slut for cock in front of all of your friends, hahaha!",
                "She stops pulling out right as the head of her member rests against your tongue, you lick it absentmindedly getting a bitter dollop of pre on your already cum drenched tongue",
                "PlaySoundEffect", "../Mods/FutaDOM/Audio/SFX/Gagging/sdt_gag14.wav",
                "However, right before she pulls it out she instead shoves her hips forward again.", 
                "PlaySoundEffect", "../Mods/FutaDOM/Audio/SFX/Gagging/sdt_gag16.wav",
                "The sound echos in her room as her big balls come back and slap wetly against your forehead blocking your vision once more.",
                "PlayVisualEffect2", "OrgasmPulse", "pink.png",
                "PlaySoundEffect", "../Mods/FutaDOM/Audio/SFX/Gagging/sdt_gag12.wav",
                "Desperately you try to breathe; your cock squirting more semen as her rough treatment makes pleasure spike through your brain, your whole body shuddering involuntarily.",
                "PlaySoundEffect2", "../Mods/FutaDOM/Audio/SFX/Gagging/sdt_gag05.wav",
                "Speaks",
                "Oh fuck yessss, your throat is so tight! |n|Fuck, that's it, choke on it; you stupid slut.", 
                "PlaySoundEffect2", "../Mods/FutaDOM/Audio/SFX/Gagging/sdt_gag16.wav",
                "Speaks",
                "Goddess, if you humans were born for anything, then it was to be cocksleeves; you have the best mouths.",
                "StopSoundEffectLoop2",
                "Speaks",
                "You see, unlike Monster Girls your kind hasn't evolved to take something like this, it {b}really{/b} just ruins the fun of destroying someone if it doesn't last~",
                "StopSoundEffectLoop",
                "PlaySoundEffect2", "../Mods/FutaDOM/Audio/SFX/Gagging/sdt_gag14.wav",
                "Pulling her cock of your abused throat quicker this time, she thrusts back in without hesitation, and then faster once again.", 
                "PlaySoundEffect2", "../Mods/FutaDOM/Audio/SFX/Gagging/sdt_gag16.wav",
                "grinding into your face as saliva runs down your forehead Schera moans loudly and braces her hips.",
                "PlaySoundEffect2", "../Mods/FutaDOM/Audio/SFX/Gagging/sdt_gag14.wav",
                "Pistoning down your throat at a hellish pace, she forces you to loudly gag and retch around her slimy cock.",
                "Your throat visibly stretches outward with each thrust as the lack of air and her masculine scent makes you feel as if you'll pass out again.", 
                "Her balls loudly slap against your forehead, slowly leaving a red mark, all while Schera moans loudly, sadistically enjoying the feeling of ruining your throat.",
                "StopSoundEffectLoop",
                "With a particularly loud scream, Schera suddenly hilts her cock in the back of your throat and grinds against your face.", 
                "PlaySoundEffect2", "../Mods/FutaDOM/Audio/SFX/Gagging/sdt_gag12.wav",
                "Feeling it thicken in your mouth in your mouth even more, you paw futally at her muscled thighs in panic as sudden clarity returns to your eyes.",
                "Schera lets out a breathy moan, and you feel it throbbing in your abused throat as her balls begin to expand and contract steadily against your forehead, their smell, if possible; Has gotten stronger.",
                "PlayVisualEffect", "IncreasingHaze", "pinkHaze.png", 
                "StopSoundEffectLoop",
                "PlayLoopingSoundEffect", "EjaculationLong",
                "PlayLoopingSoundEffect2", "sfx/Erotic/Sucking/gulp.mp3",
                "Her cock bulges with each large rope of semen, making your throat distend slightly while warm is pumped directly into your stomach forcing you to swallow involuntarily.",
                "Keeping her thick thighs planted firmly against your cheeks, she quietly sighs, pulling her hand off your head easily keeping your head in place with her muscular thighs.",
                "PlayVisualEffect", "BlindingFlash", "pink.png",
                "Easily forcing you to deepthroat her cock, she bucks her hips every few seconds with halting, jerking movements.",
                "Grinding her balls against your forehead as they pulse, another large jet of cum is deposited into your slowly bulging stomach, each shot makes you swallow reflexively causing even more cum to spurt out from the stimulation in a depraved cycle.",
                "PlayVisualEffect", "StartHaze", "Void.png",
                "Black spots begin to appear slowly in your vision as your sight goes hazy; her throbbing cock doesn't stop spitting out semen into your filled stomach, and it feels like her orgasm will never end.", 
                "PlayVisualEffect", "GrowingHaze", "Void.png",
                "Your slightly distended stomach expands just a bit more as you begin to look a few months pregnant from the sheer amount she's made you drink.",
                "PlayVisualEffect", "IncreasingHaze", "Void.png",
                "StopSoundEffectLoop2",
                "PlaySoundEffect2", "../Mods/FutaDOM/Audio/SFX/Gagging/sdt_gag20.wav",
                "Suddenly your eyes open in shock as it begins to backflow, first in the corners of your mouth, giving you a real taste of just how bitter and almost tarlike her thick cum is.",
                "It's slowly forced out of your nose from the sheer pressure of her orgasm, blocking what little breathing you've regained making a mess of your face as it runs up and into your hair.",
                "PlayVisualEffect", "FadingHaze", "Void.png",
                "Right before you pass out, Schera pulls her hips back, her cock exiting your mouth with a wet {i}schlorp{/i} the still hard apendege laying on your drenched face covering it easily.",
                "PlayVisualEffect", "OrgasmPulse", "pink.png",
                "Your face is covered in sweat, tears and semen to the point where nobody would even recognize you, Schera's cock still spits out some semen. |n|Throbbing with each pulse covering your face and head more and more, absolutely drowning you in her smell.",
                "StopSoundEffectLoop",
                "In your hazy vision, you see her hips pull back, and realize she's not even close to done with you just as the tip of her cock goes right back into your still cum-filled mouth.", 
                "...",
                "ChangeFetish", "Futanari", "25",
                "ChangeFetish", "Black Cock", "25",
                "ChangeSensitivity", "Mouth", "15",
                "ChangeSensitivity", "Pain", "15",
                "GameOver"


           ]
        }

    ]
}