{
    "name": "AfflictedKunoichiSoloLoss2",
    "CardType": "",
    "CardLimit": "0",
    "Description": "",
    "requires": [""],
    "Speakers": [
        {
            "name": "Afflicted Kunoichi",
            "postName": "1",
            "SpeakerType": ""
        },
        {
            "name": "Afflicted Kunoichi",
            "postName": "2",
            "SpeakerType": ""
        }
    ],
    "EventText": [
        {
            "NameOfScene": "EventStart",
            "theScene": [
                "With unsteady movements, you fall to your hands and knees from the weakness slowly overcoming your body while the two rabid Kunoichi circle around you like sharks, all while letting out deranged giggles.",
                "Speaks",
                    "Hehehe... So cute... I want him...",
                "Speaks2",
                    "Cum... I want to cum inside...",
                "Gritting your teeth, you try to dive to the side as she rushes forward, only to feel a pair of hands grab you from behind!",
                "Looking back in shock, you barely have time to realize you lost track of the second one before she shoves you to your hands and knees!",
                "Before you can get up, the one in front of you grabs your hair tightly, making you wince in pain.",
                "With a malicious smirk, she presses the drooling head of her futanari cock against your pursed lips, smearing your mouth with her pre.",
                "However your resistance, feeble as it was, is blown away as the other kunoichi mercilessly shoves her entire length into your ass!",
                "PlayerSpeaks",
                "AHHH! It's too bi- MMMPH!",
                "Your mouth is filled with the salty taste of her sweaty cock blowing past your gag reflex without hesitation, making your eyes roll back with tears.", 
                "Her balls press flush against your chin, and her length causes your throat to distend as she lets out a victorious moan.",
                "Speaks",
                "Warm... so warm~ so tight~ hehe... ahahaha!",
                "As if following some unknown signal, both Kunoichi start fucking you as hard as they can without any buildup, making you spasm in overstimulation between the two.",
                "Speaks2",
                    "Ehehe, HEHA HAHAHAHA!",
                "Despite how violent your rape is, you shamefully find yourself feeling pleasure from being violated, the aphrodisiac in the kunoichi's clothing rubbing off on your skin, making your whole body hypersensitive",
                "Each body-shaking thrust makes your mind reel blank from the pleasure until suddenly you cum onto the floor, not that the two maddened girls notice as they fuck you through your orgasm.",
                "Speaks2",
                "Good... ass... haaaa hahaheee hehe~",
                "Speaks",
                "Mouth... hole... pussy... so good... ouughhhaaaah~",
                "Mindlessly chasing their own pleasure, they treat you like a sex toy to vent their unending desire!",
                "Suddenly, as if following some unheard signal, they both lock up and hilt their cocks inside of you.",
                "With a synchronous moan, their balls pulse against you, and they begin to flood you with thick semen.",
                "Your eyes roll back as you can practically hear it audibly pump into you, the warmth in your ass eliciting a groan in pleasure as you cum again, making a small puddle underneath you.",
                "Speaks2",
                "Haaah... good.. so tight... cumming so much~",
                "Shuddering from the pleasure you feel, both of them finally start to go soft inside of you.",
                "Mentally sighing in relief, you realize you might be able to get away after all; the hallway is now quiet aside from the girl's heavy breathing.",
                "Their sweaty bodies glisten off what little light is in the area, and the one still grinding against your face shudders and gasps in shock.",
                "Speaks",
                "Drink it... please please... haah... w-wait, what are... |n|You... no... I don't... I didn't mean...",
                "Looking up with a hazy, cumdrunk expression, you see lucidity returning to the kunoichi in front of you as she looks back at you in shock and slight horror.",
                "With a sudden jerk, she starts to pull back quickly, bringing half her softening cock out of your tight throat, but right as she does, you swallow out of reflex, making her close her eyes and moan from the tightness thrusting forward out of reflex.",
                "A loud slap from her balls meeting your chin echos out in the now silent hallway as she moans loudly, the Kunoichi behind you gasping in shock as your ass clamps down on her.",
                "Opening her eyes again, she looks back down into yours, her eyes glowing now red and tinged with madness.",
                "You feel her begin to reharden inside of you alongside the dick in your ass!",
                "Shivering in fear and slight anticipation, you realize in both dread and masochistic pleasure that you'll be here for a while.",
                "...",
                "Loud retches and slapping echo throughout the hallway, alongside the maniacal laughter coming from the two women as they go in and out of sanity.",
                "If you had any room for thoughts other than how much you love their cocks, you'd think it was sad about how they likely want this less than you do.",
                "You've no idea how long they keep you between the two of them, having lost any sense of time from the constant stream of orgasms forced upon you.",
                "Eventually, you slowly feel your eyes closing in exhaustion, unable to keep up with their inhuman stamina.",
                "Finally, you begin passing out between the two women while the sounds of their crazed, giggling echos fill your mind.",
                "However, in the last moments of your consciousness, you idly wonder when those giggles began to sound to you like someone sobbing in despair...",
                "GameOver"

           ]
        }

    ]
}