{
    "name": "AfflictedKunoichiSoloLoss1",
    "CardType": "",
    "CardLimit": "0",
    "Description": "",
    "requires": [""],
    "Speakers": [
        {
            "name": "Afflicted Kunoichi",
            "postName": "",
            "SpeakerType": ""
        }
    ],
    "EventText": [
        {
            "NameOfScene": "EventStart",
            "theScene": [
                "Unable to resist anymore, you turn to escape the seemingly rabid woman!",
                "Seeing your moment of weakness, she tackles you from behind before you get far, a hand pushing your face roughly against the stone floor while another rips at your clothes, exposing your ass.",
                "You weakly struggle underneath the toned woman while she giggles madly in your ear.",
                "Speaks",
                    "Cum... I need to cum... hehe haha hahaha... gonna cum... inside of you...!",
                "Lining her throbbing erection with your twitching asshole, you squirm weakly under her voluptuous figure while she holds you down, face down, ass up.",
                "PlayerSpeaks",
                    "N-no wai-!",
                "She mercilessly shoves all of her futanari cock in your ass with one brutal movement that would've rocked you forward if she wasn't pinning you down!",
                "Making gasping noises somewhere between a dying seal and a squeal, you claw at the stone floor from both pleasure and masochistic pain!",
                "PlayerSpeaks",
                    "I-it's too big... t-take it out pl-aahh!",
                "Speaks",
                    "Tight... so tight... so good... more... more hehe... hahaha!",
                "Giggling maniacally, the Kunoichi begins fucking you as hard as she can without hesitation, filling the empty temple hallways with lewd slapping.",
                "Feebly, you try pulling yourself forward, but the hand grasping your hair pushes your cheek harder against the stone floor as she kisses your neck while sniffing you like an animal!",
                "Lightly moaning, your whole body shudders as she instinctively hits your prostate, a likely outcome of her monster girl nature to know what to do instinctively.",
                "Your legs squirm and suddenly your whole body shudders as you cum all over the ground; however, the woman behind you doesn't slow, even a little, still madly giggling as she pounds your redding ass without stopping.",
                "If anything, she speeds up, your orgasm setting something loose in her as she hunches over her hot breath against the back of your neck, her tongue flicking out and licking the sweat off.",
                "Speaks",
                    "Cum... gonna... cum... finally.. hehe.. hahahaha... more... MORE!",
                "With a squeal closer to that of a pig than an actual person, she hilts her cock inside of your abused ass and begins to fill it with her thick semen!",
                "You feel her large testicles pulse against yours as each thick shot of semen practically carries its own weight; your eyes roll back, and you cum again, covering the floor underneath you.",
                "Speaks",
                    "Hehe... cum... more cum... So horny... haaaah~",
                "While still grinding her hips against you, a small backflow of her semen creates a puddle between the two of you as she slowly goes soft inside of you as your stomach distends slightly from the sheer volume, and suddenly you hear her gasp in shock.",
                "Speaks",
                "Cum... I'm cumming... good... soo good... What am I doing...?!|n|N-no, not again; look, I need to go or I'll...",
                "As lucidity slowly returns to her eyes and she begins to pull back, she starts rehardening inside of you from the tightness of your passage, making her moan sweetly.",
                "Speaks",
                    "Ah no... Tight... so tight~ Your holes are so warm... hehe.. hahaaaah~ I want to cum more~ just a little more... hehe... hahaha~",
                "Despite her orgasm, she begins fucking you again, using the semen as lube to go even harder!",
                    "Hehe... cum... more cum... So horny... haaaah~",
                "PlayerSpeaks",
                    "N-no...",
                "You groan in despair as she begins round two; the maniacal giggling is intersparsed with what you've come to realize is her crying, as she is as much of a victim in this as you are...",
                "...",
                "You're unaware of how long you were ass up in the hallway, but eventually you pass out with the insane giggling and crying of the Kunoichi echoing in your head.",
                "GameOver"

           ]
        }

    ]
}