{
		"name": "BlueImpFacefuck",
		"CardType": "",
		"CardLimit": "0",
		"Description": "",
		"requires": "",
		"Speakers": [
		{
				"name": "Futa Blue Imp",
				"postName": "",
				"SpeakerType": "Monster"
		}
		],
		"EventText": [
		{
			"NameOfScene": "EventStart",
			"theScene":[	"DisplayCharacters",
			"1",
			"EndLoop",
			"PlayVisualEffect", "StartHaze", "Void.png",
			"With black spots in your vision, you finally lose the will to resist as she chokes you out with her cock.",
			"PlayVisualEffect", "GrowingHaze", "Void.png",
			"Before you can pass out however, she pulls out just enough to let you breathe.",
			"PlayVisualEffect", "FadingHaze", "Void.png",
			"Breathing noisily through your nose, a warmth covers your neck. |n|Glancing up, you see a glowing white chain in her hand leading to your neck, before connecting to a shining collar around your throat.",
			"PlayVisualEffect", "ScreenPulse", "Void.png",
			"PlayMotionEffect", "CrashSmol",
			"With a smug grin, she pulls her cock out of your mouth and starts walking to a chair dragging your dazed body along on your hands and knees.",
			"Speaks",
			"Keep up, pet; we're going to be here a while so I might we might as well do this comfortably,~♥",
			"Her devious tone sends a mix of dread and anticipation running through you as you're dragged along in the house.",
			"PlayVisualEffect", "StartHaze", "pinkHaze.png", 
			"Plopping down in a fancy looking chair, her throbbing member is at the height of your head making you flinch back from its musky scent.",
			"With a smug expression, she yanks the chain pulling your face flush against her heavy balls.",
			"PlayVisualEffect", "GrowingHaze", "pinkHaze.png",
			"The heady smell clouds your head, and submissive pleasure runs through your spine. |n|Nervously swallowing, you try looking up at her, but can't see past the pillar of blue cockflesh covering your sight",
			"PlayVisualEffect2", "DoublePulse", "pink.png",
			"Her balls pulse against your nose, and you find yourself unintentionally sniffing them, enjoying how their stench clouds your head, making you submit against her powerful member.",
			"Speaks",
			"Now, now, it's too early to give up.",
			"PlayVisualEffect2", "ScreenPulse", "pink.png",
			"PlayVisualEffect", "DecreasingHaze", "pinkHaze.png",
			"Snickering, she pulls your head back with your leash, unable to resist her strength she easily positions your mouth in front of her drooling cock head.",
			"The sweaty tip of her blue cock presses flat against your tongue, its salty taste spreads in your mouth making you flinch at its strong taste.", 
			"Slowly she guides you with a hand on the back of your head, while the other yanks the chain, pulling you forward.",
			"PlayLoopingSoundEffect", "BlowjobSucking",
			"You're forced to begin to take one inch at a time, unable to resist her as the chain around your neck saps your strength.",
			"PlayVisualEffect", "IncreasingHaze", "pinkHaze.png",
			"Suddenly she stops pulling your head half way, looking up into her eyes as you feel see her wrapping a leg behind your neck, and you realize what she's planning.",
			"Speaks",
			"You'll never forget the taste of me by the time I'm done with you~♥.",
			"StopSoundEffectLoop",
			"PlayLoopingSoundEffect", "BlowjobDeepSuction",
			"Making the declaration in a breathy voice, her toned leg yanks your head forward locking you in place.",
			"PlayMotionEffect", "Crash",
			"PlayerSpeaks",
				"{b}GLUUURK{/b}",
			"While her leg keeps you from pulling back she tugs your collar pulling you mercilessly down the rest of her eight-and-a-half inches.",
			"Your nose gets buried blue pubes as you're forced to choke around her throbbing length, her pulsing balls rest on your chin while your eyes water.",
			"PlayVisualEffect2", "ScreenPulse", "pink.png",
			"Loudly moaning above you as her leg holds your head in place while, a hand moves up to fondle her breasts.",
			"Speaks",
			"That's a good pet, Keep my cock warm. |n|Your throat really is just too good~♥.",
			"PlayVisualEffect2", "TriplePulse", "pink.png",
			"I'm already going to cum soon, I hope you're ready because my orgasms are a bit more then most peoples~♥.", 
			"Letting out another moan above you, you feel her balls practically churn against your chin",
			"PlayVisualEffect2", "OrgasmPulse", "pink.png",
			"StopSoundEffectLoop",
			"PlaySoundEffect", "EjaculationLong",
			"Luckily for you, her cock is so far down your throat that you don't taste her cum, but you feel every pulse as she orgasms.", 
			"PlayVisualEffect2", "ScreenPulse", "pink.png",
			"Every cum shot is far larger than normal orgasm from you, it makes your stomach feel heavy as as if some thick batter was weighing you down from the inside.",
			"PlayVisualEffect2", "DoublePulse", "pink.png",
			"With a hacking cough, you pitifully claw at her thighs while cum spurts out of your nose, her cum finally running out of room in your bloated stomach.",
			"PlayVisualEffect", "DecreasingHaze", "pinkHaze.png",
			"PlayVisualEffect2", "ScreenPulse", "pink.png",
			"StopSoundEffectLoop",
			"PlayLoopingSoundEffect", "BlowjobSucking",
			"PlaySoundEffect", "sfx/Erotic/Sucking/gulp.mp3",
			"Eyes rolling back you idly wonder if this is how you die, before she pulls your head back halfway depositing the last load in your mouth making sure you you taste every bit of her salty semen.",
			"Looking up into her sadistic gaze with tears running down your face, she smirks and says with an air of superiority.",
			"StopSoundEffectLoop",
			"Speaks",
			"{b}Swallow.{/b}",
			"PlayVisualEffect2", "ScreenPulse", "pink.png",
			"PlaySoundEffect", "sfx/Erotic/Sucking/gulp.mp3",
			"You comply meekly, swallowing what landed inside of your mouth with effort, it takes multiple attempts to get the thick cum down your throat.", 
			"Then look back up at her pleadingly as she closes her eyes, enjoying the contractions of your tight throat around her cock she glances back down at you with a flushed face",
			"PlayVisualEffect", "IncreasingHaze", "pinkHaze.png",
			"PlayLoopingSoundEffect", "BlowjobDeepSuction",
			"Without any care, she yanks your hand back down making you retch loudly as your face is back between her legs, except now the smell is far more intense then before.",
			"PlayVisualEffect2", "DoublePulse", "pink.png",
			"Sweat covers her overworked testicles, you feel her previously emptied balls pulsing against your chin as they get bigger again.", 
			"Hazily you begin to realize with mounting horror, that she's somehow making more cum then she's depositing inside of you.",
			"PlayerSpeaks",
				"'She can already cum again...'",
			"The thought send a genuine panic through your mind, as laughter comes from above you.",
			"Knowing what you realized as you weakly tried to pull your head back, the Imp simply grins in amusement at your distress.",
			"However, the collar that's been sapping your strength all this time easily keeps you meekly between her thighs.",
			"PlayLoopingSoundEffect", "EjaculationLong",
			"PlayLoopingSoundEffect2", "sfx/Erotic/Sucking/gulp.mp3",
			"Already she begins to cum again, only this time she's not pulling out, with a sigh of delight she leans back enjoying the feeling of your throat milking her throbbing cock.",
			"Closing her eye, she is content on using your throat as a cocksleeve until you disappear.",
			"Speaks",
			"I hope you had a light meal today boy, because we'll be a while before I'm done with you.",
			"PlayVisualEffect", "DecreasingHaze", "pinkHaze.png",
			"Glancing down clearly amused at your predicament she leans back in the chair and closes her eyes...",
			"PlayVisualEffect", "ScreenPulse", "pink.png",
			"StopSoundEffectLoop",
			"StopSoundEffectLoop2",
			"Hours pass as she fills you with several massive loads of her cum; all you can smell is her musk. |n|All you can taste is her cock in your mouth, and you give her a glassy eye'd cum drunken expression.",
			"Finally, your bag lights up as you begin to disappear.",
			"Speaks",
			"Oh well, it was fun while it lasted; do come back if you want me to fill you up again~♥",
			"PlayVisualEffect2", "ScreenPulse", "pink.png",
			"PlaySoundEffect", "Ejaculation",
			"Her sadistic tone rings throughout your broken mind, grunting one last time as her cock thickens in your throat before spitting out another thick rope of cum as you finally disappear.",
						"ChangeSensitivity", "Mouth", "15",
						"ChangeFetish", "Futanari", "25",
						"GameOver"
			]
		}
	]
}