{
    "name": "DarkSubmission2",
    "CardType": "",
    "CardLimit": "0",
    "Description": "",
    "requires": [""],
    "Speakers": [
        {
            "name": "Schera",
            "postName": "",
            "SpeakerType": ""
        }
    ],
    "EventText": [
        {
            "NameOfScene": "EventStart",
            "theScene": [
                "ChangeBGM", "music/Loss/reason.mp3",
                "Schera gives out a loud, mocking laugh as you collapse onto your knees, panting heavily.",
                 "Speaks",
                    "That's it you little monkey, on your knees is where you belong!",
                    "Schera walks up towards you with a confident gait with each step making her heavy cock swing between her legs like a pendulum.",
                    "PlayMotionEffect", "CrashSmol",
                    "PlaySoundEffect", "../Mods/FutaDOM/Audio/Effects/slap-hit-104981.mp3",
                    "Stopping in front of you, she reaches down stroking her cock letting it press against your cheek, before letting go and seeming to just enjoy watching it cover your face.",
                    "You gulp in anticipation as her heavy shaft lays over your face blocking your vision; her size is almost unbelievable with how easily it flops over your head.",
                    "Watching you with clear delight, Schera relishes in her dominance over you.",
                    "Speaks",
                    "Well get to it {b}slave{/b}, I want you to make my cock shine.",
                    "PlayLoopingSoundEffect", "BlowjobLicking",
                    "She watches with a lecherous grin as you begin licking her half erect member, moving up and down steadily making it throb and ooze pre-cum as you service her.",
                    "PlayVisualEffect", "StartHaze", "pinkHaze.png",
                    "PlayVisualEffect2", "ScreenPulse", "pink.png",
                    "Each salty drop of precum that fills your mouth cements her superiority over you, and you shudder submissively between her legs as your body heats up from her taste.",
                    "StopSoundEffectLoop",
                    "PlaySoundEffect", "sfx/Erotic/Sucking/suckingLong.mp3",
                    "with a loud slurping you pull your head back until her throbbing shaft comes out of your mouth with a popping noise.",
                    "PlayLoopingSoundEffect", "BlowjobLicking",
                    "Looking up into her arrogant gaze, you submissively begin licking her erect shaft, moving up and down steadily making it ooze pre-cum with each long lick.",
                    "Like a dog, you eagerly lap up the pre-cum running down the veiny shaft and reach out with your hands, gulping nervously as you can't even fit your hand around her shaft.",
                    "Sighing in pleasure you pull your head back slowly, gradually working your way back down towards her large balls. Burying your face into her sweaty testicles.",
                    "PlayVisualEffect", "GrowingHaze", "pinkHaze.png",
                    "PlayVisualEffect2", "ScreenPulse", "pink.png",
                    "Burying your face into her massive testicles you deeply inhale her musk, the smell alone sends submissive pleasure running through your body.",
                    "PlaySoundEffect2", "Ejaculation",
                    "PlayVisualEffect", "IncreasingHaze", "pinkHaze.png",
                    "PlayVisualEffect2", "OrgasmPulse", "pink.png",
                    "With a muffled moan you cum in your pants while licking her sweaty balls.",
                    "Feeling her run a hand through your hair, you look up with a slutty expression that'd shock anyone who knew you.",
                    "Continuing sloppily suck on her thick testicles while maintaining a submissive look into her domineering gaze, she laughs at how pathetic you look.",
                    "Speaks",
                        "I told you that your miserable kind belonged on its knees~",
                    "PlayMotionEffect", "CrashSmol",
                    "Pulling your hair, she slowly yanks your head up dragging you towards the tip of her twitching shaft.",
                    "Looking at it, more and more precum keeps drooling from its tip in a seemingly never ending tide.",
                    "Positioning her throbbing member against your mouth she watches as you you eagerly stick out your tongue, licking a bead of her salty semen.", 
                    "A sultry groan escapes her lips as she thrusts her hips forward without mercy.",
                    "StopSoundEffectLoop",
                    "PlaySoundEffect", "../Mods/FutaDOM/Audio/SFX/Gagging/sdt_gag13.wav",
                    "PlayLoopingSoundEffect2", "BlowjobSucking",
                    "PlayMotionEffect", "CrashSmol",
                    "PlayVisualEffect2", "ScreenPulse", "pink.png",
                    "Her dripping cock mercilessly goes all the way down your throat without hesitation while she pumps her hips slow and steadily ignoring your gagging.",
                    "PlaySoundEffect", "../Mods/FutaDOM/Audio/SFX/Gagging/sdt_gag18.wav",
                    "Despite your willingness, her cock is still far too thick for you forcing you to gag and heave around her salty shaft.",
                    "PlayMotionEffect", "CrashSmol",
                    "Schera glances behind her and starts stepping back dragging you along with her towards a chair in the room until she's sitting down.",
                    "PlaySoundEffect", "../Mods/FutaDOM/Audio/SFX/Gagging/sdt_gag16.wav",
                    "Now feeling more at ease, she lifts one of her thick thighs over the back of your neck and keeps you in place while thrusting her hips.",
                    "With her hands free, she rests them behind her head and relaxes content to enjoy face fucking you with minimum effort.",
                    "Speaks",
                        "You're doing well, taking my cock like such a submissive little bitch~.",
                    "PlaySoundEffect", "../Mods/FutaDOM/Audio/SFX/Gagging/sdt_gag14.wav",
                    "With soft moans her voice blends in with the sound of her testicles slapping wetly against your chin.",
                    "PlayVisualEffect2", "ScreenPulse", "pink.png",
                    "Reveling in the submission that comes with submitting to your betters, your mind becomes filled adoration as you sloppily suck on what you can of her cock",
                    "PlaySoundEffect", "Ejaculation",
                    "PlayVisualEffect2", "OrgasmPulse", "pink.png",
                    "Suddenly your body trembles, and unexpectedly you feel yourself cum in your pants once again from the sheer pleasure of submiting to Schera",
                    "PlayMotionEffect", "CrashSmol",
                    "Snickering in amusement at the growing stain in your pants she tightens her toned legs around your neck almost painfully, restricting your breathing alongside her throbbing member.",
                    "PlaySoundEffect", "../Mods/FutaDOM/Audio/SFX/Gagging/sdt_gag20.wav",
                    "PlayVisualEffect2", "ScreenPulse", "pink.png",
                    "Her heavy, brown balls churn against your chin, her sweaty scent filling your senses somehow gets thicker as sharp bitter flavor of her cock becomes even stronger.",
                    "Speaks",
                    "Oh, that's it, here it comes!",
                    "StopSoundEffectLoop",
                    "PlayLoopingSoundEffect", "EjaculationLong",
                    "PlayLoopingSoundEffect2", "sfx/Erotic/Sucking/gulp.mp3",
                    "PlayVisualEffect", "DecreasingHaze", "pinkHaze.png",
                    "PlayVisualEffect2", "BlindingFlash", "pink.png",
                    "Groaning her legs thighten around your neck almost painfully while she thrusts her hips into your face with a wet slapping noise.",
                    "At first, her climax consisted initially of just a few jets of semen, admittedly each of those jets had enough cum to count as a normal orgasm from you.",
                    "PlayVisualEffect", "FadingHaze", "pinkHaze.png",
                    "PlayVisualEffect2", "ScreenPulse", "pink.png",
                    "Keeping you in place with her powerful brown legs, her cock continues to pulse in your mouth with each shot practically weighing your stomach down as she slowly fills you.",
                    "It feels like it'll go on forever as you gurgle wetly against her pulsing balls, your swallowing is audible despite not needing to bother as she directly fills your slowly bulging stomach.",
                    "StopSoundEffectLoop2",
                    "PlaySoundEffect2", "../Mods/FutaDOM/Audio/SFX/Gagging/sdt_gag21.wav",
                    "PlayVisualEffect", "SuddenHaze", "Void.png",
                    "PlayVisualEffect2", "ScreenPulse", "pink.png",
                    "Coughing you start slapping at her thighs weakly as your vision begins to go dark, sperm begins to pour out of your nostrils as your eyes roll back from lack of breath.",
                    "PlaySoundEffect2", "../Mods/FutaDOM/Audio/SFX/Gagging/sdt_gag26.wav",
                    "StopSoundEffectLoop",
                    "trying to breath through your cum filled nostrils is an exercise in futility as you manage to turn your gaze up to the sadistic expression on her face.",
                    "Speaks",
                    "I hope you don't think we're done, I could fuck over and over again for hours~",
                    "Something deep inside you breaks as you feel an indescribable surrender taking over.",
                    "PlayVisualEffect", "BlackOut", "Void.png",
                    "It takes her hours to finish with you, but you don't feel much of it since you faint halfway through and wake up in the church.",
                                "ChangeFetish", "Futanari", "25",
                                "ChangeFetish", "Black Cock", "25",
                                "GameOver"

           ]
        }

    ]
}