{
    "name": "DarkProneBoneDefeat",
    "CardType": "",
    "CardLimit": "0",
    "Description": "",
    "requires": [""],
    "Speakers": [
        {
            "name": "Schera",
            "postName": "",
            "SpeakerType": ""
        }
    ],
    "EventText": [
        {
            "NameOfScene": "EventStart",
            "theScene": [
            "ChangeBGM", "music/Loss/reason.mp3",
            "ClearStances",
            "DisplayCharacters",
                "Schera",
            "EndLoop",
            "StopSoundEffectLoop",
            "PlayLoopingSoundEffect", "sfx/Erotic/Sex/Piston slightly dry (low speed) 12 times.wav",
            "Still pinned beneath Schera's sweaty body you finally are unable to fight back anymore.",
            "Your aching limbs are too heavy and tired to resist her powerful body making you go submissive underneath her she hunches over you her large breasts pressing into your back.",
            "It's questionable if she even noticed that you've given up as she grunts and moans into your ear with each heavy thrust into your abused ass.",
            "PlaySoundEffect2", "Ejaculation",
            "PlayVisualEffect", "SuddenHaze", "pinkHaze.png",
            "PlayVisualEffect2", "OrgasmPulse", "pink.png",
            "PlayMotionEffect", "Crash",
            "Schera bites your ear sensually while the loud clapping of her hips meeting your ass fills the room, and you suddenly cum shamefully onto the floor.",
            "Schera doesn't even notice as she just moans at your newfound tightness.",
            "[ThePlayerName] gasps weakly, unable to think straight as Schera pounds them from behind without mercy.",
            "PlayMotionEffect", "Crash",
            "With an almost animalistic grunt, she keeps you pinned down from behind making your ass jiggle from the force of her powerful thrusts.",
            "Letting out a loud moan, Schera hunches over grabbing your shoulders for leverage. You feel her large breasts pressing against your back while she holds you against her sweaty body tightly.",
            "PlayVisualEffect2", "ScreenPulse", "pink.png",
            "Gasping from a sudden rush of pleasure, her thick cock hits starts smashing against your prostate, forcing unsightly moans from you.",
            "Speaks",
                "That's it, you stupid monkey~♥",
            "PlayMotionEffect", "CrashSmol",
            "PlayVisualEffect2", "OrgasmPulse", "pink.png",
            "Speaks",
                "Learn your place, and take my fucking dick~!",
            "PlayMotionEffect", "CrashSmol",
            "Sweat goes down Schera's forehead as she puts more force into her thrusts, pushing down on your shoulders harder pushing your upperbody against the ground with all of her weight.",
            "Moans and pleasured gasps are being forced from your mouth as she keeps a strong machinelike rhythm, pummling your prostate without effort.",
            "PlayMotionEffect", "Crash",
            "Suddenly, your arms give out as you fall against your face with your ass in the air.",
            "StopSoundEffectLoop",
            "PlayLoopingSoundEffect", "sfx/Erotic/Sex/Piston slightly dry (medium speed) 5 times.wav",
            "Schera either doesn't notice or doesn't care as she keeps your upper half pinned to the ground, completely focused on fucking your tight ass with everything she has.",
            "PlayVisualEffect2", "OrgasmPulse", "pink.png",
            "PlaySoundEffect", "Ejaculation",
            "Writhing submissively under her larger body, your cock spurts its load onto the floor while you gasp in pleasure.", 
            "Schera gasps at the sudden tightness of your ass as you clamp down on her even harder from your orgasm.",
            "PlayVisualEffect2", "ScreenPulse", "pink.png",
            "The heady scent of her sweaty body makes your mind go dizzy, and you can't even remember why you wanted to fight back against her anyway.",
            "While she's carving submission into your body with every brutal thrust, you come to the realization that she really is so much better than you in every way.",
            "{i}'She's taller, prettier, has a larger penis, and is definitely a better fighter than you.{/i} |n|You're sure if she committed to it, she'd be a far better adventurer than you too.",
            "With a dopey smile on your face, you decide that '{i}yes, beneath her really is where you belong, she deserves to be worshipped, she's so much better than a weak human~'{/i}",
            "Screaming in pleasure, Schera hilts her cock inside of [ThePlayerName], grinding her hips down into your reddened ass.",
            "Clawing at the ground with a moaned gasp, you feel her cock thicken against your already battered prostate forcing you to spurt pitifully once again.",
            "PlayVisualEffect2", "BlindingFlash", "pink.png",
            "StopSoundEffectLoop",
            "PlayLoopingSoundEffect", "EjaculationLong",
            "Feeling the scalding warmth of her cum filling your rectum, you shudder in pure submission that comes with being bred. |n|You can't help but think you were born to take this magnificent cock.",
            "Her orgasm is massive, and is far larger then any humans. |n|It proves to you yet another reason that you're inferior to her as cum begins to overflow from your stretched ass",
            "PlayLoopingSoundEffect2", "sfx/Erotic/Sex/Piston gutu overtones (high speed) 20 times.wav",
            "Schera slaps your ass with a loud crack and begins to pound you once again hardly taking any time to rest, aided by the lubrication of her cum her pounding is far faster then before.",
            "PlayVisualEffect", "ScreenPulse", "pink.png",
            "PlayVisualEffect2", "SuddenHaze", "Void.png",
            "You don't know how long you were down there with your ass in the air, she didn't stop after one or two times as time seemed to lose meaning to you under her chiseled body,",
            "PlayVisualEffect2", "BlackOut", "Void.png",
            "She kept fucking your ass well past you passing out, the only thoughts on your mind being how amazing she is until darkness claimed you.",
            "StopSoundEffectLoop",
            "StopSoundEffectLoop2",
            "PlayVisualEffect", "ScreenPulse", "white.png",
            "PlayVisualEffect2", "FadingHaze", "Void.png",
            "...",
            "DisplayCharacters",
            "EndLoop",
            "ChangeBG", "Church.png",
            "Finally waking up, you quickly realize you can't even walk without a noticable limp, although you quickly found yourself with trying to avoid telling Lillian what happened to you anyway.",
            "PlayVisualEffect2", "ScreenPulse", "pink.png",
            "Even as you did though, your mind couldn't help but think about Schera's thick cock, and how good it felt for her to dominate you.",
            "ChangeFetish", "Futanari", "25",
            "ChangeFetish", "Black Cock", "25",
            "ChangeSensitivity", "Ass", "10",
            "GameOver"
           ]
        }

    ]
}