{
    "name": "ElvenDomination",
    "CardType": "",
    "CardLimit": "0",
    "Description": "",
    "requires": [""],
    "Speakers": [
        {
            "name": "Schera",
            "postName": "",
            "SpeakerType": ""
        }
    ],
    "EventText": [
        {
            "NameOfScene": "EventStart",
            "theScene": [
                "PlayMotionEffect", "CrashSmol",
                "Filled with exhaustion you finally collapse, unable to resist anymore.",
                "Speaks",
                "Hmpf, typical human, all talk, no way to actually back it up.",
                "You glare at her from your spot on the ground, but she just looks back amused; clearly, your attempts at intimidation aren't working.",
                "PlayVisualEffect", "StartHaze", "pinkHaze.png",
                "The Dark Elf slowly walks up to your shuddering form before stopping in front of you, her cock blocks your vision with its impressive length while her eyes roam across your exhausted body.",
                "You swallow nervously; now that the fighting is over, you're finally getting a good look at what she's packing, and it's... intimidating.",
                "Well, you honestly find everything about her intimidating, from her height to how strong she is.",
                "Arching down slightly from its own heavy weight, your eyes trail over every throbbing vein of her member before moving downwards, her balls are both the size of your fist and you can smell their virile payload from your spot on the ground.",
                "A strange mix of horror and arousal fills you as you realize that's probably going in you soon.",
                "Swallowing in what you keep telling yourself is fear {i}not arousal{/i}; you can swear you saw them visibly contract.",
                "Her large member suddenly twitches from the motion, causing the veins on it to flex as a drop of pre comes down landing on your face.",
                "Cocking her head to the side so she can see your shocked face, Schera gives you a smug grin, and you realize she probably knows exactly what she was doing with that little display.",
                "Speaks",
                "It's always hilarious to me you know? |n|The exact moment when they realize they'll become my bitch, whether they want to or not.",
                "She says it without a single shred of doubt, as if it were a foregone conclusion, as if it were just a natural part of the world like sun being bright, or that the oceans are salty.",
                "People just submit to her as a natural consequence of her cock being an absolute monster.",
                "PlayVisualEffect", "GrowingHaze", "pinkHaze.png",
                "While it was bad during the fight, the pheromones coming off of her now are far worse than before.",
                "The sweat dripping down her glistening abs, and rock hard cock is just making her natural scent far more dangerous than it already was.",
                "PlayMotionEffect", "CrashSmol",
                "Trying to ignore your mounting arousal, you grit your teeth and start sitting up to get away, only for her to drop a foot on your chest pinning you back down.",
                "PlayVisualEffect2", "ScreenPulse", "pink.png",
                "Looking at her strong legs you feel your hard cock twitching, shamefully you look to the side with a blush.",
                 "Speaks",
                "Oh~, Is something wrong? You're breathing heavily. |n|You were so boastful during the battle; surely you can say something?",
                "PlayVisualEffect", "IncreasingHaze", "pinkHaze.png",
                "PlayVisualEffect2", "ScreenPulse", "pink.png",
                "Speaking in a candid tone she reaches down stroking her dark throbbing shaft, the foot on your chest trails up at the same time stopping near your face.",
                "PlayMotionEffect", "CrashSmol",
                "PlayVisualEffect2", "ScreenPulse", "pink.png",
                "Stepping on your face the smell of her sweaty foot makes pre-cum spurt from the tip of your hard member.",
                "Not wanting to admit to yourself that you're getting off to this, you close your eyes and look to the side from the sheer humiliation.",
                "PlayMotionEffect", "CrashSmol",
                "Still stroking herself she grinds her foot down into your mouth keeping your head in place.",
                "The clear power dynamics between you both turning her on even more while more pre-cum drips down onto your face.",
                "PlayVisualEffect2", "OrgasmPulse", "pink.png",
                "PlaySoundEffect", "Ejaculation",
                "Shuddering in submissive pleasure you gasp and cum under her, your semen spurting high in the air covering her other leg.",
                "Speaks",
                "Hmpf, forget sex. |n|My foot is more then enough for a degenerate like you.",
                "Muffling out curses at her, she grinds her dark muscled leg down into your face while watching you with her eyes glittering in amusement.",
                "While you glare at her from between the toes on your face, she pulls her foot back before switching to the one covered in your cum.",
                "Barely giving you any time to react, she shoves her toes into your mouth forcing you to clean them.",
                "With a smug laugh she enjoys the sight of you cleaning her feet while stroking her cock, each drop of pre-cum dripping down and making your face more slick.",
                "PlayMotionEffect", "CrashSmol",
                "PlayVisualEffect2", "ScreenPulse", "pinkHaze.png",
                "Pulling her feet away from your face she steps back before dropping her foot back down onto your painfully hard cock.",
                "PlayVisualEffect2", "DoublePulse", "pinkHaze.png",
                "The pressure makes your hips buck in pleasure, with a gasp you find yourself grinding up into her bare foot.",
                "Speaks",
                    "Yeah, cock is definitely too good for someone like you, you'll just have to do with this much.",
                "She says with a wry smirk, while stroking herself over you.", 
                "You quickly realize what she's planning as she aims her throbbing member down at you, while skillfully grinding her heel into your throbbing shaft with her foot.",
                "PlayVisualEffect2", "OrgasmPulse", "pink.png",
                "PlaySoundEffect", "Ejaculation",
                "PlayMotionEffect", "Crash",
                "Your hips jerk up against her feet as you cum again, your aching penis going limp under her drenched foot this time.",
                "Speaks",
                    "Mmmmh, you're so pathetic~♥ take this!",
                "PlayLoopingSoundEffect", "EjaculationLong",
                "PlayVisualEffect", "BlindingFlash", "pink.png",
                "Looking up in confusion you barely have time to realize what's happening as she cums covering your face with thick ropes of semen.",
                "Feebly you try looking away but it matters little as she slowly covers your features in her sticky white cum.",
                "StopSoundEffectLoop",
                "PlayVisualEffect", "SuddenHaze", "Void.png",
                "After about a minute she lets off your face with her foot with a smug laugh.",
                "Speaks",
                    "That's good enough for you, now leave me.",
                "PlayMotionEffect", "Crash",
                "While you lay there feeling used, she picks you up by the nape of your shirt she throws you out of the room slamming the door.",
                "Despite her leaving you alone you're too tired to continue you're journey and close your eyes exhausted.",
                "ChangeFetish", "Futanari", "25",
                "ChangeFetish", "Black Cock", "25",
                "ChangeFetish", "Feet", "15",
                "ChangeSensitivity", "Pain", "15",
                "PlayVisualEffect", "BlackOut", "Void.png",
                "GameOver"

           ]
        }

    ]
}