{
    "name": "FutanariBlueImpAnalLoss",
    "CardType": "",
    "CardLimit": "0",
    "Description": "",
    "requires": [ ""],
    "Speakers": [
        {
            "name": "Futa Blue Imp",
            "postName": "",
            "SpeakerType": "Monster"
        }
    ],
    "EventText": [
        {
                                "NameOfScene": "EventStart",
                                "theScene": [
                                   "DisplayCharacters",
                                   "1",
                                   "EndLoop",
                                   "PlayLoopingSoundEffect", "sfx/Erotic/Sex/Piston slightly dry (low speed) 12 times.wav",
                                   "PlayMotionEffect", "CrashSmol",
                                   "PlayVisualEffect", "StartHaze", "pinkHaze.png",
                                   "[ThePlayerName] gasps, unable to move as she fucks him in the ass with powerful but steady impacts.",
                                   "Speaks",
                                    "You sure gave in nicely. Are you sure you didn't want me to just bend you over like a bitch? |n|You certaintly took to it well enough.",
                                   "With a wicked smile curling on her lips and a scornful glint in her eyes, the imp taunts you, relishing in your meek presence beneath her smaller body.",
                                   "PlayMotionEffect", "CrashSmol",
                                   "PlayVisualEffect", "GrowingHaze", "pinkHaze.png",
                                   "PlayVisualEffect2", "ScreenPulse", "pink.png",
                                   "You try to respond, but suddenly a whip of light swishes downwards onto your ass, sounding a loud crack in the forest and causing you to squeal like a girl.",
                                    "Speaks",
                                   "AHAHAHA, that was a nice sound you made; you really are a pathetic masochist pig. |n|Will you oink for me some more? Stupid little piggy~♥",
                                   "PlayVisualEffect2", "ScreenPulse", "pink.png",
                                   "PlayMotionEffect", "CrashSmol",
                                   "Another crack of the whip echos out, making you moan loudly while she pounds you harder, enjoying the way the sudden pain makes you tighten up around her.",
                                   "The loud clapping of your ass and stifled moans are the only sounds in the area, alongside the occasional cracking of her whip, the imp clearly is taking pleasure in making you squirm under her.",
                                   "PlayMotionEffect", "Crash",
                                   "Unable to take the heavy impacts anymore, your arms fall out from under you, causing your face to smash into the ground pathetically.",
                                    "Speaks",
                                    "What's wrong, piggy~♥ Need a lift?",
                                   "While mocking you, her other hand glows white before ethreal chains appear leading down towards your neck.", 
                                   "PlayVisualEffect", "IncreasingHaze", "pinkHaze.png",
                                   "PlayMotionEffect", "ScreenSway",
                                   "They lock in place around your throat with a strange warmth, and she yanks on your new leash pulling your upper body off the ground. ",
                                   "StopSoundEffectLoop",
                                   "PlayLoopingSoundEffect", "sfx/Erotic/Sex/Piston slightly dry (medium speed) 5 times",
                                   "PlayVisualEffect2", "OrgasmPulse", "pink.png",
                                   "PlaySoundEffect2", "Ejaculation",
                                   "PlayMotionEffect", "Crash",
                                   "You gasp and claw at the floor as the new angle hits your prostate, making your mind go blank as you orgasm all over the hardwood.",
                                     "Speaks",
                                   "Wow, you sure blew fast~♥.",
                                   "Speaks",
                                    "Not only are you a pathetic masochist, but you're also a quickshot~♥ Ahaha, how pathetic~♥",
                                    "StopSoundEffectLoop",
                                    "PlayLoopingSoundEffect", "sfx/Erotic/Sex/Piston slightly dry (low speed) 12 times.wav",
                                    "PlayMotionEffect", "CrashSmol",
                                    "PlayVisualEffect2", "ScreenPulse", "pink.png",
                                   "Grinding down mercilessly into your prostate, your aching penis becomes hard again and your tip begins to leak on the floor.",
                                   "You can only helplessly gasp under the smaller girl and her vicious insults as she utterly dominates you.", 
                                   "Despite the harsh treatment, you shamefully realize that you've never been harder in your life.",
                                   "PlayMotionEffect", "ScreenSway",
                                   "With a mischievous grin, she uses her leash to yank your upper body around playfully while fucking your ass.",
                                   "PlaySoundEffect2", "Ejaculation",
                                   "PlayVisualEffect2", "OrgasmPulse", "pink.png",
                                   "The sudden change in angle makes your cock spurt shamelessly once again into the slowly growing puddle on the ground.",
                                    "Speaks",
                                   "By the time I'm done with you, you'll be dropping to your hands and knees at the mere sight of me pig!",
                                   "StopSoundEffectLoop",
                                   "PlayLoopingSoundEffect", "sfx/Erotic/Sex/Piston slightly dry (medium speed) 5 times.wav",
                                   "PlayVisualEffect2", "DoublePulse", "pink.png",
                                   "Picking up her pace, each heavy thrust rocks you forwards and smashes against your prostate with mechanical precision.",
                                   "StopSoundEffectLoop",
                                   "PlayLoopingSoundEffect", "EjaculationLong",
                                   "PlayVisualEffect2", "OrgasmPulse", "pink.png",
                                   "Grunting in exhaustion, You feel her larger balls pulsing against yours as your insides are filled with her scalding hot cum",
                                   "The puddle of semen between your legs is far larger now, with a mix of both of your semen her orgasm easily outdoing multiple of yours.",
                                   "PlaySoundEffect2", "../Mods/FutaDOM/Audio/Effects/slap-hit-104981.mp3",
                                   "PlayVisualEffect2", "ScreenPulse", "pink.png",
                                   "PlayMotionEffect", "Crash",
                                   "Hearing her sigh in satisfaction, you think she's about to pull out; however, you're shocked when she hilts her cock in you once again, making your spine lock up in shock.",
                                   "StopSoundEffectLoop",
                                   "PlayLoopingSoundEffect", "sfx/Erotic/Sex/Piston slightly dry (high speed) 18 times.wav",
                                   "She laughs arrogantly knowing what you were thinking and goes back to jackhammering against your red ass.",
                                    "Speaks",
                                   "I hope you don't think I'm done, I can do this for hours~♥",
                                   "Her hips clap against yours mercilessly, and your fingers claw pitifully at the cum covered floor, and in your heart you truly begin to submit to her.",
                                   "PlayVisualEffect", "DecreasingHaze", "pinkHaze.png",
                                   "PlayVisualEffect2", "ScreenPulse", "pink.png",
                                   "...",
                                   "You've no idea how long her merciless rape lasts, your voice long goes quiet until you're left softly moaning with a broken gaze looking into nothing.",
                                   "Hours pass and under you is a large puddle of dried and fresh cum.",
                                   "StopSoundEffectLoop",
                                   "PlaySoundEffect", "EjaculationLong",
                                   "PlayVisualEffect", "BlindingFlash", "pink.png",
                                   "PlayMotionEffect", "Crash",
                                   "Finally, with one last small grunt, she bottoms you out for the final time with a load just as big as all of the others.",
                                   "what couldn't fit inside of you pours back out between the two of you, joining the puddle on the floor.",
                                   "Your arms gave out a while back, and your face is pressed into the puddle of cum under the two of you by the Imp",
                                   "Tongue lolling out of your mouth in a fucked silly expression, the Imp cackles at how ridiculous you look.",
                                    "Speaks",
                                   "Ahh~♥ Mindbreak really is a gift from the goddess~♥ |n|Really, idiot adventurers like you should just learn to serve futa cock on sight. |n|It's all you're actually good at anyway.",
                                   "PlayMotionEffect", "CrashSmol",
                                   "PlayVisualEffect", "ScreenPulse", "pink.png",
                                   "Slapping your cum-covered ass with her hand, she lets out a soft moan as it tightens again around her cock milking it some more.",
                                   "Unable to respond, the only thing filling your head now is how good it felt to get railed by this girl.", 
                                   "Her idea of just dropping to your knees in submission on your next encounter causes your untouched penis to twitch.",
                                   "StopSoundEffectLoop",
                                    "Speaks",
                                    "Whew, that was nice. If you ever want me to make you my bitch again, just come back, kay~♥?",
                                   "Seeing you off with a smug tone she slaps your ass one last time before you disappear.",
									"ChangeSensitivity", "Ass", "15",
									"ChangeFetish", "Futanari", "25",
									"GameOver"
            ]
        }

    ]
}