{
    "name": "FutaMikaLoss1",
    "CardType": "",
    "CardLimit": "0",
    "Description": "",
    "requires": [ ""],
    "Speakers": [
        {
            "name": "FutaMika",
            "postName": "",
            "SpeakerType": "Monster"
        }
    ],
    "EventText": [
        {
                                "NameOfScene": "EventStart",
                                "theScene": [
                                   "ClearPlayerStatusEffects",
                                   "Shuddering as you cum all over the floor, you're unable to escape Mika anymore.",
                                   "ApplyStatusEffect", "Pillory Binding",
                                   "As you finally regain enough strength to move, you realize you've been locked into the Pillory at the center of the room.",
                                   "Swallowing nervously, you look around the best you can; however, you can't see Mika.",
                                   "ChangeImageLayer", "Expression", "Cocky",
                                   "Speaks",
                                    "Mmmm, part of me always wanted to be on this side of things.",
                                    "You stiffen, feeling her heavy cock drop between your cheeks as she lightly hotdogs herself against them.",
                                    "Speaks",
                                        "The irony here is palpable, though. Any last words before I make you my bitch?",
                                    "She says in a smug tone, like a cat that caught the canary. You can just imagine the annoying expression on her face.",
                                    "PlayerSpeaks",
                                        "Look, Mika, I'm sure we can talk this thr-aaaaAAAH",
                                    "ChangeImageLayer", "Expression", "NyaSmug",
                                    "The air is pushed from your lungs as she mercilessly drives her hips forward, forcing each inch of her dark cock into your tight ass",
                                    "Speaks",
                                        "MMMH, you're practically crushing my dick~ That's it, take it all [ThePlayerName]~.",
                                    "She mocks you while slapping your ass, making a loud cracking echo in the room, grinding her hips against yours, and you cum all over the floor at the thick rod pressing on your prostate.",
                                    "Putting both hands on your reddening ass, she drives her hips forward at a mind-breaking pace, making the Pillory rock forward with every thrust!",
                                    "PlayerSpeaks",
                                        "M-Mika, st-ahhn, please!",
                                    "Speaks",
                                        "Nyaaahaha, I don't understand you; you'll have to be clearer if you want something~",
                                        "ChangeImageLayer", "Expression",  "Lewd",
                                    "She says so that, despite her claims, it's obvious she won't let you gather yourself as she speeds up even more, making your eyes roll back from her battering your prostate with a beastial pace.",
                                    "Loud claps echo in the stone room with each of Mika's ass-breaking thrusts. You're both covered in sweat as the smell of brutal mating fills the air.",
                                    "Mika paws at your ass while she fucks you, grabbing at each cheek and pushing and pulling on them as if fascinated by them.",
                                    "Speaks",
                                        "Haah, asses really are the best, don't you think?",
                                    "You can't even respond anymore; your tongue is lolling out and your eyes are rolling back into a spectacular ahegao that'd make even the most seasoned prostitute blush.",
                                    "With a lewd gasp, Mika hilts her cock fully into you and grinds herself against you again as she cums as deep as she can into your ass.",
                                    "Each jet of her thick semen is easily more than the normal ejection from an average man; you practically feel heavier with each virile load she fills you with.",
                                    "ChangeImageLayer", "Expression", "Lewded",
                                    "Mika moans out as she leans forward, fucking you with heavier full-length thrusts that make you see stars every time she bottoms your abused ass out; her breasts press against your back as her body weight presses down on you.",
                                    "Nuzzling against your neck, you hear her purring as she nibbles at the exposed skin, leaving hickys while mating your now-red ass; each thrust causes her large balls to smack against yours as if cementing her domination over you.",
                                    "You realize as she's mating your ass with a fanatical fervor that Mika probably isn't even aware of what she's doing anymore, too lost in her instincts to breed you full of her kids to hold anything back!",
                                    "Speaks",
                                        "Mmmmn, more just a bit more....",
                                    "A sense of defeat and despair fills you as you finally give into her. With a loud moan, you cum onto the floor, but she keeps fucking you past the now crushing force on her cock with little effort.",
                                    "The small part of your mind that's not turned to mush from her fucking your brains out worries that the pillory will break as it loudly creaks every time she churns your ass with her thick cock.",
                                    "You've no idea how much time passes, but after her third time filling your guts with her cum, your eyes begin to go dark...",
                                    "...",
                                    "ChangeImageLayer", "Expression", "NyaNya",
                                    "Speaks",
                                        "Annnh, [ThePlayerName], d-don't worry I'll let you go after I cum again...",
                                        "....",
                                        "......",
                                    "You finally pass out from overstimulation while cumming all over the floor once again, adding to the sizable puddle between your legs.",
                                    "ChangeFetish", "Futanari", "25",
                                    "ChangeFetish", "Black Cock", "25",
                                    "ChangeSensitivity", "Ass", "10",
									"GameOver"
            ]
        }

    ]
}
