{
    "name": "FutaMikaLoss2",
    "CardType": "",
    "CardLimit": "0",
    "Description": "",
    "requires": [ ""],
    "Speakers": [
        {
            "name": "FutaMika",
            "postName": "",
            "SpeakerType": "Monster"
        }
    ],
    "EventText": [
        {
                                "NameOfScene": "EventStart",
                                "theScene": [
                                   "ClearPlayerStatusEffects",
                                   "Shuddering from your orgasm, you feel your mind go blank as you lose strength in your legs.",
                                   "Reaching out to catch yourself, you're halted by a hand grabbing your hair and forcing you to stand.",
                                   "With trembling forced steps, you're put into the Pillory before you even realize, only noticing once it's locked tight around your wrists and neck.",
                                   "Gathering what little energy you have left, you raise your head only to see Mika's fat brown cock right in front of your lips, dripping precum down its tip.",
                                   "ChangeImageLayer", "Expression", "NyaSmug",
                                   "With a smug chuckle, she thrusts her hips forward smearing your lips with her bitter pre, coating them in her slick excitement.",
                                   "Speaks",
                                    "[ThePlayerName], we can make this easy or hard...",
                                    "Stubbernly, you keep your mouth closed as she presses harder against your pursed lips.",
                                    "Rolling her eyes, Mika reaches down and pinches your nose with her fingers, and with wide eyes, you realize too late what she's doing to do anything.",
                                    "ChangeImageLayer", "Expression", "Lewd",
                                    "After holding your breath for over a minute, you gasp and breathe loudly, only to be halted by a loud 'Glurk' as she barrels forward, shoving her hips forward and burying her cock into your throat!",
                                    "Your eyes roll back from the sudden intrusion as you choke around her sheer girth and length your throat, bulging outward from its size and stretching you out without even a little mercy.",
                                    "She doesn't stop or even hesitate, and eventually her heavy cum-filled balls rest against your chin like a weight, and Mika lets out a purring sigh while stroking your head as if caring for a pet.",
                                    "Tears roll down your eyes from the choking sensation, and the musk fills your nose as your face is buried between her sweaty thick thighs, her heady bestial scent making you aroused despite your unwillingness.",
                                    "Mika grinds her hips forward, each slight movement making you swallow down her shaft, each time forcing a moan from her lips as your throat clamps down around her dark shaft while also making pleasure shoot through your head.",
                                    "Unknown to either of you, the fluids filling your mouth are coating your throat in a powerful aphrodisiac, making your mouth turn into one large erogeneous zone, causing each movement to make you feel pleasure.",
                                    "ChangeImageLayer", "Expression", "Lewded",
                                    "Speaks",
                                        "Mmmnnn, soooo tight~",
                                    "Reaching down to hold onto the pilloary, Mika starts slowly pulling her hips back while you numbly look at each inch of her brown cock, leaving your mouth with a feeling of disbelief",
                                    "Watching each inch of her dark cock causes you to shudder in submissive pleasure; your rock-hard penis twitches despite nobody touching it until suddenly, with a shudder, you cum on the floor shamefully.",
                                    "Leaving just the tip of her drooling penis in your mouth, she mercilessly shoves it back in, causing a loud choking to fill the empty room with the slapping of balls hitting someone's chin.",
                                    "Speaks",
                                        "S-sorry, I was going to go slow, but your mouth is soooo good nyaaaa~",
                                        "ChangeImageLayer", "Expression", "Lewd",
                                    "Still in a state of pure pleasure and shock, your cock easily rehardens from the submissive pleasure of being used as a mere sexual outlit and the blinding ecstasy of your hypersensitive throat getting filled to the brim with futa cock.",
                                    "Pulling back faster this time, Mika starts a steady pace in and out of your throat, forcing mind-numbing pleasure onto you without any care for your wellbeing.",
                                    "Each mind-breaking thrust causes your mouth and nose to be undulated with her taste and bestial scent as she ruts your mouth, forcing frothing saliva out from the seam of your mouth as it drips down into the growing puddle of your cum on the floor.",
                                    "Without any words of warning, she cums down your throat while continuing to shake her hips like a beast with a jerking motion; at the same time, you cum all over the floor once again, unable to take anymore.",
                                    "ChangeImageLayer", "Expression", "Lewded",
                                    "Speaks",
                                        "Mmmn, cum cum cum, need to cum....",
                                    "Your eyes roll back as a feeling of submission is rooted deep within your heart, and you obediently swallow every thick drop of her bitter semen, her heavy cum filled testicles pulsing with each heavy shot of thick cum filling your stomach.",
                                    "Despite her orgasm, Mika's pace doesn't slow at all as she ruthlessly mates with your mouth with an animalistic fervor, her eyes unfocused as she follows her instincts to mate with anything she can at this point.",
                                    "Speaks",
                                        "Mating.... nyaaaa~",
                                    "Fortunately or unfortunately depending on who you'd ask, the closest thing is your mouth at this point, as she drools and pants lost in the pleasure of plundering your throat and making it bulge each time she bottoms you out while creating lewd wet slapping and choking noises.",
                                    "Each heavy thrust makes the pillory you're stuck in creak and groan, and she bends over.",
                                    "Hunching over your head and making small, shaky thrusts, her heavy balls full as ever bump and rub against your slick chin, and you unconsciously start sucking on her without thinking while your eyes begin to unfocus..",
                                    "Slowly, your eyes roll back, and you cum at the same time as her, swallowing each drop of her chunky cum as you paint the floor white once again as a mix of shame and pure lust floods you while you obediently swallow down every bit of her semen.",
                                   "However, she doesn't slow her pace, and your eyes begin to darken from the lack of air while she starts fucking your face once again!",
                                   "ChangeImageLayer", "Expression", "Lewd",
                                    "Speaks",
                                    "J-just a little more.... [ThePlayerName] I'll let you... breathe soon. Just let me....",
                                    "Unable to take anymore, you finally pass out to the sloppy sounds of a brutal facefucking.",
                                    "...",
                                    ".....",
                                    "ChangeFetish", "Futanari", "25",
                                    "ChangeFetish", "Black Cock", "25",
                                     "ChangeSensitivity", "Mouth", "10",
									"GameOver"
            ]
        }

    ]
}
