{
    "name": "An Enthusiastic Walk",
    "CardType": "Quest",
    "CardLimit": "0",
    "Description": "You felt like going on an Enthusiastic walk through the woods today, you have a premonition this will change things if you go at night.",
    "requires": [ ""],
    "requiresEvent": [
        {
            "NameOfEvent": "",
            "Progress": "99",
            "ChoiceNumber": "-1",
            "Choice": ""
        }
    ],
    "Speakers": [
        {
            "name": "",
            "postName": "",
            "SpeakerType": ""
        }
    ],
    "EventText": [
        {
            "NameOfScene": "AnAbandonedTempleCheck",
            "theScene": [
                "Walking with a pep in your step, you realize you really needed something like this today!",
                "IfTimeIs", "Day", "NothingThere",
                "IfTimeIs", "Dusk", "NothingThere",
                "IfTimeIs", "Evening", "AnAbandonedTemple",
                "IfTimeIs", "Night", "AnAbandonedTemple"
            ]
        },
        {
            "NameOfScene": "AnAbandonedTemple",
            "theScene": [
        
                "However you might've gotten a bit into your walk, as you realize the sun has set, swallowing nervously, you're not looking forwards to treking back through the woods in the dark.",
                "Deciding that it's time to go back, you begin Heading back to town.",
                "ChangeBGM", "music/Caverns/New-Paradise.mp3",
                "The dark woods weigh on you as scenary doesn't change much, just more and more woods, just as you begin to be worried.",
                "You find yourself in a place you've never been before; you notice a near-nonexistent path that has buried cobbles in it.", 
                "Surprised but also curious, you follow what you assumed was a broken paved road. |n|The path is winding and narrow until it leads into the brush.",
                "ChangeBG", "../Mods/FutaDOM/Images/Backgrounds/Ominous_Temple.png",
                "Pushing through the thick bushes, you find yourself at an abandoned temple.", 
                "It's massive; you're surprised nobody else has noticed it.", 
                "It reminds you of the kind of place some ancient tribe would offer sacrifices from, just being in the area makes you feel uneasy.", 
                "Taking in the intricate carvings on its surface, it looks as though it was grown out of the ground.",
                "You approach the entrance, and where there used to be doors, there's only crumbled and cracked stone left in places, leaving it open towards anyone who wants inside.", 
                "The darkness of the entrance is almost pitch, and you can barely make out a set of stairs heading down.", 
                "Looking around cautiously, you can see chunks of the stone door around your feet as if something knocked down what you assume is the door from the inside.",
                "The uneasy feeling from before returns as you look inside the darkness, and you swear you heard whispering in your ear, you decide to...",
            "Menu",
                "Go Inside",
                "Nah dawg, shits spooky",
            "EndLoop"
            ]
        },
        {
            "NameOfScene": "Go Inside",
            "theScene": ["You decide to go in, stuff like this is an adventurer staple!", 
            "You're actually kind of excited, you've read about places like this back at the academy, but diving into your first ruins leaves you feeling giddy as you dig in your bag for a torch.",
            "ChangeBG", "images/dungeon.png",
            "ChangeBGM", "music/Caverns/Stalwick_-_Rough_Travels_original.mp3",
            "Walking inside the dark interior, your enthusiasm only lasts about two minutes of turning corners and going down stairs.", 
            "In the crushing silence pitch black silence, you start wondering if this was a bad move",
            "PlayerSpeaks",
            "This place is far bigger on the inside; how the hell does that even work?",
            "You raise your torch near the walls, and you can see some strange language etched into the walls over and over, looking down. You also see it on the ceiling and floor.", 
            "It's incredibly dense, and looking at it makes your head hurt for some reason.",
            "Looking away from the etched words, you keep making your way through the seemingly endless corridors and staircases.", 
            "Some lead up, others go down, and you can swear you've gone down the same hallway three times now considering how the turns are going.",
            "Shivering occasionally, you feel as though someone has been watching you ever since you entered this place.", 
            "'I feel like this might be a trap'.",
            "The thought flits through your mind, but just as you consider turning back, you come across a large open circular room.",
            "ChangeBG", "../Mods/FutaDOM/Images/Backgrounds/DarkerHaze.png",
            "You can't even see the other side or the ceiling, although with how dark it is, you suppose that doesn't count for much.",
            "The walls have those same dense markings written over and over again, and you assume they somehow go all the way to the ceiling.", 
            "From what you can see through the inky darkness, looking forward, there are circular stairs ringing the entire middle of the room.", 
            "They lead up to what you can only estimate is a few stories height-wise, however at the top you think you can see some sort of glowing light.",
            "With the feeling of something beckoning you, you slowly start to stumble up the long stairs the feeling of being watched growing stronger with each step.",
            "PlayerSpeaks",
            "Might as well go all the way, I guess...",
            "ChangeBG", "../Mods/FutaDOM/Images/Backgrounds/Ominous Statue covered1.png",
            "When you eventually reach the top, you find what looks to be a statue of a woman.", 
            "There is no glow up here either; in fact, it's as dark as everywhere else in this place; somehow this fact manages to unsettle you more than anything so far.",
            "The statue of the woman, you realize, is so tall that you barely reach its waist.",
            "Studying it, your eyes roam over the large breasts on her chest, then her closed eyes, and then her serene smile as if giving a sermon.", 
            "ChangeBG", "../Mods/FutaDOM/Images/Backgrounds/Ominous Statue covered.png",
            "Getting closer the lighting from your torch gives it a decidedly more sinister edge, elongating the shadows it gives off.",
            "You also notice the other detail you tried to look away from at first: she has a rather impressive member between her legs.", 
            "It droops down to her knees, the statue reminds you of some twisted goddess of fertility.",
            "PlayerSpeaks",
            "Maybe an old cult used to reside in this place?",
            "You walk closer to the statue and stop right in front of it; looking at the statue makes you feel...",
                        "Menu",
                        "That's kind of hot actually.",
                        "That's kinda creepy.",
                        "EndLoop"
                    ]

        },
        {
        "NameOfScene": "That's kind of hot actually.",
        "theScene": [
                     "SetChoice", "69", "TempleShaking", "",
                     "You go to inspect the statue out of curiosity; you assume, with how the room layout works, that you wouldn't find anything other than the statue itself anyway.", 
                     "Blinking hazily your eyes can't help but look at the cock that's pretty much head height with an impressed whistle, not realizing that it wasn't erect before.",
                     "As you blink, you feel your head go blank and your hand reach out to touch the suddenly hard member of the statue.",
                     "Passing through your hazy thoughts is a 'When did that happen' as you grasp it.", 
                     "Her cock feels warm, a twisted imitation of flesh and stone. As you carefully stroke it, it even jumps in your hand a little.",
                     "ChangeBGM", "music/Battle/Purple_Planet_Music_-_Imminent_Danger.mp3",
                     "PlaySoundEffect", "../Mods/FutaDOM/Audio/Effects/stone-push.mp3",
                     "A grinding sound echos throughout the expansive dark room, and you look up to see the statue hunching slightly.", 
                     "She's looking down at you, her still smiling face taking on a much more sinister edge to it, she almost looks victorious.",
                     "The shock suddenly snaps you out of your daze, stepping back in alarm, an eldritch terror begins to fill you with an absolute dread.",
                     "PlayLoopingSoundEffect", "sfx/rumbling_of_the_earth.mp3",
                     "PlayMotionEffect", "Crash",
                     "Her eyes open with a bright blue glow, as if they were made of pure energy, causing you to prepare for combat.", 
                     "However, suddenly the temple begins shaking as if it were falling apart!",
                     "PlayMotionEffect", "CrashSmol",
                     "You look behind you and see a large stone fall from the ceiling, smashing into some of the stairs hard enough to make you stumble.", 
                     "You need to run!",
                     "PlayVisualEffect3", "BlindingFlash", "blue.png",
                     "ChangeBG", "../Mods/FutaDOM/Images/Backgrounds/DarkerHaze.png",
                     "The sudden light makes you turn back to the statue, only you see it suddenly missing from its spot! |n|With fear in your heart, you make your way back down the long stairs.", 
                     "The feeling of being watched from before is far more intense than before, no it's replaced by the dread of being hunted.",
                     "Chills run up your spine while you break out in a cold sweat. Your honed instincts warn you of danger",
                     "PlayMotionEffect", "Crash",
                     "PlaySoundEffect", "../Mods/FutaDOM/Audio/Effects/rock-cinematic.mp3",
                     "forcing your body to the side You dive onto your side and roll, avoiding getting crushed by more falling rocks.",
                     "Getting up with gritted teeth, you look back up, and you can tell the stairs have grown.", 
                     "They're somehow longer than they were when you went up them, holding your bruised ribs you start running again.",
                     "ChangeBG", "images/dungeon.png",
                     "Finally, you make it to the bottom and quickly start heading back through the long, winding hallways, occasionally catching the wall to steady yourself.",
                     "ChangeBG", "../Mods/FutaDOM/Images/Backgrounds/templeBlue.png",
                     "The hallways begin to gain a blue glow, starting from behind you.", 
                     "Suddenly, the etching in the walls, floor, and ceiling lights up under you and then in front of you with a bright blue glow.", 
                     "Likely also happening throughout the entire structure, as the glow becomes almost blinding.",
                     "PlayVisualEffect3", "SuddenHaze", "blue.png",
                     "PlayMotionEffect", "ScreenSway",
                     "Seeing them go past you makes you stumble again in shock from the sudden brightness.",
                     "Turning around just in time, you see a blue wave of some sort of energy fill the hallways right before it slams into your body.", 
                     "The impact jars you, knocking you around as if hit by a wave of water making you stumble into the bright wall!",
                     "StopBGM",
                     "PlayVisualEffect3", "BlindingFlash", "blue.png",
                     "PlayMotionEffect", "LongExplosion",
                     "You close your eyes as you're knocked around, and you swear you see the statue before watching you from the end of the hallway before passing out.",
                     "PlayVisualEffect3", "SuddenHaze", "Void.png",
                     "Unknown to you, massive shaking is felt throughout the entire continent as a sudden blue ring shoots outward, and passes through everyone living on it in a seemingly harmless manner.",
                     "PlayVisualEffect3", "MajorHazeToBlackOut", "Void.png",
                     "...",
                     "EndAllVisualEffects",
                     "SetProgress", "2",
                     "ChangeBG", "images/forestNight.png",
                     "ChangeBGM", "music/Forest Dungeon/night road.mp3",
                     "You wake up hours later outside of the temple with a headache.", 
                     "You'd wonder if you dreamed the entire thing if it wasn't for feeling like a big bruise.",
                     "The large clearing is empty now, as if a giant just picked the building up and went off somewhere.",
                     "Not seeing a point to sticking around, you slowly stumble back home.",
                     "QuestComplete",
                     "TimeBecomesNight",
                     "GoToTown"
    ]
        },
        {
            "NameOfScene": "Nah dawg, shits spooky",
            "theScene": [
                "You've read too many horror novels to fall for this bullshit and raise your middle finger at the structure.",
                "PlayerSpeaks",
                "Nah, fuck that I'm out. |n|Nice try, spooky boys, but I'm onto you! |n|I won't be joining the skeleton war today, no sir!",
                "You wave to the temple and turn around back to town.",
                "GoToTown"
                ]
        },
        {
            "NameOfScene": "That's kinda creepy.",
            "theScene": ["You give the statue a weirded-out look, thinking the people here must've been into some crazy stuff before turning back around and heading back down the ominous stairs.",
            "A few hours pass and nothing really comes of it; sure, the place is grand, but there's literally nothing here but that statue.", 
            "Feeling disgruntled for wasting your time, you leave cursing under your breath.",
            "PlayerSpeaks",
            "They never mentioned the glorified museum pieces these types of places apparently are. |n|I want treasure, exploration, and waifus! |n|Fucking lame...",
            "Just as you exited the structure, you swore you felt someone cop a feel of your ass and yelp in a totally manly way.", 
            "Looking behind you, you see nothing and hurry on your way back home, thoroughly spooked.",
                         "GoToTown"
        ]
       },
       {
        "NameOfScene": "NothingThere",
        "theScene": ["You have a relatively enjoyable walk and head back to town.",
        "For some odd reason, you get the feeling that something would've happened if you came at night instead.",
        "GoToTown"
    ]
       }
        
    ]   
}