{
    "name": "Otherworldly Imp",
    "CardType": "Quest",
    "CardLimit": "0",
    "Description": "Look around the forest for any anomolies.",
    "requires": [ "Dimensional Locator"],
    "requiresEvent": [
        {
            "NameOfEvent": "",
            "Progress": "99",
            "ChoiceNumber": "-1",
            "Choice": ""
        }
    ],
    "Speakers": [
        {
            "name": "Futa Blue Imp",
            "postName": "",
            "SpeakerType": "Monster"
        }
    ],
    "EventText": [
        {
            "NameOfScene": "FutaBlueImpB",
            "theScene": [
            "You almost stumble over a root when the locator in your pack gives a loud chirping noise, taking it out you realize it's feeling warm.",
            "Looking around nervously you hide in the brush and start moving forwards a lot more carefully, eventually you come across a house in the middle of the woods.",
            "ChangeBG", "../Mods/FutaDOM/Images/ImpShack.jpg",
            "Its location is strange to you, it's like someone just plopped it down with no care of anything in the area, there's even a tree cleanly cut in half right up against the house itself.",
            "PlayerSpeaks",
                "This... likely came from another world then, now was anyone home?",
            "Swallowing nervously you approach the structure, seeing no lights on you knock on the door.",
            "PlayerSpeaks",
                "Hello, anyone home?",
            "Your knocks make the door creak open, apparently it was already opened a little. Steeling yourself you walk into the house, it's pretty normal as far as cabins go.",
            "You see an open area with a rug and fireplace, a table on the rug with two chairs. |n|You barely have time to register the swishing noise before a club phases through your head.",
            "DisplayCharacters",
                "1",
            "EndLoop",
            "Stepping back in fear you turn around and see what looks like a blue demon, looking at her horns and diminuative size you think she's an imp, although you've never seen one with such skin.",
            "Or one that's two sexes, you swallow nervously looking at her erect cock. |n|It's easily larger then yours you step back as she looks annoyed at her weapon.",
            "Speaks",
            "I guess that crazy lady wasn't kidding when she said you can't actually hurt people here.",
            "Cocking her hips she grins ferally at you while reaching down to stroke herself.",
            "Speaks",
                "Fine, when in Rome do as the Romans do.",
            "PlayerSpeaks",
                "No wait, I'm just here to ask you some questi-",
            "Speaks",
                "Who cares, I just want to get off. |n|Maybe I'll answer your questions if you can beat me stupid human~",
            "PlayerSpeaks",
                "Fine, lets go!",
                "JumpToScene", "BlueImpFight1"

            ]
        },
        {
            "NameOfScene": "BlueImpFight1",
            "theScene": ["ChangeBGM-OverrideCombatMusic", "music/Battle/Goodbye.mp3",
                        "CombatEncounter",
                            "Futa Blue Imp",
                        "StartCombat",
                        "JumpToScene", "BlueImpLoses1"
                    ]
        },
        {
            "NameOfScene": "BlueImpLoses1",
            "theScene": [
                "SetChoice", "1", "BlueFutaImpLoss1",
                "You and the Imp both break apart from one another breathing heavily.",
            "PlayerSpeaks",
                "You clearly won't win this, just answer my questions!",
            "Speaks",
                "Fuck you!",
            "{i}'How eloquent,'{/i} you dryly think trying to figure out how you're going to catch her.",
            "Before you can think of a good plan however, she grins and says in a haughty tone.",
            "Speaks",
                "Just you wait, I'll bring my sister and we'll make you pay for this!",
            "Realizing she's trying to escape you rush forwards but suddenly a blue flash makes you close your eyes, when you open them again all that's there is a burn mark on the floor.",
            "PlayerSpeaks",
                "Shit now what... wait.",
            "You stand around and consider actually waiting to see if she comes back with aformentioned sister, but you've a feeling that you'd lose that one.",
            "Right before you leave however you find a note that was dropped when you and the Blue Imp were fighting, walking over it you try to skim over it but quickly realize you don't actually understand that language.",
            "Speaks",
                "Well regardless I suppose I got a sample like Elly wanted.",
            "You mutter to yourself feeling uneasy in the empty house, looking around for a bit other then some comics, a few books in an odd language, and strange money you don't really find anything and decide to head back.",
            "{b}THE ITEM DOESN'T EXIST YET, REPLAY THE MOD ON UPDATE{/b}",
            "QuestComplete",
            "ChangeProgress", "2",
            "GoToTown"]
        }

    ]
}