{
    "name": "BlueImpFCombatEvents",
    "CardType": "",
    "CardLimit": "0",
    "Description": "",
    "requires": [ ""],
    "Speakers": [
                  {
                    "name": "Futa Blue Imp",
                    "postName": "",
                    "SpeakerType": "Monster"
                  }
                ],
	"EventText": [
	{
		"NameOfScene": "No Penetrate",
		"theScene": [                     
                                      "IfPlayerHasStance", "Any", "NoMove1",
                                      "IfMonsterHasStatusEffect", "Restrain", "No Penetrate Still",
                                      "IfMonsterHasStatusEffect", "Sleep", "No Penetrate Still",
                                      "IfMonsterHasStatusEffect", "Stun", "No Penetrate Still",
                                      "SkipPlayerAttack",
                                      "You try to penetrate the imps pussy, but with a smug expression a magic circle covers it, and you can't seem to break it!",
                                      "FocusedSpeaks",
                                      "'Sorry pet, but I'm the one doing the fucking here!'",
                                      "ClearStances",
									  "Suddenly a bright light comes from the circle and a wave of magic washes over you making you freeze.",
									  "ApplyStatusEffect", "Chains of Binding",
									  "ApplyStatusEffect", "Flash"
									  ]
	},
						{
                            "NameOfScene": "No Penetrate Still",
                            "theScene": [
                                          "SkipPlayerAttack",
                                          "Despite the imp's immobilization, you can't get your shaft into her pussy, a bright magic circle is blocking you."
                                      ]
                        },
						{
                        "NameOfScene": "No Dildo",
                        "theScene": [ 
                          "IfPlayerHasStance", "Any", "NoMove1",
                           "IfMonsterHasStatusEffect", "Restrain", "No Dildo Still",
                           "IfMonsterHasStatusEffect", "Sleep", "No Dildo Still",
                           "IfMonsterHasStatusEffect", "Stun", "No Dildo Still",
                           "SkipPlayerAttack",
                           "You try to push the dildo into the imp's pussy, but a bright magic circle covers it, and you can't seem to break it!",
                            "ClearStances",
									  "Suddenly the Magic Circle flares up and a bright flash of light blinds you making you fall backwards!",
									  "ApplyStatusEffect", "Flash",
                                      "FocusedSpeaks",
                    "'Keep trying that and I'll use mine on you!'"
                                  ]
                    },
                        {
                            "NameOfScene": "No Dildo Still",
                            "theScene": [
                                          "SkipPlayerAttack",
                                          "Despite the imps immobilization, you can't get the dildo into her pussy, as a magic circle is blocking access."
                                      ]
                        },					
					
					{
						"NameOfScene": "No Making Out",
						"theScene": [
              "IfPlayerHasStance", "Any", "NoMove1",
                  "IfMonsterHasStatusEffect", "Restrain", "No Making Out Still",
									 "IfMonsterHasStatusEffect", "Sleep", "No Making Out Still",
									 "IfMonsterHasStatusEffect", "Stun", "No Making Out Still",
									 "SkipPlayerAttack",
									 "You try to kiss the imp but she gives a smirk and suddenly you find yourself kissing a magic circle, you blink confused before it lights up and flashbangs out forcing you to your knees in pain.",
                                     "ClearStances",
									 "You suddenly feel two hands on your head.",
									 "FocusedSpeaks",
									 "'Well, if you're offering...' She says in a smug tone",
                   "PlaySoundEffect", "../Mods/FutaDOM/Audio/SFX/Gagging/sdt_gag13.wav",
									 "Suddenly you're tasting a near foot of salty cock as she shoves her dick in your mouth!",
									 "ApplyStance", "Irrumatio"
									 ]
					},
					{
						"NameOfScene": "No Making Out Still",
						"theScene": [
										"SkipPlayerAttack",
										"Despite being immobilized the Imps Magic Circle blocks her mouth!"
									]
					},
          {
            "NameOfScene": "No Bury",
            "theScene": [
                        "IfPlayerHasStance", "Any", "NoMove1",
                        "IfMonsterHasStatusEffect", "Restrain", "No Bury Still",
                         "IfMonsterHasStatusEffect", "Sleep", "No Bury Still",
                         "IfMonsterHasStatusEffect", "Stun", "No Bury Still",
                         "SkipPlayerAttack",
                         "You try shoving your face against the Imps soft ass.",
                         "However you suddenly find yourself getting dragged by your ankle, you notice too late that it's a glowing white chain that's slowly coiling around your leg!",
                         "FocusedSpeaks",
                         "If you want to pleasure me so bad then I have a few ideas of what to {b}really{/b} use that mouth of yours for",
                        "DamagePlayerFromMonster", "Chained Face Fuck", 
                        "PlaySoundEffect", "../Mods/FutaDOM/Audio/SFX/Gagging/sdt_gag13.wav",
                        "Before you can get up she sits on your face, you look up just in time for her to shove her cock down your throat making you gag from the sudden intrusion!",
                        "ApplyStance", "Irrumatio"
          
          ]
          },
          {
            "NameOfScene": "No Bury Still",
            "theScene": ["SkipPlayerAttack",
                         "Despite being unable to resist the Imp knocks you out with a wave of pure magical energy!"
          ]         
          },
                    {
                        "NameOfScene": "No Anal",
                        "theScene": [ 
                                      "IfPlayerHasStance", "Any", "NoMove1",
                                      "IfMonsterHasStatusEffect", "Restrain", "No Anal Still",
                                      "IfMonsterHasStatusEffect", "Sleep", "No Anal Still",
                                      "IfMonsterHasStatusEffect", "Stun", "No Anal Still",
                                      "SkipPlayerAttack",
                                      "You try to penetrate the Imp from behind but a magic circle blocks you.",
                                      "ClearStances",
                                      "Suddenly it glows brightly and explodes!",
									  "ApplyStatusEffect", "Chains of Binding",
                                      "FocusedSpeaks",
                                      "'Trying to take my ass? Well now, turn about is fair play is it not?'",
                    "The Blue Imp walks behind you as you're bound and you feel the tip of her thick cock against your ass.",
                    "PlaySoundEffect", "sfx/Erotic/Sex/Piston gutu overtones once.wav",
                    "ApplyStance", "Anal - Futa",
                    "You squirm in alarm but she easily keeps you in place before mercilessly shoving her entire length inside of you. [DamageToPlayer]"
                                  ]
                    },
                      {
                          "NameOfScene": "No Anal Still",
                          "theScene": [
                                        "SkipPlayerAttack",
                                        "Despite being immobilized the Imps magic circle holds strong!"
                                    ]
                      },
                      {
                        "NameOfScene": "NoMove1",
                        "theScene": ["You can't do that from your position!",
                      "SkipPlayerAttack"]
                      },
                      {
                        "NameOfScene": "Fingering",
                        "theScene": [ "SkipPlayerAttack",
                                      "HitMonsterWith", "Finger",
                                      "The Blue Imp gasps lightly as you run a hand up and down her cock while your other reaches behind her to grope her soft ass. [DamageToEnemy]",
                                      "Speaks",
                                        "MMmmh~ If you want to play with my cock that much I can show you a MUCH closer demonstration~",
                                        "DamagePlayerFromMonster", "Kiss", "With a lewd grin she steps closer and catches you in a deep kiss, a hand wraps around your head holding you still as her other goes around and she shoves a finger up your ass causing you to buck your hips forward.[DamageToPlayer]"]
                      },
                      {
                        "NameOfScene": "ChainedFaceFuck",
                        "theScene": ["The Blue Imp licks her lips at her bound target as her chains pull your arms behind your back. |n|A white collar forms around your neck with a chain connecting to her hand.",
                                    "Casually walking up to up to [ThePlayerName], she presses the tip of her vainy cock against their lips.",
                                    "PlayMotionEffect", "CrashSmol",
                                    "With a surprising amount of strength, she pries your lips open and bottoms out you throat with a smug grin.",
                                    "EndLoop"]
                      },
                      {
                        "NameOfScene": "CollaredFaceFucking",
                        "theScene": ["SwapLineIf", "Random",
                            "Using your collar to hold you in place, [AttackerName] forces [TargetName] to gag on her cock as her balls slap against his chin!",
                            "While yanking the shining chains around your neck, [AttackerName] smirks arrogantly at [TargetName]. Moaning loudly she keeps [TargetHimOrHer] stuck between her legs while fucking his face with rough and long steady strokes.",
                            "[AttackerName] laughs cruely as she makes you sputter and choke around her thick cock.",
                        "EndLoop"]
                      },
                      {
                        "NameOfScene": "DemonicTaste",
                        "theScene": ["SwapLineIf", "Random",
                          "The Blue Imp forces her cock down [TargetName]'s throat, smearing precum all over [TargetName]'s mouth. Without thinking, [TargetName] begins sucking to drink more of the salty liquid making her smirk.",
                          "Accidentally swallowing down the addictive fluids leaking out of [AttackerName]'s throbbing cock. [ThePlayerName] starts actively bobbing their head on [AttackerName]'s twitching cock to get more.",
                        "EndLoop"]
                      },
                      {
                        "NameOfScene": "FutanariFaceFucking",
                        "theScene": ["SwapLineIf", "Random",
                          "Grabbing ahold of [TargetName]'s head, she roughly thrusts deep into [TargetHisOrHer] wet mouth. |n|[TargetName] lets out muffled moans, as [AttackerHeOrShe] dominates [TargetHisOrHer] throat.",
                          "[AttackerName] holds [TargetName]'s head in place, and mercilessly thrusts deep into [TargetHisOrHer] hot mouth.|n|[TargetName] lets out muffled moans, as [AttackerHeOrShe] dominates [TargetHisOrHer] throat.",
                        "EndLoop"]
                      },
                      {
                        "NameOfScene": "FutanariReaming",
                        "theScene": ["SwapLineIf", "Random",
                            "|f|PlaySoundEffect|/|sfx/Erotic/Sex/Piston slightly dry (low speed) 5 times.wav|n|[AttackerName]'s chains choke you as [AttackerName]'s thick cock rails [TargetName]'s ass, churning up [TargetHimOrHer] insides as much as possible.",
                            "|f|PlaySoundEffect|/|sfx/Erotic/Sex/Piston slightly dry (low speed) 5 times.wav|n|[AttackerName]'s chains continue to strangle you as [AttackerName]'s long dick pounds [TargetName]'s ass, churning up [TargetHimOrHer] insides as much as possible.",
                            "|f|PlaySoundEffect|/|sfx/Erotic/Sex/Piston slightly dry (low speed) 5 times.wav|n|[AttackerName] yanks [TargetName] up by the chains around [TargetName]'s neck causing [AttackerName] robust cock to churn [TargetHimOrHer] insides as much as possible.",
                        "EndLoop"]
                      },
                      {
                        "NameOfScene": "DeepReaming",
                        "theScene": ["SwapLineIf", "Random",
                                     "|f|PlaySoundEffect|/|sfx/Erotic/Sex/Piston slightly dry (low speed) 12 times.wav|n|[AttackerName] powerfully slams her hips into [TargetName]'s rippling ass and [TargetName] struggles to stay coherent as they lock up from the sudden pleasure.",
                                     "|f|PlaySoundEffect|/|sfx/Erotic/Sex/Piston slightly dry (low speed) 12 times.wav|n|[AttackerName] grabs [TargetName]'s shoulder for leverage and yanks [TargetHimOrHer] up to pound [TargetName]'s slowly reddening ass, [TargetName] struggles to stay coherent as they writhe submissively under the [AttackerName]",
                                     "|f|PlaySoundEffect|/|sfx/Erotic/Sex/Piston slightly dry (low speed) 12 times.wav|n|[AttackerName] laughs sadistically as she slaps [TargetName]'s reddening ass over and over again while she pounds [TargetName], [TargetName] can barely think straight from the ruthless sex.",
                                    "EndLoop"
                                    ]
                      },
                      {
                        "NameOfScene": "FutanariPiston",
                        "theScene": ["SwapLineIf", "Random",
                            "|f|PlaySoundEffect|/|sfx/Erotic/Sex/Piston slightly dry (high speed) 18 times.wav|n|[AttackerName] deftly fucks [TargetName]'s ass at a rapid, intense tempo, each hilting strike working to flood them with pleasure.",
                            "|f|PlaySoundEffect|/|sfx/Erotic/Sex/Piston slightly dry (high speed) 18 times.wav|n|[AttackerName] rapes [TargetName] mercilessly from behind as she rocks [TargetHimOrHer] forwards with each strong thrust.",
                            "|f|PlaySoundEffect|/|sfx/Erotic/Sex/Piston slightly dry (high speed) 18 times.wav|n|A loud crack rings out as [AttackerName] swings her hand down onto [TargetName]'s reddening ass causing his back to arch lewdly!",
                        "EndLoop"]
                      },
                      {
                        "NameOfScene": "FutaCum1",
                        "theScene": ["As the Blue Imps cock continues to ravage your ass, she lets out a throaty moan into your back and starts fucking you harder until ropes of cum start filling your ass.",
                                     "You shudder underneath her small frame and feel your body heat up!",
                                     "ApplyStatusEffect", "Charm",
                                     "PlayVisualEffect", "SuddenHaze", "pinkHaze.png",
                                     "PlayLoopingSoundEffect", "EjaculationLong",
                                     "You groan as she fills your body with her cum and find yourself shuddering until suddenly you cum all over the forest floor",
                                     "PlayerOrgasm", "1",
                                     "PlayVisualEffect", "BlindingFlash", "Pink.png",
                                     "Your vision goes white from cumming so hard, and you feel ashamed. However before you can even dwell on it you grunt as she grinds into you some more pushing your face into the dirt.",
                                     "PlayVisualEffect", "SuddenHaze", "pinkHaze.png",
                                    "FocusedSpeaks",
                                    "That's it, take it all, you stupid slut~♥",
                                    "PlayVisualEffect", "RepeatingPulse", "Pink.png",
                                    "She mumbles into you as her heavy balls pulse against yours with every shot causing you to gasp and writhe submissively under her frame forcing a second orgasm out of you!",
                                    "PlayerOrgasm", "1",
                                    "PlayVisualEffect", "BlindingFlash", "Pink.png",
                                    "ApplyStatusEffect", "Aphrodisiac",
                                    "StopSoundEffectLoop",
                                    "You both shudder in pleasure, the Imp holds your waste tightly and breaths in your scent, you shiver in fear and arousal as you feel her harden inside of you again.",
                                    "After selfishly grinding against your ass for a few seconds she begins to fuck you again with the same steady rhythm as before!",
                                    "EndLoop"]
                      },
                      {
                        "NameOfScene": "FutaCum2",
                        "theScene": ["As the Blue Imp keeps fucking your face, she finally gives a loud moan and pulls your head down all the way.", 
                                       "PlayLoopingSoundEffect", "EjaculationLong",
                                       "PlayLoopingSoundEffect2", "sfx/Erotic/Sucking/gulp.mp3",
                                       "Her balls resting against your chin and pulse as she cums over and over into your stomach.",
                                    "FocusedSpeaks",
                                        "That's it you slut, drink every drop~♥",
                                        "You slap weakly against her pale thighs as your body heats up more with every thick rope of semen in your stomach",
                                        "ApplyStatusEffect", "Charm",
                                        "PlaySoundEffect2", "Ejaculation",
                                        "Your body suddenly shudders and you realize you came without touching yourself.",
                                        "PlayerOrgasm", "1",
                                        "Your eyes roll back from the sudden warmth and pleasure filling your body as she fills your mouth over and over again.",
                                        "ApplyStatusEffect", "Aphrodisiac",
                                        "Letting out a breathy moan she grinds against your face making you feel her balls pulse against your chin in a steady rhythm.",
                                        "StopSoundEffectLoop",
                                        "StopSoundEffectLoop2",
                                        "EndLoop"]
                      },
                      {
                        "NameOfScene": "FutaCum3",
                        "theScene": ["She mercilessly tugs on your head while pumping her hips at an ever increasing pace, lewd slapping from her balls on your chin ring out through the clearing.",
                                     "Your mouth is filled with pre-cum with every thrust, and it causes your body to heat up, you realize absentmindedly that her bodily fluids are likely an aphrodesiac now.",
                                     "It's too late to do anything with this information as your whole mouth has essentially become one big erogenous zone, with each thrust sending pleasure through your body.",
                                     "With panic you realize you're about to cum and look up into her lust clouded eyes.",
                                     "Biting her lip the Imp yanks your head forward and leans back with a throaty moan",
                                     "PlayLoopingSoundEffect", "EjaculationLong",
                                     "FocusedSpeaks",
                                        "Fuuuuuck♥, that's it you♥ Dumb♥",
                                        "PlaySoundEffect2", "Ejaculation",
                                        "PlayerOrgasm", "1",
                                        "PlayVisualEffect", "ScreenPulse", "pinkHaze.png",
                                        "FocusedSpeaks",
                                        "Submissive♥",
                                        "PlaySoundEffect", "Ejaculation",
                                        "PlayerOrgasm", "1",
                                        "PlayVisualEffect", "ScreenFlash", "pink.png",
                                        "With one more yank she bottoms your throat out and holds you in place.",
                                        "FocusedSpeaks",
                                            "Bitch~♥",
                                        "ApplyStatusEffect", "Charm",
                                        "PlayerOrgasm", "1",
                                        "PlayVisualEffect", "BlindingFlash", "pink.png",
                                        "PlayLoopingSoundEffect2", "sfx/Erotic/Sucking/gulp.mp3",
                                        "With a slutty ahegao the Imp grinds into your throat as your belly expands slightly from the sheer amount of semen you're swallowing",
                                        "ApplyStatusEffect", "Aphrodisiac",
                                        "You're no better having cummed your brains out at the same time she did, the concoction of aphrodesiac semen too much for you to handle.",
                                        "StopSoundEffectLoop",
                                        "StopSoundEffectLoop2",
                                        "She leans against your head out of breath from the heavy orgasm she had.",
                                        "EndLoop"]
                      }
					]
	}