{
	"name": "ImpBuffCombatEvents",
	"CardType": "",
	"CardLimit": "0",
	"Description": "",
	"requires": [""],
	"Speakers": [
					{
						"name": "Futa Blue Imp",
						"postName": "1",
						"SpeakerType": "Monster"
					},
					{

						"name": "Empowered Red Imp",
						"postName": "2",
						"SpeakerType": "Monster"
					}
				],
                "EventText": [
                    {
                        "NameOfScene": "RedImpFightIntro",
                        "theScene": [  "EncounterSizeGreaterOrEqualTo", "2", "TwinImpIntro",
                                       "FocusedSpeaks",
                                       "Don't underestimate me just because I'm alone!",
                                       "The Red Imps skin takes on a darker tone as she rushes you!",
                                       "ChangeMonsterMaxSpirit", "2"
                                     ]
                    },
                    {
                        "NameOfScene": "BlueImpFightIntro",
                        "theScene":	[  
                                       "GetEventAndIfChoice", "Otherworldly Imp", "1", "BlueImpLoses1", "BlueImpFightIntro2",
                                       "EncounterSizeGreaterOrEqualTo", "2", "TwinImpIntro",
                                       "The Blue Imp smiles sadistically at you she strokes her throbbing shaft.",
                                       "FocusedSpeaks",
                                       "I'm going to make you my little buttslut~♥.",
                                       "With a twisted grin, her eyes glow ominously as she rushes towards you!",
                                       "ChangeMonsterPower", "2",
                                       "ChangeMonsterTech", "2",
                                       "ChangeMonsterWill", "2",
                                       "ChangeMonsterAllure", "2",
                                       "ChangeMonsterLuck", "2",
                                       "ChangeMonsterMaxSpirit", "2"
                                     ]
                    },
                    {
                        "NameOfScene": "BlueImpFightIntro2",
                        "theScene": [
                            "Speaks",
                                "Geh, you again!? |n|Fine let's go!",
                                "EncounterSizeGreaterOrEqualTo", "2", "TwinImpIntro",
                                "Scowling at you, she starts walking towards you menecingly.",
                                "FocusedSpeaks",
                                "I'm going to win this time.",
                                "With a twisted grin, her eyes glow ominously as she rushes towards you!",
                                "ChangeMonsterPower", "2",
                                "ChangeMonsterTech", "2",
                                "ChangeMonsterWill", "2",
                                "ChangeMonsterAllure", "2",
                                "ChangeMonsterLuck", "2",
                                "ChangeMonsterMaxSpirit", "2"
                        ]       
                    },
                    {
                        "NameOfScene": "TwinImpIntro",
                        "theScene":[
                                       "The imps attack!"
                                    ]
                    },

                    {
                        "NameOfScene": "Solo Combat Red Imp",
                        "theScene": [
                                       "DefeatMonster",
                                       "FocusOnMonster", "1",
                                       "ChangeMonsterMaxSpirit", "2"

                                    ]
                    },
                    {
                        "NameOfScene": "Solo Combat Blue Imp",
                        "theScene":[
                                    "The fades away and the world feels slightly more ominous.",
                                    "As the Red Imp disappears the Blue Imp's eyes glow with power as her skin gives off a faint glow.",
                                    "DefeatMonster",
                                    "FocusOnMonster", "2",
                                     "ChangeMonsterPower", "2",
                                     "ChangeMonsterTech", "2",
                                     "ChangeMonsterWill", "2",
                                     "ChangeMonsterAllure", "2",
                                     "ChangeMonsterLuck", "2",
                                     "FocusedSpeaks",
                                     "I'm going to break you for that~♥"
                                    ]
                    },
                    {
                        "NameOfScene": "Solo Combat Blue Imp2",
                        "theScene": [
                                        "SwapLineIf", "Random",
                                            "You feel the Blue Imp becoming stronger...",
                                            "The Blue Imps eyes suddenly gives off an ominous glow.",
                                            "The magic circles around the Blue Imps hands glow brighter suddenly.",
                                        "EndLoop",
                                      "ChangeMonsterPower", "2",
                                      "ChangeMonsterTech", "2",
                                      "ChangeMonsterWill", "2",
                                      "ChangeMonsterAllure", "2",
                                      "ChangeMonsterLuck", "2"]
                    },
                        {
                            "NameOfScene": "Solo Combat Red Imp2",
                            "theScene": [ "SwapLineIf", "Random",
                                "The Red Imp's skin suddenly glows giving off faint steam.",
                                "Letting out a breath, pink smoke comes from the Imps mouth.",
                                "The Red Imp's muscles seem to bulge outwards slightly",
                            "EndLoop",
                                "ChangeMonsterPower", "2",
                                "ChangeMonsterTech", "2",
                                "ChangeMonsterWill", "2",
                                "ChangeMonsterAllure", "2",
                                "ChangeMonsterLuck", "2"
                            ]
                        },
                    {
                        "NameOfScene": "BlueImpDefeatCheck1",
                        "theScene":[
                                    "IfMonsterSpiritGone", "RedImpBuffCheck"
                                    ]
                    },
                    {
                        "NameOfScene": "RedImpDefeatCheck1",
                        "theScene":[   "IfMonsterSpiritGone", "BlueImpBuffCheck"]
                    },
                    {
                        "NameOfScene": "RedImpBuffCheck",
                        "theScene":[ "EncounterSizeLessOrEqualTo", "2", "Solo Combat Red Imp",
                                     "FocusedSpeaks",
                                     "The Blue Imp moans as she collapses to the floor",
                                     "DefeatMonster"]
                    },
                    {
                        "NameOfScene": "RedImpBuffCheckSolo",
                        "theScene": [ "EncounterSizeLessOrEqualTo", "1", "Solo Combat Red Imp2"]
                    },
                    {
                        "NameOfScene": "BlueImpBuffCheckSolo",
                        "theScene": [ "EncounterSizeLessOrEqualTo", "1", "Solo Combat Blue Imp2"]
                    },
                    {
                        "NameOfScene": "BlueImpBuffCheck",
                        "theScene": [ "EncounterSizeGreaterOrEqualTo", "1", "Solo Combat Blue Imp",
                                      "FocusedSpeaks",
                                      "Fuck.",
                                      "DefeatMonster"]
                    },
                    {
                        "NameOfScene": "RedImpDefeatCheck1",
                        "theScene":[  "IfMonsterSpiritGone", "BlueImpBuffCheck"
                                    ]
                    },
                    {
                        "NameOfScene": "Countdown",
                        "theScene": [
                                      "ChangeProgress", "1",
                                      "IfProgressEqualsOrGreater", "5",
                                      "InstantLossScene"
                                    ]
                    },
                    {
                        "NameOfScene": "EndOfRoundCheck",
                        "theScene": ["IfMonsterHasStance", "Face Sit",
                                     "DoNothing",
                                     "SetProgress", "0"
                                    ]
                    }
                ]
            }