{
    "name": "RedImpFCombatEvents",
    "CardType": "",
    "CardLimit": "0",
    "Description": "",
    "requires": [ ""],
    "Speakers": [
        {
            "name": "Futa Red Imp",
            "postName": "",
            "SpeakerType": "Monster"
        }
    ],
    "EventText": [
        {
            "NameOfScene": "No Penetrate",
            "theScene": [                     
                                          "IfPlayerHasStance", "Any", "NoMove1",
                                          "IfMonsterHasStatusEffect", "Restrain", "No Penetrate Still",
                                          "IfMonsterHasStatusEffect", "Sleep", "No Penetrate Still",
                                          "IfMonsterHasStatusEffect", "Stun", "No Penetrate Still",
                                          "SkipPlayerAttack",
                                          "Reaching out, you try to penetrate the imps pussy, but she twists to the side tripping you!",
                                          "Landing on your hands and knees, you look up just in time to see a red leg covered in pink energy hit you in the chin knocking you on your back!",
                                          "FocusedSpeaks",
                                          "'{b}NICE TRY, NOW IT'S MY TURN!{/b}'",
                                          "ClearStances",
                                          "Strong arms lift your legs over your shoulders and the Imp puts you into a mating press!",
                                          "ApplyStance", "Missionary - Futa", 
                                          "ApplyStatusEffect", "Chains of Binding",
                                          "ApplyStatusEffect", "Flash"
                                          ]
        },
                            {
                                "NameOfScene": "No Penetrate Still",
                                "theScene": [
                                              "SkipPlayerAttack",
                                              "Despite the imp's immobilization, you can't get your shaft into her pussy as she clinches her strong muscles down, making it too tight!"
                                          ]
                            },
                            {
                            "NameOfScene": "No Dildo",
                            "theScene": [ 
                              "IfPlayerHasStance", "Any", "NoMove1",
                               "IfMonsterHasStatusEffect", "Restrain", "No Dildo Still",
                               "IfMonsterHasStatusEffect", "Sleep", "No Dildo Still",
                               "IfMonsterHasStatusEffect", "Stun", "No Dildo Still",
                               "SkipPlayerAttack",
                               "You try to push the dildo into the imp's pussy, but she quickly slaps your hand to the side knocking the dildo away!",
                                          "FocusedSpeaks",
                        "'Hmph, too slow!'"
                                      ]
                        },
                            {
                                "NameOfScene": "No Dildo Still",
                                "theScene": [
                                              "SkipPlayerAttack",
                                              "Despite the imps immobilization, you can't get your shaft into her pussy as she clinches her strong muscles down, making it too tight!"
                                          ]
                            },					
                        
                        {
                            "NameOfScene": "No Making Out",
                            "theScene": [
                  "IfPlayerHasStance", "Any", "NoMove1",
                      "IfMonsterHasStatusEffect", "Restrain", "No Making Out Still",
                                         "IfMonsterHasStatusEffect", "Sleep", "No Making Out Still",
                                         "IfMonsterHasStatusEffect", "Stun", "No Making Out Still",
                                         "SkipPlayerAttack",
                                         "You try to kiss the imp but suddenly one of her muscled arms reach out and pull you in, you quickly realize what a mistake you've made as her long tongue is forced down your throat!",
                                         "FocusedSpeaks",
                                            "Mmmm~",
                                         "Her aphrodisiac laced fluids make your knees weak, when she finally lets you go, you drop to your knees landing eye level to her drooling red cock!",
                                         "ClearStances",
                                         "She casually reaches out and bunches your hair in her hand.",
                                         "FocusedSpeaks",
                                         "'That's it take it!'",
                       "PlaySoundEffect", "../Mods/FutaDOM/Audio/SFX/Gagging/sdt_gag13.wav",
                                         "Her thick cock mercilessly violates your throat as she thrusts her hips hilting her cock into your tight throat.",
                                          "ApplyStance", "Irrumatio",
                                         "Her heavy balls rest against your chin as her other hand grabs your head in a tight grip!"
                                         ]
                        },
                        {
                            "NameOfScene": "No Making Out Still",
                            "theScene": [
                                            "SkipPlayerAttack",
                                            "Despite being immobilized the bares her sharp teeth making you think twice about it!"
                                        ]
                        },
              {
                "NameOfScene": "No Bury",
                "theScene": [
                            "IfPlayerHasStance", "Any", "NoMove1",
                            "IfMonsterHasStatusEffect", "Restrain", "No Bury Still",
                             "IfMonsterHasStatusEffect", "Sleep", "No Bury Still",
                             "IfMonsterHasStatusEffect", "Stun", "No Bury Still",
                             "SkipPlayerAttack",
                             "You try shoving your face against the Imps thick ass.",
                             "However, she quickly spins with a roundhouse kick covered in pink energy, it conks you in the side of the head knocking you onto your back!",
                             "FocusedSpeaks",
                             "Hah, if you want me so bad then how about this!",
                            "DamagePlayerFromMonster", "Chained Face Fuck", 
                            "PlaySoundEffect", "../Mods/FutaDOM/Audio/SFX/Gagging/sdt_gag13.wav",
                            "Before you can get up she sits on your face, you look up just in time for her to shove her cock down your throat making you gag from the sudden intrusion!",
                            "ApplyStance", "Irrumatio"
              
              ]
              },
              {
                "NameOfScene": "No Bury Still",
                "theScene": ["SkipPlayerAttack",
                             "Despite being unable to resist the Imp glares at you, her eyes glow and you suddenly feel intimidated and back off!"
              ]         
              },
                        {
                            "NameOfScene": "No Anal",
                            "theScene": [ 
                                          "IfPlayerHasStance", "Any", "NoMove1",
                                          "IfMonsterHasStatusEffect", "Restrain", "No Anal Still",
                                          "IfMonsterHasStatusEffect", "Sleep", "No Anal Still",
                                          "IfMonsterHasStatusEffect", "Stun", "No Anal Still",
                                          "SkipPlayerAttack",
                                          "You try to penetrate the Imp from behind but her hand snakes out and grabs your arm.",
                                          "Showing her martial prowess she quickly pins it behind your back making you fall to your hands and knees from the sudden pain!",
                                          "Before you can get up you feel the tip of her penis pressing against your clinched ass.",
                                          "FocusedSpeaks",
                                                "'Nice try, but your ass is mine now human!'",
                                          "PlayerSpeaks",
                                                    "No wai-!",
                                            "PlaySoundEffect", "sfx/Erotic/Sex/Piston gutu overtones once.wav",
                                            "ApplyStance", "Anal - Futa",
                                        "Your back arches from pain and pleasure as while she easily holds you in place until finally she hilts her cock deep in your tight ass. [DamageToPlayer]"
                                      ]
                        },
                          {
                              "NameOfScene": "No Anal Still",
                              "theScene": [
                                            "SkipPlayerAttack",
                                            "Despite the imp's immobilization, you can't get your shaft into her pussy as she clinches her strong muscles down, making it too tight!"
                                        ]
                          },
                          {
                            "NameOfScene": "NoMove1",
                            "theScene": ["You can't do that from your position!",
                          "SkipPlayerAttack"]
                          },
                          {
                            "NameOfScene": "ImpishCombo",
                            "theScene": [
                                "Giving a feral grin, [AttackerName]'s whole body glows with a bright pink aura of power.",
                                "Speaks",
                                    "I'M GOING TO BREAK YOU! ORAAAAAH!",
                                "You ready yourself as she rushes you.",
                                "Menu",
                                    "Hold your ground!(Power)",
                                    "Dodge and play defensive!!!(Tech)",
                                    "Flail at her in fear!(Luck)",
                                    "Freeze up",
                                "EndLoop"
                            ]
                          },
                          {
                            "NameOfScene": "Hold your ground!(Power)",
                            "theScene": [
                                "StatCheck",
                                    "Power", "25", "CheckWin1",
                                    "Fail", "CheckFail1"
                            ]
                          },
                          {
                            "NameOfScene": "CheckWin1",
                            "theScene": [
                                "Steadying yourself, you block a fist aimed at your head, duck under a leg and slap away a one two combo from the Imp!",
                                "Speaks",
                                    "HAHA, THAT'S IT COME ON!",
                                "Ramping up her attacks, a tingly feeling spreads through your body with each attack you block or knock to the side while the lewd energy makes its way through your arms.",
                                "Gritting your teeth you still manage to hold out!",
                                "The flickering aura flares out and suddenly the Red Imp falls forwards looking exhausted!",
                                "ApplyStatusEffectToMonster", "Flash",
                                "Speaks",
                                    "D-damn it..."
                            ]
                          },
                          {
                            "NameOfScene": "CheckFail1",
                            "theScene": [
                                "Steadying yourself, you block a fist aimed at your head and then slap away a fist aimed at your head, however you miss a sudden roundhouse kick that makes you see stars!",
                                "Falling back a few steps, you catch a couple body blows and try to block only to get hit in the face instead, however despite being hit your body is filled with enough pleasure to drive you to your knees!",
                                "Speaks",
                                    "ORAAAAAAAAH!",
                                "With a powerful cry, a pink coated leg hits your chin sending you flying onto your back.",
                                "Before you have time to even get up you feel her grabbing your legs, she pins them over your shoulders and lines up her sweaty cock with your ass",
                                "Speaks",
                                    "Hah, take this you weakling!",
                                "ApplyStance", "Missionary - Futa",
                                "You feel the air driven out of your lungs as she mercilessly shoves her cock into your ass!"
                            ]
                          },
                          {
                            "NameOfScene": "Dodge and play defensive!!!(Tech)",
                            "theScene": [
                                "StatCheck",
                                    "Technique", "25", "CheckWin2",
                                    "Fail", "CheckFail2"
                            ]
                          },
                          {
                            "NameOfScene": "CheckWin2",
                            "theScene": [
                                "Readying yourself you step back dodging a toned leg aimed at your face, then you bat away a one-two punch combo and spin to the side to avoid a knee aimed at your gut!",
                                "PlayerSpeaks",
                                    "Slow~",
                                "You tell her playfully to rile her up, with gritted teeth she starts coming at you more aggressively but each swing gets less skillful and easier to dodge!",
                                "Finally she falls to her knees exhausted and covered in sweat.",
                                "Speaks",
                                    "Y-you bastard... just you wait... fuck..."
                            ]
                          },
                          {
                            "NameOfScene": "CheckFail2",
                            "theScene": [
                                "Readying yourself you step back dodging a toned leg aimed at your face, then you bat away a one-two punch combo and spin to the side to avoid a knee aimed at your gut!",
                                "PlayerSpeaks",
                                    "Slow~",
                                "You try to throw her off by riling her up, but instead she glares and keeps a cool head while speeding up.",
                                "With a desperate expression you slowly lose ground until a fist connects with your stomch bending you over, a leg kicks at yours knocking you to your knees and a hand grabs your hair holding you in place!",
                                "Speaks",
                                    "I'll shut that damn mouth of yours.",
                                "ApplyStatusEffect", "Irrumatio",
                                "The says with an angry tone and shoves her hips forwards, you don't even have time to register what she means before you have a mouthful of her sweaty cock!"
                            ]
                          }

    ]
}