{
    "name": "FutaMikasCombatEvents",
    "CardType": "Event",
    "CardLimit": "0",
    "Description": "",
    "requires": [ ""],
    "Speakers": [
                  {
                    "name": "FutaMika",
                    "postName": "",
                    "SpeakerType": "Monster"
                  }
                ],
    "EventText": [


                    {
                        "NameOfScene": "Intro",
                        "theScene": [
                            "ChangeBGM-OverrideCombatMusic", "music/Battle/Shiva_Dance.mp3",
                            "|f|ChangeImageLayer|/|Expression|/|Lewd|n|",
                            "Speaks",
                                "Nyaa~ I can't take it anymore....",
                            "With a predatory expression, Mika stalks forwards while stroking her drooling cock."
                        ]
                    },
                    {
                        "NameOfScene": "No Penetrate",
                        "theScene": [ 
                                      "IfPlayerHasStance", "Any", "NoFaceSit",
                                      "IfMonsterHasStatusEffect", "Restrain", "No Penetrate Still",
                                      "IfMonsterHasStatusEffect", "Sleep", "No Penetrate Still",
                                      "IfMonsterHasStatusEffect", "Stun", "No Penetrate Still",
                                      "You try to penetrate Mika, but she suddenly jumps back looking at you with a feral glint in her eyes!",
                                      "SkipPlayerAttack",
                                      "PlayMotionEffect", "Crash",
                                      "She charges you suddenly knocking you to your hands and knees in a flash.",
                                      "ClearStances",
                                      "FocusedSpeaks",
                                        "Nyaaa mating~♥",
                                      "ApplyStance",
                                      "Anal - Futa",
                                      "ApplyStatusEffect", "Flash",
                                      "EndLoop"
                                    ]
                    },
                    {
                        "NameOfScene": "No Penetrate Still",
                        "theScene": [
                                        "SkipPlayerAttack",
                                        "Despite being unable to move, she clinches down her abdominal muscles making you unable to get it in!"
                                    ]
                    },
                    {
                        "NameOfScene": "MStance1",
                        "theScene": [
                                        "IfPlayerHasStance", "Any",
                                        "SkipPlayerAttack",
                                        "FocusedSpeaks",
                                        "'No you don't, nya!♥'"
                                    ]
                    },
                    {
                        "NameOfScene": "No Anal",
                        "theScene": [ 
                                      "IfPlayerHasStance", "Any", "NoFaceSit",
                                      "IfMonsterHasStatusEffect", "Restrain", "No Anal Still",
                                      "IfMonsterHasStatusEffect", "Sleep", "No Anal Still",
                                      "IfMonsterHasStatusEffect", "Stun", "No Penetrate Still",
                                      "While attempting to insert it from behind, she abruptly drops down, causing you to trip over her!",
                                      "PlayMotionEffect", "Crash",
                                      "Despite managing to break your fall with your hands, it's too late to realize your position when you feel the heavy weight of her cock between your cheeks!",
                                      "ClearStances",
                                      "SkipPlayerAttack",
                                      "ApplyStance", "Anal - Futa",
                                      "Gasping on your hands and knees, your entire body rocks forward when she slams her hips into your ass with a loud clap!",
                                      "ApplyStatusEffect", "Flash",
                                      "EndLoop"
                                    ]
                    },
                    {
                        "NameOfScene": "No Making Out",
                        "theScene": [ 		
                                      "IfPlayerHasStance", "Any", "NoFaceSit",
                                      "IfMonsterHasStatusEffect", "Restrain", "No Making Out Still",
                                      "IfMonsterHasStatusEffect", "Sleep", "No Making Out Still2",
                                      "IfMonsterHasStatusEffect", "Stun", "No Making Out Still",
                                      "ClearStances",
                                      "SkipPlayerAttack",
                                      "Licking your lips, you go to kiss Mika, only for her to hop on your shoulders with catlike grace, wrapping her legs around your neck. The sudden weight forces you to your knees!",
                                      "ApplyStance", "Irrumatio",
                                      "With a wicked grin, she grinds her tan member against your face forcing you to smell her musk, then she mercilessly shoves it past your lips filling your mouth with its bitter taste while you paw at her thick toned thighs!",
                                      "FocusedSpeaks",
                                      "Mmnn~ Your mouth is so warm nyaaa♥!",
                                      "EndLoop"
                                    ]
                    },
                    {
                        "NameOfScene": "No Making Out Still",
                        "theScene": ["SkipPlayerAttack",
                        "You try to kiss Mika, only for her to blow a pink cloud into your face, the pink mist makes you cough and choke while your body heats up.",
                        "FocusedSpeaks",
                        "Nyahaha, I'm stuck but not out of options~"
                    ]   
                    },
                    {
                        "NameOfScene": "No Making Out Still2",
                        "theScene": ["SkipPlayerAttack",
                        "You try to kiss Mika only for a pink magic circle to block your lips, you give it a suspicious look knowing Mika doesn't know magic like this."
                    ]   
                    },
                    {
                        "NameOfScene": "Cock and Ball Worship",
                        "theScene": ["SkipPlayerAttack",
                    "Looking at Mika's plump chocolate ass, you fall to your knees reflexively to worship her.",
                    "Smugly, she watches as you shove your face against her ass; however, due to her new equipment, you end up burying your face into her large balls instead!",
                    "The musk makes your head spin, and before you know it, you're licking and sucking on her sweaty brown testicles.",
                    "Suddenly, a hand grabs your hair, and Mika turns around, and lifts your head up a little forcing you to look at her.",
                    "You look into her amused eyes as she lines the tip of her dark cock against your lips, a bead of precum coats your lips and you lick it without thinking covering your tongue in her salty taste.",
                    "FocusedSpeaks",
                        "If you wanted to worship me, you could've just asked, nyahaha~",
                    "ApplyStance", "Irrumatio",
                    "Without hesitation, she thrusts her hips forward, forcing you to taste her bitter cock as it barrels down your throat without effort, making you gag loudly around her."
                    ]
                    },
                    {
                            "NameOfScene": "Fingering",
                            "theScene": [
                              "IfPlayerHasStance", "Any", "NoFaceSit",
                              "SkipPlayerAttack",
                              "HitMonsterWith",
                              "Finger",
                              "Looking at her throbbing member, you can't help but hesitate at its size. Steeling yourself, you reach out to grab it. |n|Swallowing nervously as it twitches in your hands, you clumsily rub it the best you can. [DamageToEnemy]",
                              "Speaks",
                              "'Mmmmn♥! Grip it harder♥!'",
                              "DamagePlayerFromMonster",
                              "Schera",
                              "Handjob",
                              "Holding you tightly, Mika grinds her larger penis against yours, making you feel a submissive shame at how much she clearly outclasses you. [DamageToPlayer]",
                              "EndLoop"
                            ]
                    },
                    {
                        "NameOfScene": "PilloryCapturePre",
                        "theScene": [
                            "Unable to keep up with Mika's near fanatic pressure, you stumble forward towards the pillory!",
                            "Menu",
                                "Try to catch yourself on the pillory! (TECH)",
                                "Use your strength to halt your momentum! (STR)",
                            "EndLoop"
                        ]
                    },
                    {
                        "NameOfScene": "Try to catch yourself on the pillory! (TECH)",
                        "theScene": [
                            "You grab the edges of the pillory so you don't hit your head; you see the Mika about to pull it locked around your hands!",
                            "StatCheck",
                                "Technique", "25", "Escaped1",
                                "Fail", "Locked1"
                        ]
                    },
                    {
                        "NameOfScene": "Escaped1",
                        "theScene": ["Quickly you push yourself away from the pillory while accidentally tripping Mika as she goes to grab you.",
                        "FocusedSpeaks",
                            "HOWAHNYAAAH~!",
                        "ChangeImageLayer", "Expression", "Shock",
                        "PlayMotionEffect", "Crash",
                            "Hearing a shriek, you look at the pillory to see Mika locked in place, having fallen onto it in your stead.",
                            "ApplyStatusEffectToMonster", "Pillory Binding",
                            "ChangeImageLayer", "Expression", "Beg",
                            "FocusedSpeaks",
                                "Ah haha~|n|Help?",
                            "EndLoop"
                    ]   
                    },
                    {
                        "NameOfScene": "Locked1",
                        "theScene": [
                            "You fail to escape in time as the wooden cuffs close around your wrists and are trapped in place by the pillory",
                            "ApplyStatusEffect", "Pillory Binding",
                            "FocusedSpeaks",
                                "Now this is ironic...",
                            "You feel a hand come down on your ass, loudly making a loud crack echo through the room.",
                            "the sudden strike makes your back arch from both pain and pleasure, with a smug laugh Mika rubs the place she just hit making you squirm against her hand!",
                            "EndLoop"
                        ]
                    },
                    {
                        "NameOfScene": "Use your strength to halt your momentum! (STR)",
                        "theScene": [
                            "You try use your core strength to avoid the fall and catch your balance!",
                            "StatCheck",
                                "Power", "30", "Escaped2",
                                "Fail", "Locked2"
                        ]
                    },
                    {
                        "NameOfScene": "Escaped2",
                        "theScene": [
                            "You realize Mika's about to push you from behind and twist your body to the side, tripping her in the process!",
                            "ChangeImageLayer", "Expression", "Shock",
                            "PlayMotionEffect", "Crash",
                            "FocusedSpeaks",
                                "UWAH!",
                            "ApplyStatusEffectToMonster", "Pillory Binding",
                            "With a thud and clanking noise, you see Mika bent over and locked in the pillory in your place.",
                            "ChangeImageLayer", "Expression", "Beg",
                            "FocusedSpeaks",
                                "Ahaha~... Mercy?"
                        ]
                    },
                    {
                        "NameOfScene": "Locked2",
                        "theScene": [
                            "Just as you catch yourself, you're suddenly pushed from behind by Mika!",
                            "With a girlish shriek, you land bent over onto the Pillory; with a heavy clank the device is locked around your wrists fixing you in place.",
                            "ApplyStatusEffect", "Pillory Binding",
                            "FocusedSpeaks",
                                "Now it's MY turn to fuck you!"
                        ]
                    },
                    {
                        "NameOfScene": "FutaCum1",
                        "theScene": [
                            "ChangeImageLayer", "Expression", "Lewd",
                            "Nuzzling against your neck, Mika purrs in your ear while grinding her cock against your prostate, keeping it as deep as she can in your tight ass!",
                            "FocusedSpeaks",
                                "Nyaaa~♥ So good♥ I'm gonna...",
                              "PlayLoopingSoundEffect", "EjaculationLong",
						               "PlayVisualEffect", "ScreenPulse", "pink.png",
                            "With a gasp, you feel her filling you with her hot cum, each large spurt making pleasure shoot through your body from the submissive feeling of being bred.",
                            "Her larger, dark testicles rest against yours, pulsing with each shot filling your now overflowing ass; her thick spunk practically weighs you down from the sheer amount as she marks you as her bitch.",
                            "A small puddle is created between the two of you as Mika keeps purring in your ear and grinding her hips against your prostate, making you see stars from her thick chocolate cock as she relentlessly mates your ass.",
                            "FocusedSpeaks",
                                "I want more nyaa~♥",
                            "PlayVisualEffect2", "BlindingFlash", "pink.png",
						              "PlaySoundEffect2", "Ejaculation",
                            "Fucking you with everything she has, she makes you cum around her fat cock as she keeps trying to fill your overflowing ass with even more cum.",
                          "StopSoundEffectLoop",
                            "PlayerOrgasm", "2",
                           "ChangeImageLayer", "Expression", "Smug",
                            "Without stopping, she begins fucking you once again, filling you with both dread and anticipation...",
                            "ChangeMonsterSpirit", "1",
                            "EndLoop"
                    ]
                    },
                    {
                        "NameOfScene": "FutaCum2",
                        "theScene": [
                            "Moaning loudly, she hilts her thick, dark cock down your throat, burying your nose against her bushy pubes and grinding against your face.",
                            "ChangeImageLayer", "Expression", "Lewd",
                            "The smell of her musk makes your head spin from its bestial scent; your mouth is completely coated with the animalistic and bitter taste of her thick black cock.",
                            "You unintentionally find yourself licking at her pulsing testicles as they rest on your chin while she practically chokes you out with her cock.",
                            "FocusedSpeaks",
                                "Mmmn, nyaan♥ Prrrr♥",
                            "PlayLoopingSoundEffect", "EjaculationLong",
						    "PlayVisualEffect", "ScreenPulse", "pink.png",
                            "Suddenly, you feel her pulse, and a heavy weight hits your stomach all at once as she grinds against your face while crushing your face with her thick, sweaty thighs.",
                            "A shudder runs through your body as she keeps filling your stomach, making it bulge out slightly from the sheer amount of bitter spunk she forces you to swallow.",
                            "PlayerOrgasm", "2",
                            "PlayVisualEffect2", "BlindingFlash", "pink.png",
						    "PlaySoundEffect2", "Ejaculation",
                            "Your head spins from both pain and pleasure, as the lack of air and the erotic scent of her sweat and musk forces you to cum all over the floor even without being touched!",
                            "With a sighing purr, Mika slowly pulls her still-cumming cock from your mouth, with each brown inch left covered in spit and slime until she stops with the tip in your mouth.",
                            "StopSoundEffectLoop",
                            "Leaving it there, you feel it spit out a few more heavy ropes of semen, coating your tastebuds in her bitter taste.",
                            "Without thinking, you submissively swallow it down, and Mika pets your head like an obedient pet.",
                            "ChangeImageLayer", "Expression", "Smug",
                            "FocusedSpeaks",
                                "Nyaha~ You're such a natural submissive [ThePlayerName]",
                            "With a smug laugh, Mika starts fucking your face again!",
                            "ChangeMonsterSpirit", "1",
                            "EndLoop"
                        ]
                    }



                ]
}
