{
    "name": "ScheraCombatEvents",
    "CardType": "",
    "CardLimit": "0",
    "Description": "",
    "requires": [ ""],
    "requiresEvent": [
        {
            "NameOfEvent": "ScheraCombatEvents",
            "Progress": "99",
            "ChoiceNumber": "-1",
            "Choice": ""
        }
    ],
    "Speakers": [
        {
            "name": "Schera",
            "postName": "",
            "SpeakerType": "Monster"
        }
    ],
    "EventText": [
		{
			"NameOfScene": "No Penetrate",
			"theScene": [ 
						  "IfPlayerHasStance", "Any", "NoFaceSit",
						  "IfMonsterHasStatusEffect", "Restrain", "No Penetrate Still",
						  "IfMonsterHasStatusEffect", "Sleep", "No Penetrate Still",
						  "IfMonsterHasStatusEffect", "Stun", "No Penetrate Still",
						  "You try to penetrate Schera but she suddenly rushes forwards and grabs you by your waist picking you up!",
						  "SkipPlayerAttack",
						  "PlayMotionEffect", "Crash",
						  "She drops you to the floor with your legs draped over her shoulders and a lustful smile on her face.",
						  "ClearStances",
						  "FocusedSpeaks",
							"I'm going to make you my personal bitch boy~♥",
						  "ApplyStance",
						  "Missionary - Futa",
						  "ApplyStatusEffect", "Flash",
						  "EndLoop"
						]
		},
		{
			"NameOfScene": "No Penetrate Still",
			"theScene": [
							"SkipPlayerAttack",
							"Despite being unable to move she clinches down her abdamon muscles making you unable to get it in!"
						]
		},
		{
			"NameOfScene": "MStance1",
			"theScene": [
							"IfPlayerHasStance", "Any",
							"SkipPlayerAttack",
							"FocusedSpeaks",
							"'No you don't!"
						]
		},
		{
			"NameOfScene": "No Anal",
			"theScene": [ 
						  "IfPlayerHasStance", "Any", "NoFaceSit",
						  "IfMonsterHasStatusEffect", "Restrain", "No Anal Still",
						  "IfMonsterHasStatusEffect", "Sleep", "No Anal Still",
						  "IfMonsterHasStatusEffect", "Stun", "No Penetrate Still",
						  "As you attempt to insert it from behind, she abruptly drops down and extends her toned leg, sending you tumbling forward!",
						  "Despite managing to break your fall with your hands, it's too late to realize your position when you feel the heavy weight of her cock between your cheeks!",
						  "ClearStances",
						  "SkipPlayerAttack",
						  "ApplyStance", "Anal - Futa",
						  "Gasping on your hands and knees, your entire body rocks forward when she slams her hips into your ass with a loud clap!",
						  "ApplyStatusEffect", "Flash",
						  "EndLoop"
						]
		},
		{
			"NameOfScene": "No Making Out",
			"theScene": [ 		
						  "IfPlayerHasStance", "Any", "NoFaceSit",
						  "IfMonsterHasStatusEffect", "Restrain", "No Making Out Still",
						  "IfMonsterHasStatusEffect", "Sleep", "No Making Out Still",
						  "IfMonsterHasStatusEffect", "Stun", "No Making Out Still",
						  "ClearStances",
						  "SkipPlayerAttack",
						  "Standing on your toes you try to kiss Schera only for her to swing her head forwards headbutting you!",
						  "The sudden impact makes your vision spin causing you to fall on your knees.", 
						  "Schera grabs your hair and pulls your lips to her throbbing cock, laughing as you feebly paw at her toned thighs.",
						  "FocusedSpeaks",
						  "I hope you're ready for this!",
						  "ApplyStance", "Irrumatio",
						  "Before you can respond, nearly a foot of dark elf meat bottoms your mouth forcing a loud retch from you.",
						  "EndLoop"
						]
		},
		{
				"NameOfScene": "Fingering",
				"theScene": [
			      "IfPlayerHasStance", "Any", "NoFaceSit",
				  "SkipPlayerAttack",
				  "HitMonsterWith",
				  "Finger",
				  "Looking at her throbbing member, you can't help but hesitate at its size, steeling yourself you reach out to grab it. |n|Swallowing nervously as it twitches in your hands, you clumsily rub it the best you can. [DamageToEnemy]",
				  "Speaks",
				  "'Hah, I'll really show you how to handle a cock!'",
				  "DamagePlayerFromMonster",
				  "Schera",
				  "Handjob",
				  "Reaching out, she skillfully squeezes your shaft making you gasp in her grip. [DamageToPlayer]",
				  "EndLoop"
				]
		},
		{
			"NameOfScene": "Ass Worship",
			"theScene": [
				"IfPlayerHasStance", "Any", "NoFaceSit",
			  "SkipPlayerAttack",
			  "HitMonsterWith",
			  "Pussy Worship",
			  "Schera gasps in pleasure as you shove your face into her plump ass, her large balls press against your nose and involuntarily, you take a big whiff of them before you begin servicing her. [DamageToEnemy]",
			  "Speaks",
			  "Oh~, That's right you animal~ clean them well.",
			  "DamagePlayerFromMonster", "Schera", "Face Grind",
			  "The smell of her veiny testicles makes your head spin, dutifully you clean all of the sweat built up on them. [DamageToPlayer]",
			  "Grinding her lush ass into your face, Schera slowly settles her weight back onto you until she's practically sitting on you like a chair.",
			  "Crossing her legs she checks her nails while you service her, shifting her weight occasionally when suddenly-",
			  "PlayMotionEffect", "Crash",
			  "FocusedSpeaks",
				"Woah!",
			  "You fall to your back her crushing ass coming with you, however despite the sudden drop you mindlessly keep licking and cleaning her sweaty balls.",
			  "Looking back down at you in surprise, Schera shrugs and adjusts her weight on your face.",
			  "FocusedSpeaks",
				"Honestly, you can't even make for a decent chair, {i}how pathetic{/i}.",
			  "ApplyStatusEffect",
			  "Charm",
			  "ChangeFetish",
			  "Ass",
			  "10",
			  "IfPlayerHasStance", "None", "Sweaty Insertion",
			  "EndLoop"
			]
		  },
		  {
			"NameOfScene": "Sweaty Insertion",
			"theScene": [
				"PlayVisualEffect", "ScreenPulse", "pink.png",
				"Mindlessly, you lap at her bitter testicles as she sits on your face and grinds down into you.",
				"With a pleased sigh, she sits up only to line her dick up with your lips.",
				"ApplyStance", "Irrumatio",
				"You barely have time to be surprised before she pushes her sweaty cock into your mouth, filling it with the bitter taste of her cock.",
				"EndLoop"
						]			
		  },
		  {
			"NameOfScene": "NoFaceSit",
			"theScene": [
				"You're not in a position to do that!",
				"SkipPlayerAttack"]
		  },
		  {
			"NameOfScene": "HeadLock",
			"theScene": [
				"PlayMotionEffect", "Crash",
				"You fall on your back as she holds your head in place with her thighs!",
			"Speaks",
				"I'm going to fuck your throat raw!"]
		  },
		  {
			"NameOfScene": "SweatyBody",
			"theScene": ["SwapLineIf", "Random",
				"Breathing heavily, your head spins from the scent she gives off.",
				"Gazing at her glistening abs, you swallow nervously at her.",
				"The musky scent coming off her body makes your head spin.",
			"EndLoop"]
		  },
		  {
			"NameOfScene": "HeadLockComments",
			"theScene":[
			"FocusedSpeaksSkill",
			"SwapLineIf", "Random",
				"You weakly try pushing away her muscled thighs while she mocks you '{i}Ha, you're so pathetic~'{/i}",
				"Weakly you push against her strong thighs while she mocks you '{i}Choke on it monkey!{/i}'",
				"Weakly you push against her strong thighs while she mocks you '{i}Stop trying to escape, and just take it!{/i}'",
		"EndLoop"]
		  },
		  {
			"NameOfScene": "MuskyIrrumatio",
			"theScene": ["SwapLineIf", "Random",
				"grinning seductively at her dazed opponent, [AttackerName] forces their cock down your throat!",
				"You stumble around from breathing in the pheromones in the air, falling to your knees you look up just in time to see [AttackerName]'s cock going in your mouth!",
				"With a hazy expression, you stumble in front of [AttackerName], putting her hand on the back of your, she guides your mouth to her throbbing member!",
			"EndLoop"]
		  },
		  {
			"NameOfScene": "BallSmother",
			"theScene": ["SwapLineIf", "Random",
				"Grabbing you by your hair, [AttackerName] grinds her sweaty balls against your face.",
				"Your head spins as [AttackerName] grinds her musky balls against your face",
			"EndLoop"]
		  },
		  {
			"NameOfScene": "HypnoticBlowjob",
			"theScene": ["SwapLineIf", "Random",
				"While she fucks your face in a steady rhythm, you can't help but actively participate doing your best to suck her brown cock!",
				"You find yourself unintentionally sucking on her sweaty member as she fucks your face.",
				"She fucks you with a steady rhythm, her sweaty cock filling your mouth with its taste making your head spin.",
			"EndLoop"]
		  },
		  {
			"NameOfScene": "DominatingFaceFuck",
			"theScene": [
				"SwapLineIf", "Random",
					"With lewd slapping sounds, [AttackerName]'s balls hit [TargetName]'s chin as she takes advantage of her position to mercilessly fuck his face!",
					"Held in place with her thigh thighs, she makes [ThePlayerName] take every inch of her drooling member!",
					"[ThePlayerName] gags as every last inch of [AttackerName]'s cock is shoved down his throat!",
				"EndLoop"
			]
		  },
		  {
			"NameOfScene": "AsphyxiatingThrust",
			"theScene": [
				"SwapLineIf", "Random",
					"[AttackerName] thrusts her cock all the way down [TargetName]'s throat and holds it there for long as she can, enjoying the feeling of [TargetName] gagging and struggling under her.",
					"Holding your head in place, [AttackerName] enjoys the way you choke and gag around her thick member as she grinds into your throat.",
					"Gagging loudly, you convulse between [TargetName]'s legs as she forces you to choke around her thick cock!",
				"EndLoop"

			]	
		  },
		  {
			"NameOfScene": "DarkFutanariMating",
			"theScene": [
							"SwapLineIf", "Random",
							"|f|PlaySoundEffect|/|sfx/Erotic/Sex/Piston slightly dry (high speed) 18 times.wav|n|[AttackerName] holds [TargetName]'s legs over their head and pounds down into their ass mercilessly making lewd clapping noise fill the room!",
							"|f|PlaySoundEffect|/|sfx/Erotic/Sex/Piston slightly dry (high speed) 18 times.wav|n|[TargetName] goes crosseyed from the pleasure as [AttackerName] fucks them in a mating press without slowing even slightly.",
							"|f|PlaySoundEffect|/|sfx/Erotic/Sex/Piston slightly dry (high speed) 18 times.wav|n|[AttackerName]'s body covers [TargetName] almost completely as she fucks you deeply with all her strength.",
							"|f|PlaySoundEffect|/|sfx/Erotic/Sex/Piston slightly dry (high speed) 18 times.wav|n|[TargetName]'s legs are limp over [AttackerName]'s shoulders as she breeds your ass without mercy!",
							"EndLoop"
			]
		},
		{
			"NameOfScene": "DarkFutanariDomination",
			"theScene": ["SwapLineIf", "Random",
				"|f|PlaySoundEffect|/|sfx/Erotic/Sex/Piston slightly dry (high speed) 18 times.wav|n|Wrapping a hand around your neck, [AttackerName] roughly pounds your tight asshole while keeping you pinned to the ground!",
				"|f|PlaySoundEffect|/|sfx/Erotic/Sex/Piston slightly dry (high speed) 18 times.wav|n|Grinning arrogantly, [AttackerName] reaches down and chokes you while your legs flail helplessly over her shoulders!",
				"|f|PlaySoundEffect|/|sfx/Erotic/Sex/Piston slightly dry (high speed) 18 times.wav|n|[AttackerName]'s powerful hand wraps around your throat holding you in place, grinning sadistically she relentlessly mocks you without mercy while fucking your ass!",
			"EndLoop"]
		},
		{
			"NameOfScene": "HeavyPounding",
			"theScene": ["SwapLineIf", "Random",
				"|f|PlaySoundEffect|/|sfx/Erotic/Sex/Piston slightly dry (low speed) 5 times.wav|n|Holding down [ThePlayerName] from behind, she fucks them deep and hard as possible.",
				"|f|PlaySoundEffect|/|sfx/Erotic/Sex/Piston slightly dry (low speed) 5 times.wav|n|With body rocking thrusts, [AttackerName] fucks [TargetName] hard enough to make their head spin.",
				"|f|PlaySoundEffect|/|sfx/Erotic/Sex/Piston slightly dry (low speed) 5 times.wav|n|Grinning sadistically, [AttackerName] fucks [TargetName] with increasing power.",
			"EndLoop"]
		},
		{
							"NameOfScene": "DarkStroking",
							"theScene": [
								"SwapLineIf", "Random",
								"[AttackerName] cocks a hip to the side while stroking her fat cock with a grin.",
								"Your eyes are drawn to your opponents dick as she begins stroking herself, causing a drop of pre to appear.",
								"[AttackerName], walks towards you seductively while stroking her cock with a lecherous expression.",
								"EndLoop"]
		},
		{
			"NameOfScene": "RoughGrappling",
			"theScene": [
						 "SwapLineIf", "Random",
						 "[AttackerName] rushes at you with a wicked grin, you stop her charge and you both push against each other.",
						 "[AttackerName] tries to knock you over, but you hold you ground as shoving back against her sweaty body.",
						 "EndLoop"
		]
		},
		{
			"NameOfScene": "HeavyCockSlap",
			"theScene": ["SwapLineIf", "Random",
				"With a cocky smirk, [AttackerName] slaps you across the face with her throbbing member!",
				"While stroking her cock, [AttackerName] suddenly slaps you in the fact with it!",
			"EndLoop"
			]
		},

		{
				"NameOfScene": "Intro",
				"theScene": [ "With an arrogant smile, she strokes her dripping cock.",
							  "FocusedSpeaks",
							  "Pathetic Monkey, service me and maybe I'll let you go. |n|It's all your kind is good for after all",
							  "Grinning arrogantly she strokes her throbbing brown member, its sheer size catches your eye making you swallow nervously at the idea of her using it on you.",
							  "IfFetishLevelEqualOrGreater", "Black Cock", "75", "BlackCockCheck2",
							  "IfFetishLevelEqualOrGreater", "Black Cock", "25", "BlackCockCheck1",

							  "JumpToScene",
							  "Ignored"
							]
			},
			{
				"NameOfScene": "BlackCockCheck1",
				"theScene": ["StatCheck",
					"Temptation",
					"20",
					"Ignored",
					"Fail", 
					"Worship1"]
			},
			{
				"NameOfScene": "Worship1",
				"theScene": [
				 "Without thinking you walk up towards the taller woman, shuddering in submission you fall to your knees as if possessed.",
				 "Looking at her throbbing cock, its sheer size surprises you no matter how much you see of it.",
				 "ApplyStance", "Irrumatio",
				 "ApplyStatusEffect", "Charm",
				 "You only have time to look up at her smirking face, before a strong hand on the back of your head yanks you forwards.",
				 "Bucking her hips she thrusts forwards shoving half of her sweaty member into your mouth, the bitter taste makes your head spin",
				 "However the intense taste also jolts you back to your senses, looking up in shock you see her preparing to fuck your face."
				]
			},
			{
				"NameOfScene": "BlackCockCheck2",
				"theScene": ["StatCheck",
							"Temptation", "35", "Ignored",
							"Fail", 
							"Worship2"]
			},
			{
				"NameOfScene": "Ignored",
				"theScene": ["Ignoring her provocations, you prepare to fight"]
			},
		    {
			"NameOfScene": "StanceCheck1",
			"theScene": [ "IfMonsterHasStance", "None", "Brown Temptation1"
			]
		},
        {
            "NameOfScene": "Brown Temptation1",
            "theScene": [
            "IfPlayerHasStatusEffectWithPotencyEqualOrGreater", "Trance", "7", "Submit1"
            ]
        },
		{
			"NameOfScene": "Submit1",
			"theScene": [ "Blinking slowly through the haze of pheromones you've breathed in, you suddenly realize Schera's big cock is right in front of your lips.", 
			"Absentmindedly you wonder when you fell to your knees, slowly looking up at her smirking face, she gives you one command.",
						  "{b}Suck.{/b}",
						  "StatCheck",
						  "Willpower",
						  "25",
						  "Refuse1",
						  "Fail",
						  "Submitted1"
						  ]
		},
		{
			"NameOfScene": "Refuse1",
			"theScene": [ "Shaking your head from confusion, you realize what you're doing and quickly get back up in alarm.",
						  "Schera looks amused at your sudden resistance.",
						  "FocusedSpeaks",
						  "If you're gonna kneel like that, then you might as well serve me properly.",
						  "Her knowing smirk in spite of her demeaning words suggests that she is well aware of the effect her scent was having on you.",
						  "RemoveStatusEffect", "Trance",
						  "ClearStances"
						  
						  ]
		},
		{
			"NameOfScene": "Submitted1",
			"theScene": [ "Looking at the throbbing brown cock in front of you, your tongue darts out and you licks your lips without thinking.",
						 "Unconsciously, you open your mouth while her hand presses on the back of your head, obediently you allow her to push her drooling member into your mouth.",
						 "ApplyStance",
						 "Irrumatio",
						 "Her sweat covered cock enters your mouth slowly stopping half way making you gag slightly, its sheer girth is causes you to open your mouth uncomfortably wide.",
						 "It's weight practically pushes your tongue to the bottom of your mouth, while your mind spins from the pheromones clouding your head.", 
						 "Suddenly it pulses against your tongue, spitting out a thick rope of its salty precum, the masculine taste makes you shudder submissively between her legs.",
						 "Suckling on her cock like a pacifier, you clean the bitter precum and sweat that built as she pats your head.",
						 "Nuzzling into her hand your tongue flicks out, catching even more dripping precum as you hungrily service her.",
						 "FocusedSpeaks",
						 "What a total degenerate, does it taste that good? |n|If you were more honest with yourself we could have skipped around you acting like you didn't want to suck my fat cock.",
						 "With a laugh her hand hand softly tugs at the back of your head causing you to open your lips a little further, dragging you further down her member.",
						 "Suddenly, she stops at the beginning of your throat and steadies herself.", 
						 "Blinking twice, a feeling of danger overcomes you as you start realizing what you've been doing with a mounting horror.",
						 "JumpToScene",
						 "Brown Temptation2"
						 ]
		},
		{
			"NameOfScene": "Brown Temptation2",
			"theScene": [ "Both of her hands grasp the back of your head tightly, and you realize she's bracing herself to thrust forwards!",
						  "Menu",
						  "Wait, what am I doing?",
						  "Tastes so good...",
						 "EndLoop"
						 ]
		},
		{
			"NameOfScene": "Tastes so good...",
			"theScene": [ "Submissively you keep sucking her cock with a hazy expression.",
						  "Whatever you realized earlier probably wasn't that important, you can't help but think as you gladly slurp on her brown member.",
						  "Schera places her hands on her hips and stares down at you with a smug smile.",
						  "Watching you bob your head on your own while noisily sucking her cock, she laughs at how far you've fallen.",
						  "Obediently you give your new goddess a blowjob, your head spinning from the intense pheramones and bitter sweat from her body.",
						  "JumpToLossEvent", "DarkSubmission1"

						]
		},
		{
			"NameOfScene": "Wait, what am I doing?",
			"theScene":[ "StatCheck",
						 "Power",
						 "25",
						 "Refuse2",
						 "Fail",
						 "Weakling1"
						]
		},
		{
			"NameOfScene": "Wait, what am I doing?",
			"theScene": [  "StatCheck",
						   "Willpower",
				 		   "25", 
						   "Refuse2",
						   "Fail",
						   "Submitted2"
						]
		},
		{
			"NameOfScene": "Weakling1",
			"theScene": [ "Putting your hands on her brown thighs, you desperately try to pull your head back!",
						  "PlayMotionEffect", "CrashSmol",
						  "The hand on the back of your head doesn't budge an inch, glancing up in slight fear you take in her smug grin.",
						  "FocusedSpeaks",
						  "Was that supposed to do something?",
						  "JumpToScene",
						  "Submitted2"
						]
		},
		{
			"NameOfScene": "Refuse2",
			"theScene":[ "Putting your hands on her strong legs you pull your head away quickly, her cock pops out of your mouth leaving a trail of saliva attached to your lips.",
						 "Schera puts a hand on her hip not making any moves to stop you, while looking down at you with a cocky smirk.",
						 "FocusedSpeaks",
						 "Close one, you ready to keep going then?",
						 "Gritting your teeth you jump back to your feet while wiping your mouth.",
						 "PlayerSpeaks",
						 "That was cowardly!",
						 "Schera rolls her eyes and says.",
						 "FocusedSpeaks",
						 "A good fighter uses everything they have to win, now shut up and let's keep going!",
						 "Cocking her hip to the left, she gives you a haughty smile while reaching down to give her pulsing member a stroke causing it to drool pre-cum",
						 "FocusedSpeaks",
						 "Unless you want to keep going down on me?",
						 "IfFetishLevelEqualOrGreater", "Black Cock", "25", "CockWorship1",
						 "RemoveStatusEffect", "Trance",
						 "ClearStances",
						 "PlayerSpeaks",
							"As if!",
						 "You get back on your feet and prepare yourself"
						 ]
		},
		{
			"NameOfScene": "CockWorship1",
			"theScene": ["StatCheck",
				"Temptation",
				 "35",
				 "Ignored2",
				 "Fail",
				 "Worship2"]
		},
		{
			"NameOfScene": "Ignored2", 
			"theScene": ["You shake off your lust and prepare to continue the battle!",
						 "RemoveStatusEffect", "Trance",
						 "ClearStances",
						 "You charge at Schera!"]
		},
		{
			"NameOfScene": "Worship2",
			"theScene": [
						"JumpToLossEvent", "DarkSubmission2"
									]

		},
		{
			"NameOfScene": "Submitted2",
			"theScene": [
						 "JumpToLossEvent", "DarkSubmission1"]
		},




		{
			"NameOfScene": "Finishing Pin",
			"theScene": [
						"SkipPlayerAttack",
						"Schera stops railing you for a moment to take a look at your drooling ahegao with a smirk.",
						 "FocusedSpeaks",
						 "Alright! Time to end this!",
						 "She then hunches over you with your legs dangling over her shoulders limply, clearly ready to go into full power.",
						 "Menu",
						 "I can't be beaten here!",
						 "Elf cock is so good~",
						 "EndLoop"
						 ]
		},
		{
			"NameOfScene": "I can't be beaten here!",
			"theScene": [ "You desperately try getting out of the pin!",
						  "StatCheck",
						  "Power",
						  "20",
						  "Round2",
						  "Fail",
						  "Mated1"
						  ]
		},
		{
			"NameOfScene": "Round2",
			"theScene": [ "Struggling wildly, you manage to break free from beneath her and crawl away on your hands and knees!",
						  "RemoveStatusEffect", "Restrain",
						  "ClearStances",
						  "Suddenly, you feel her hands on your waist, and then feel her hard cock pressing on your ass from behind!",
						  "StatCheck",
						  "Power",
						  "20",
						  "CloseOne1",
						  "Fail",
						  "LikeanAnimal"
						  ]
		},
		{
			"NameOfScene": "CloseOne1",
			"theScene": [ "Kicking her away you manage to get up before she sticks it in!",
						  "FocusedSpeaks",
						  "Ah~ so close, come on let's fight some more!",
						  "EndLoop"
						 ]
		},
		{
			"NameOfScene": "Elf cock is so good~",
			"theScene": [  "You consider trying to break free but instead just go limp in her grip.",
						   "FocusedSpeaks",
							"Wow~ Nice to see that you finally know your place monkey.",
							"Her hips drive down hilting her cock in your ass causing your stomach to bulge out slightly as you gasp in pleasure.",
							"Your limp legs flail over her shoulders a bit before going still as she begins fucking your ass at a relentless pace.",
							"ClearStances",
							"After a few minutes she pulls out and turns you around before shoving it back in from behind",
							"ApplyStance", "Anal - Futa",
							"JumpToLossEvent", "DarkProneBoneDefeat"
						]
		},
		{
			"NameOfScene": "Mated1",
			"theScene": [ "You try your hardest to escape, but she just holds you tighter and begins driving her hips downwards forcing you to scream in pleasure.",
						  "Barely a minute passes before you're spurting pitifully over your stomach, gasping weakly as she yanks her cock out of your twitching asshole.",
						  "ClearStances",
						  "There's barely any time to catch your bearings before she rolls you over and shoves her cock back in from behind!",
						  "ApplyStance", "Anal - Futa",
						  "JumpToLossEvent", "DarkProneBoneDefeat"
						]
		},
		{
			"NameOfScene": "LikeanAnimal",
			"theScene": [ "ClearStances",
						  "ApplyStance", "Anal - Futa",
						  "FocusedSpeaks",
						  "I'm going to make you scream!"
						]
		},
		{
			"NameOfScene": "InStance1",
			"theScene": [ "IfPlayerHasStance", "Irrumatio",
						  "CancelMoveScene1"
						]
		},
		{
			"NameOfScene": "CancelMoveScene1",
			"theScene": [ "SkipPlayerAttack",
						  "Schera notices your resistance and fucks your face with increasing power!"
						]
		},
		{
			"NameOfScene": "InStance2",
			"theScene": ["IfPlayerHasStance", "Missionary - Futa",
						 "CancelMoveScene2"
						]
		},
		{
			"NameOfScene": "CancelMoveScene2",
			"theScene": ["SkipPlayerAttack",
						 "Schera notices your resistance and pins you down even harder as she fucks you with increasing intensity!"
						]
		},
		{
			"NameOfScene": "InStance3",
			"theScene": ["IfPlayerHasStance", "Wrestling Pin Behind",
						 "CancelMoveScene3"
						 ]
		},
		{
			"NameOfScene": "CancelMoveScene3",
			"theScene": ["SkipPlayerAttack",
						 "Schera notices your attempt to turn things around and grins.",
						 "FocusedSpeaks",
						 "'Alright, let's rumble!'",
						 "ClearStances",
						 "ApplyStance",
						 "Anal - Futa",
						 "Gasping under her, you writhe weakly as her cock enters your ass!"
						 ]
		},
		{
			"NameOfScene": "Instance4",
			"theScene": ["IfPlayerHasStance", "Anal - Futa",
						 "CancelMoveScene4"
						 ]
		},
		{
			"NameOfScene": "CancelMoveScene4",
			"theScene": ["SkipPlayerAttack",
						 "Schera notices you trying to escape and pulls you back to her!"
						 ]
		},
		{
			"NameOfScene": "MStance1",
			"theScene": [
							"IfPlayerHasStance", "Any",
							"SkipPlayerAttack",
							"FocusedSpeaks",
							"No you don't!"
						]
		},
		{
			"NameOfScene": "DarkElvenPin",
			"theScene":	[
						   "[AttackerName] suddenly rushes at [TargetName] in a shoulder tackle!",
						   "Menu",
							"Jump! (Tech)",
							"Hold Your Ground! (Power)",
							"RUN AWAY!",
							"EndLoop"

			]
		},
		{
			"NameOfScene": "RUN AWAY!",
			"theScene": [
						"Turning around to run away in fear, [AttackerName] easily out paces you and knocks you to your hands and knees!",
						"The sudden impact knocks the air out of you, but you don't get time to worry about that when you feel the tip of her cock against your ass!",
						"PlayerSpeaks",
							"N-no wai-!",
						"ApplyStance", "Anal - Futa",
						"PlayMotionEffect", "Crash"

			]
		},
		{
			"NameOfScene": "DarkMatingPin",
			"theScene": ["[TargetName] barely takes their eyes off [AttackerName] and suddenly finds her seconds away from tackling them to the ground!",
						   "Menu",
							"DIVE LEFT! (Tech)",
							"Drop in fear! (Luck)",
							"Contest her might! (Power)",
							"You freeze up!",
						"EndLoop"
		]
		},
		{
			"NameOfScene": "DIVE LEFT! (Tech)",
			"theScene": ["You dive to the side out of reflex!",
						"StatCheck",
							"Technique", "25", "Defended3",
							"Fail", "Pinned2"]
		},
		{
			"NameOfScene": "Drop in fear! (Luck)",
			"theScene": ["You yelp and drop to the ground in shock!",
						"StatCheck",
							"Luck", "20", "Defended4",
							"Fail", "Pinned2"
			]
		},
		{
			"NameOfScene": "Contest her might! (Power)",
			"theScene": ["Hunching your posture, you rush to meet her charge!",
						 "StatCheck",
							"Power", "40", "Defended5",
							"Fail", "Pinned3"
		
		]
		},
		{
			"NameOfScene": "You freeze up!",
			"theScene": ["[ThePlayerName] freezes up in shock at her sudden charge!",
						 "Before [ThePlayerName] can muster any resistance, he's pinned beneath Schera as she presses your legs between your head.",
						 "ApplyStance", "Missionary - Futa",
						 "With a lustful glint in her eyes, she drives her hips down bottoming your ass out without mercy!",
						 "EndLoop"
		]
		},
		{
			"NameOfScene": "Defended3",
			"theScene": ["Quicly jumping to the left, you catch your fall with a roll.",
						 "then you look back just in time to see Schera crash into the wall!",
						"PlayMotionEffect", "Crash",
						"ChangeMonsterArousal", "100",
						"Wincing at sound, you wait carefully as she crawls back through the hole in the wall.",
						"Schera glares at [TargetName] and says",
						"FocusedSpeaks",
							"Now you've done it!",
							"ChangeMonsterPower", "10",
							"ClearStanceFromMonsterAndPlayer",
							"ClearNonPersistentStatusEffects",
							"EndLoop"
		]
		},
		{
			"NameOfScene": "Pinned2",
			"theScene": [	
				
						"PlayMotionEffect", "Crash",
						"In a blur of motion [ThePlayerName]'s on their back legs over Schera's muscled shoulders",
						"[ThePlayerName] swallows nervously feeling the tip of Schera's thick cock pressing against their ass",
						"ApplyStatusEffect", "Dark Mating Pin",
						"ApplyStance", "Missionary - Futa",
						"With a vicious grin Schera thrusts down making [ThePlayerName]'s legs bob limply over her shoulders as they both scream in pleasure!",
						"EndLoop"
		]

		},
		{
			"NameOfScene": "Pinned3",
			"theScene": ["[ThePlayerName] wrestles with her for a few minutes before she suddenly drops down and scoops up your legs, pulling them over her shoulder.",
						 "[ThePlayerName]'s arms swing back and forth for balance before she drops forwards, dropping you on your back!",
						 "PlayMotionEffect", "Crash",
						 "ApplyStance", "Missionary - Futa",
						 "Before [ThePlayerName] can get their bearings, a foot of futa cock is shoved up their ass without hesitation making them gasp in shock!",
						 "EndLoop"
		]
		},
		{
			"NameOfScene": "Defended4",
			"theScene": ["Your legs collapse from fear, making you fall on your back holding your chest as she sails over your head into the wall!",
							"PlayMotionEffect", "Crash",
							"ChangeMonsterArousal", "100",
						 "Tilting your head up while on your back in bemusement at the person-shaped hole in the wall behind you, you can't help but think you mght've pissed her off.",
						 "Schera comes stumbling through, glaring at you while you scramble to your feet. You start to think you made a mistake.",
						 "FocusedSpeaks",
							"You'll pay for this...",
							"She growls out as her body faintly glows.",
							"ClearNonPersistentStatusEffects",
							"ChangeMonsterPower", "10",
							"ClearStanceFromMonsterAndPlayer",
							"ClearPlayerStatusEffects",
							"EndLoop"




			]	
		},
		{
			"NameOfScene": "Defended5",
			"theScene": ["[ThePlayerName] rushes forward with gritted teeth as they wrestle against Schera's brute strength.",
						"PlayMotionEffect", "Explosion",
						"During the struggle, Schera is lifted by the arms and hurled to one side of the room, where she goes through a table!",
						"ChangeMonsterArousal", "200",
						"You stare at the broken table slightly worried, and also mildly surprised that you even pulled that off.",
						"Schera gets up, holding her head, and looks at you with a hungry expression. It seems your display of strength turned her on judging by the way she's licking her lips.",
						"ChangeMonsterPower", "15",
						"ClearStanceFromMonsterAndPlayer",
						"ClearNonPersistentStatusEffects",
						"EndLoop"
		]				 
		},
		{
			"NameOfScene": "Jump! (Tech)",
			"theScene": ["Jumping to the side, you try your hardest to avoid her!",
						"StatCheck",
							"Technique", "25", "Defended1",
							"Fail", "Pinned1"
		]
		},
		{
			"NameOfScene": "Hold Your Ground! (Power)",
			"theScene": ["Gritting your teeth, you steady yourself to take her head on!",
						"StatCheck",
							"Power", "45", "Defended2",
							"Fail", "Pinned1"
		]
		},
		{
			"NameOfScene": "Defended1",
			"theScene": ["You manage to dodge her tackle and raise your guard nervously.",
						  "ClearStanceFromMonsterAndPlayer",
						  "ClearNonPersistentStatusEffects",
						"EndLoop"]
		},
		{
			"NameOfScene": "Defended2",
			"theScene": ["Taking the attack head-on you manage to stall her charge; she gives you a shocked expression before it changes into a hungry grin.",
						"ChangeMonsterPower", "5",
						"ClearStanceFromMonsterAndPlayer",
						"ClearNonPersistentStatusEffects",
						"EndLoop"

		]
		},
		{
			"NameOfScene": "Pinned1",
			"theScene": [	
							"In the blink of an eye you find yourself on your hands and knees.",
							"Schera is on you before you are able to stand up, you try to crawl away but an arm wraps around your neck.",
							"She puts you in a chokehold before you're able to do anything as you feebly grasp at her muscled arm.",
							"PlayVisualEffect", "SuddenHaze", "Void.png",
							"ApplyStatusEffect", "Dark Elven Pin Behind",
							"Choking helplessly you gasp under Schera's embrace while grabbing desperately at her muscular arm, her pheromone-covered body causes your dick to become achingly erect.",
							"She lines her cock with your ass and slams her whole length into you, letting off your neck a little you gasp for air while she sneers down at your pitiful struggles and begins fucking your ass!",
							"ApplyStance", "Anal - Futa",
							"PlaySoundEffect", "sfx/Erotic/Sex/Piston slightly dry (low speed) 12 times.wav",
							"PlayVisualEffect", "DecreasingHaze", "Void.png",
							"Laughing at how weak you are, she pushes in and out of your abused ass with increasing power enjoying how your asphyxiation makes you to clamp down around her throbbing member.",
							"PlayMotionEffect", "ScreenSway",
							"PlayVisualEffect", "BlindingFlash", "Pink.png",
							"PlaySoundEffect2", "Ejaculation",
							"Her skilled thrusting makes your body tremble as you gasp and groan pitifully until you to cum all over the floor!",
							"PlayerOrgasm", "1",
							"Speaks",
								"Wow, What a natural slut~♥",
							"EndLoop"

		]
		},
		{
			"NameOfScene": "FutaCum1",
			"theScene": [
						"PlayLoopingSoundEffect2", "sfx/Erotic/Sex/Piston gutu overtones (high speed) 20 times.wav",
						"PlayVisualEffect", "ScreenPulse", "pink.png",
						"PlayVisualEffect2", "StartHaze", "pinkHaze.png",
						"Schera relentlessly fucks your ass with heavy clapping sounds; each time her brown cock slams into your ass, you let out a stifled moan unable to resist her technique!",
						"Her breathing begins to pick up as she fucks you faster and faster, until suddenly she hilts her cock inside of your abused ass.",
						"StopSoundEffectLoop2",
						"PlayLoopingSoundEffect", "EjaculationLong",
						"PlayVisualEffect", "OrgasmPulse", "pink.png",
						"Holding you down by your legs, she lets out a loud moan while filling you with her cum!",
						"PlayVisualEffect", "ScreenPulse", "pink.png",
						"PlayVisualEffect2", "IncreasingHaze", "pinkHaze.png",
						"Grinding her hips into [ThePlayerName]'s quivering ass, another big shot of cum fills you up until finally it overflows from your stretched anus", 
						"Both of you breathe deeply while she shudders over your smaller frame, filling you for what seems like minutes.",
						"Each thick spurt of cum makes her cock expand against your abused prostate, sending jolts of pleasure through your body.", 
						"PlaySoundEffect2", "Ejaculation",
						"PlayVisualEffect", "ScreenPulse", "pink.png",
						"Suddenly, your waist shudders as you accidentally give your self a facial.",
						"Schera laughs in amusement, reaching down and taking a dollop of cum from your face, looking at it slowly drip down she suddenly shoves the finger into your open mouth.", 
						"PlayVisualEffect2", "BlindingFlash", "pink.png",
						"PlaySoundEffect2", "Ejaculation",
						"PlayerOrgasm", "2",
						"Unable to pull away, you're forced to suck the finger clean while she keeps grinding her hips down into your prostate, making you spurt more cum out onto yourself while shuddering limply.",
						"StopSoundEffectLoop",
						"PlaySoundEffect", "sfx/Erotic/Sex/Piston gutu overtones (medium speed) 5 times.wav",
						"Letting out a breathy sigh, Schera grins, grabbing your legs tightly again, and begins to fuck you once again, aided by the new lubrication!",
						"ChangeMonsterSpirit", "1",
						"ChangeMonsterTech", "5",
						"EndLoop"] 
		},
		{
			"NameOfScene": "FutaCum2",
			"theScene": [
						"PlayLoopingSoundEffect2", "sfx/Erotic/Sex/Piston gutu overtones (high speed) 20 times.wav",
						"Panting heavily into your ear, Schera jackhammers you from behind forcing moans from you mouth with each thrust.", 
						 "With sweat on her brow, she grits her teeth and hilts herself in your jiggling ass one last time!",
						 "PlayVisualEffect", "OrgasmPulse", "pink.png",
						 "PlayVisualEffect2", "StartHaze", "pinkHaze.png",
						 "StopSoundEffectLoop",
						 "PlayLoopingSoundEffect", "EjaculationLong",
						 "Arching your back, the sudden pressure on your prostate makes you scream in pleasure, while Schera groans in pleasure as she fills ass with cum.", 
						 "StopSoundEffectLoop2",
						 "Her larger balls easily cover yours as she grinds her throbbing cock against your prostate forcing jolts of pleasure through your body.",
						 "PlaySoundEffect2", "Ejaculation",
						 "PlayVisualEffect", "OrgasmPulse", "Pink.png",
						 "You can feel her balls pulse against yours with every large spurt of semen her dick fills you with, forcing you to grasp the floor feebly from the submissive pleasure of being bred.",
						"PlayerOrgasm", "2",
						"PlayVisualEffect2", "OrgasmPulse", "pink.png",
						"With a surprised gasp, your smaller body shudders under her as your smaller cock spurts its load onto the floor.",
						"Schera laughs mockingly behind you finding amusement in how easily you're getting off from this.",
						"Both of you stay locked together as she grinds her hips into your prostate enjoying how you clamp down on her.",
						"StopSoundEffectLoop",
						"PlaySoundEffect", "sfx/Erotic/Sex/Piston gutu overtones (medium speed) 5 times",
						"Eventually cum starts to overflow from your abused ass. With a lewd sigh, Schera slaps your ass and begins to fuck you once again, enjoying the new slick sensation without showing signs of stopping!",
						"ChangeMonsterSpirit", "1",
						"ChangeMonsterTech", "5",
						"EndLoop"		]		
		},
		{
			"NameOfScene": "FutaCum3",
			"theScene": [
						"Schera easily holds your head in place while her cock violates your throat without mercy. |n|Each thrust makes you heave and choke around her girth while she uncaringly uses your convulsing throat to get off.",
						"PlayLoopingSoundEffect", "EjaculationLong",
						"Letting out a grunt, Schera's hips jerk a bit, and she sighs, her balls pulsing against your chin while her cock thickens, cutting what little bit of air you could get off.",
						"Grasping desperately at Schera's thighs as she cums in your mouth, you look into her sadistic eyes while she easily keeps your head in place.",
						"The only sound in the room is the swallowing you make as you try to not drown in cum, alongside the light sighs come from Schera as she rides out her seemingly endless orgasm.",
						 "PlayVisualEffect", "BlindingFlash", "Pink.png",
						 "PlaySoundEffect2", "Ejaculation",
						 "Despite the demeaning position something inside of you finally gives as your body shudders in pleasure from the orgasm suddenly wracking your frame, Schera grins knowingly while patting your head in a demeaning way.",
						 "PlayerOrgasm", "2",
						 "StopSoundEffectLoop",
						 "ChangeMonsterSpirit", "1",
						 "With a breathy moan, Schera slowly pulls her cock out before shoving it back, making you choke once again as she begins to fuck your face, clearly not done yet.",
						 "ChangeMonsterPower", "5",
						 "EndLoop"

			
			
			]		
		}
						  
    ]
}