{
  "name": "Ball Smother",
  "cost": "5",
  "costType": "ep",
  "requiredLevel": "0",
  "learningCost": "0",
  "skillType": "attack",
  "statType": "",
  "statusEffectScaling": "3",
  "requiredStat": "0",
  "skillTags": [ "Seduction", "Mouth" ],
  "fetishTags": [ "HypnosisAddict", "Black Cock", "Futanari" ],
  "startsStance": "",
  "requiresStance": "Irrumatio",
  "unusableIfStance": [ "Sex" ],
  "requiresTargetStance": [ "Any" ],
  "unusableIfTarget": [ "Penetration" ],
  "removesStance": [ "None" ],
  "requiresStatusEffect": "Trance",
  "requiresStatusPotency": "0",
  "unusableIfStatusEffect": [ "None" ],
  "requiresStatusEffectSelf": "None",
  "requiresStatusPotencySelf": "0",
  "unusableIfStatusEffectSelf": [ "None" ],
  "scalesWithStatusEffect": "",
  "flatDamageSF-FlatScaling": "0",
  "flatDamageSF-PercentScaling": "0",
  "totalDamageSF-PercentScaling": "0",
  "requiresPerk": [],
  "requiresOnePerk": [],
  "unusableIfPerk": [],
  "requiresPerkSelf": [],
  "requiresOnePerkSelf": [],
  "unusableIfPerkSelf": [],
  "power": "15",
  "minRange": "100",
  "maxRange": "100",
  "recoil": "0",
  "critChance": "0",
  "critDamage": "0",
  "targetType": "single",
  "accuracy": "100",
  "initiative": "0",
  "statusEffect": "Trance",
  "statusChance": "200",
  "statusDuration": "4",
  "statusPotency": "2",
  "statusResistedBy": "Willpower",
  "statusText": "",
  "descrip": "Her sweaty balls daze your mind.",
  "outcome": "Your head spins as [AttackerName] grinds her musky balls against your face",
  "miss": "She attempts to shove your face against her sweaty testicles, but you manage to keep your head away!",
  "statusOutcome": "The masculine smell coming off her makes your mind go blank as you mindlessly lick at her testicles.",
  "statusMiss": "You manage to ignore her scent.",
  "restraintStruggle": "",
  "restraintStruggleCharmed": "",
  "restraintEscaped": "",
  "restraintEscapedFail": ""
}