{
    "name": "Dark Stroking",
    "costType": "ep",
        "cost": "0",
    "requiredLevel": "0",
    "learningCost": "0",
    "skillType": "attack",
    "statType": "Allure",
    "requiredStat": "0",

    "skillTags": [ "Seduction"],
    "fetishTags": [ "Black Cock", "Futanari"],

    "startsStance": "",
    "requiresStance":  "Any",
    "unusableIfStance": [
    "Irrumatio",
    "Anal - Futa",
    "Missionary - Futa",
    "Blowjob",
    "Penetration",
    "Titfuck",
    "Face Sit"
],
    "requiresTargetStance": ["Any"],
    "unusableIfTarget": [],
    "removesStance": ["None"],

    "requiresPerk": [],
    "requiresOnePerk": [],
    "unusableIfPerk": [],
    "requiresPerkSelf": [],
    "requiresOnePerkSelf": [],
    "unusableIfPerkSelf": [],

    "requiresStatusEffect": "None",
    "requiresStatusPotency": "0",
    "unusableIfStatusEffect": ["None"],
        "unusableIfStatusPotency": ["0"],
        "requiresStatusEffectSelf": "None",
        "requiresStatusPotencySelf": "0",
        "unusableIfStatusEffectSelf": [ "None"],

        "scalesWithStatusEffect": "",
        "flatDamageSF-FlatScaling": "0",
        "flatDamageSF-PercentScaling": "0",
        "totalDamageSF-PercentScaling": "0",

    "targetType": "single",
        "accuracy": "100",
        "initiative": "0",

    "power": "10",
        "minRange": "90",
        "maxRange": "120",
    "recoil": "5",
    "critDamage": "0",
    "critChance": "0",

    "statusEffect": "Trance",
        "statusPotency": "1",
        "statusEffectScaling": "0",
        "statusDuration": "3",
        "statusChance": "120",
        "statusResistedBy": "Willpower",

    "statusText": "",
    "descrip": "She strokes her dark cock lewdly.",
    "outcome": "[AttackerName], walks towards you seductively while stroking her cock with a lecherous expression.",
    "miss": "You don't pay attention to her lower half.",
    "statusOutcome": "You find your eyes drawn to her cock more, subliminal thoughts of worshipping it are becoming harder to ignore.",
    "statusMiss": "You manage to shake off any odd thoughts you were having about her thick cock.",

    "restraintStruggle": "",
    "restraintStruggleCharmed": "",
    "restraintEscaped": "",
    "restraintEscapedFail": ""
}
