{
    "name": "Dark Mating Pin Pre",
    "cost": "10",
    "costType": "ep",
    "requiredLevel": "0",
    "learningCost": "0",
    "skillType": "attack",
    "statType": "Power",
    "statusEffectScaling": "0",
    "requiredStat": "0",
    "skillTags": ["Pain", "Ass"],
    "fetishTags": ["Black Cock", "Futanari"],
    "startsStance": "",
    "requiresStance": "Any",
    "unusableIfStance": ["Anal - Futa", "Irrumatio", "Missionary - Futa"],
    "requiresTargetStance": ["Any"],
    "unusableIfTarget": [""],
    "removesStance": ["None"],
    "requiresStatusEffect": "Trance",
    "requiresStatusPotency": "2",
    "unusableIfStatusEffect": ["None"],
    "requiresStatusEffectSelf": "None",
    "requiresStatusPotencySelf": "0",
    "unusableIfStatusEffectSelf": ["None"],
    "scalesWithStatusEffect": "",
    "flatDamageSF-FlatScaling": "0",
    "flatDamageSF-PercentScaling": "0",
    "totalDamageSF-PercentScaling": "0",
    "requiresPerk": [],
    "requiresOnePerk": [],
    "unusableIfPerk": [],
    "requiresPerkSelf": [],
    "requiresOnePerkSelf": [],
    "unusableIfPerkSelf": [],
    "power": "0",
    "minRange": "100",
    "maxRange": "100",
    "recoil": "0",
    "critChance": "0",
    "critDamage": "0",
    "targetType": "single",
    "accuracy": "100",
    "initiative": "0",
    "statusEffect": "None",
    "statusPotency": "0",
    "statusDuration": "0",
    "statusChance": "0",
    "statusResistedBy": "",
    "statusText": "",
    "descrip": "You get pinned by the Elf, prepare your anus",
    "outcome": "|f|CallCombatEventAndScene|/|ScheraCombatEvents|/|DarkMatingPin|n|",
    "miss": "[TargetName] avoids [AttackerName]'s charge!",
    "statusOutcome": "",
    "statusMiss": "",
    "restraintStruggle": "[TargetName] struggles to get out of [AttackerName]'s pin!",
    "restraintStruggleCharmed": "",
    "restraintEscaped": "[TargetName] barely manages to loosen [AttackerName]'s grip!",
    "restraintEscapedFail": "[AttackerName] hunches over [TargetName] and fucks him harder for resisting!"
  }