{
    "name": "Dark Futanari Domination",
    "cost": "5",
    "costType": "ep",
    "requiredLevel": "0",
    "learningCost": "50",
    "skillType": "attack",
    "statType": "Power",
    "requiredStat": "0",

    "skillTags": [ "Ass", "Buffs"],
    "fetishTags": [ "Futanari", "Black Cock"],

    "startsStance": "",
    "requiresStance": "Missionary - Futa",
    "unusableIfStance": ["Irrumatio", "Anal - Futa"],
    "requiresTargetStance": [ "Any"],
    "unusableIfTarget": [""],
    "removesStance": ["None"],

    "requiresPerk": [""],
    "requiresOnePerk": "",
    "unusableIfPerk": [""],
    "requiresPerkSelf": [""],
    "requiresOnePerkSelf": "",
    "unusableIfPerkSelf": [""],

    "requiresStatusEffect": "None",
    "requiresStatusPotency": "0",
    "unusableIfStatusEffect": ["None"],
        "requiresStatusEffectSelf": "None",
        "requiresStatusPotencySelf": "0",
        "unusableIfStatusEffectSelf": ["None"],

        "scalesWithStatusEffect": "",
        "flatDamageSF-FlatScaling": "0",
        "flatDamageSF-PercentScaling": "0",
        "totalDamageSF-PercentScaling": "0",

    "targetType": "Single",
        "accuracy": "100",
        "initiative": "0",

        "power": "30",
        "minRange": "90",
        "maxRange": "110",
        "recoil": "20",
    "critDamage": "0",
    "critChance": "0",

    "statusEffect": "Paralysis",
        "statusPotency": "1",
        "statusEffectScaling": "0",
        "statusDuration": "2",
        "statusChance": "90",
        "statusResistedBy": "Willpower",

    "statusText": "",
    "descrip": "Mate with the ass.",
    "outcome": "|f|CallCombatEventAndScene|/|ScheraCombatEvents|/|DarkFutanariDomination|n|",
    "miss": "[AttackerName] roughly pounds [TargetName]'s tight asshole while keeping them pinned to the ground, but [TargetName] grits their teeth and resists the pleasure!",
    "statusOutcome": "[AttackerName] gets into a rhythm and begins fucking [TargetName]'s ass even harder!",
    "statusMiss": "[TargetName] grits their teeth and tries to ignore the feeling of [AttackerName]'s huge cock!",

    "restraintStruggle": [""],
    "restraintStruggleCharmed": [""],
    "restraintEscaped": [""],
    "restraintEscapedFail": [""]
}
