{
  "name": "Dark Futa Mating",
  "cost": "0",
  "costType": "ep",
  "requiredLevel": "0",
  "learningCost": "0",
  "skillType": "attack",
  "statType": "Power",
  "statusEffectScaling": "0",
  "requiredStat": "0",
  "skillTags": ["Ass"],
  "fetishTags": ["Black Cock", "Futanari"],
  "startsStance": "",
  "requiresStance": "Boop",
  "unusableIfStance": [],
  "requiresTargetStance": ["Any"],
  "unusableIfTarget": [""],
  "removesStance": ["None"],
  "requiresStatusEffect": "None",
  "requiresStatusPotency": "0",
  "unusableIfStatusEffect": ["None"],
  "requiresStatusEffectSelf": "None",
  "requiresStatusPotencySelf": "0",
  "unusableIfStatusEffectSelf": ["None"],
  "scalesWithStatusEffect": "",
  "flatDamageSF-FlatScaling": "0",
  "flatDamageSF-PercentScaling": "0",
  "totalDamageSF-PercentScaling": "0",
  "requiresPerk": [],
  "requiresOnePerk": [],
  "unusableIfPerk": [],
  "requiresPerkSelf": [],
  "requiresOnePerkSelf": [],
  "unusableIfPerkSelf": [],
  "power": "20",
  "minRange": "90",
  "maxRange": "110",
  "recoil": "25",
  "critChance": "0",
  "critDamage": "0",
  "targetType": "2Hits",
  "accuracy": "100",
  "initiative": "0",
  "statusEffect": "Paralysis",
  "statusChance": "115",
  "statusDuration": "2",
  "statusPotency": "1",
  "statusResistedBy": "Willpower",
  "statusText": "",
  "descrip": "Dark Skinned Futanari Mating",
  "outcome": "",
  "miss": "[TargetName] grits their teeth as they are pounded by [AttackerName]",
  "statusOutcome": "[TargetName] locks up in pleasure as they subconsciously start to allow [AttackerName] to fuck them harder!",
  "statusMiss": "[TargetName] does their best to not lose against [AttackerName]'s cock!",
  "restraintStruggle": "",
  "restraintStruggleCharmed": "",
  "restraintEscaped": "",
  "restraintEscapedFail": ""
}