{
  "name": "Dark Elven Pin Behind",
  "cost": "10",
  "costType": "ep",
  "requiredLevel": "0",
  "learningCost": "0",
  "skillType": "attack",
  "statType": "",
  "statusEffectScaling": "0",
  "requiredStat": "0",
  "skillTags": ["Ass"],
  "fetishTags": ["Futanari"],
  "startsStance": "",
  "requiresStance": "Any",
  "unusableIfStance": [
    "Anal - Futa",
    "Irrumatio",
    "Prone Bone - Futa",
    "Missionary - Futa",
    "Blowjob",
    "Penetration",
    "Titfuck",
    "Face Sit"
  ],
  "requiresTargetStance": ["Any"],
  "unusableIfTarget": [],
  "removesStance": ["None"],
  "requiresStatusEffect": "Trance",
  "requiresStatusPotency": "2",
  "unusableIfStatusEffect": ["None"],
  "requiresStatusEffectSelf": "None",
  "requiresStatusPotencySelf": "0",
  "unusableIfStatusEffectSelf": ["None"],
  "scalesWithStatusEffect": "",
  "flatDamageSF-FlatScaling": "0",
  "flatDamageSF-PercentScaling": "0",
  "totalDamageSF-PercentScaling": "0",
  "requiresPerk": [],
  "requiresOnePerk": [],
  "unusableIfPerk": [],
  "requiresPerkSelf": [],
  "requiresOnePerkSelf": [],
  "unusableIfPerkSelf": [],
  "power": "0",
  "minRange": "100",
  "maxRange": "100",
  "recoil": "0",
  "critChance": "0",
  "critDamage": "0",
  "targetType": "single",
  "accuracy": "0",
  "initiative": "0",
  "statusEffect": "Restrain",
  "statusChance": "1",
  "statusDuration": "5",
  "statusPotency": "50",
  "statusResistedBy": "Power",
  "statusText": "Pin the dazed target down from behind",
  "descrip": "Pin the dazed target down from behind",
  "outcome": "",
  "miss": "[AttackerName] tries and fails to pin [TargetName] from behind!",
  "statusOutcome": "",
  "statusMiss": "",
  "restraintStruggle": "[TargetName] tries to get out of [AttackerName]'s grip!",
  "restraintStruggleCharmed": "",
  "restraintEscaped": "[TargetName] manages to pull the arm off his throat and crawl away while taking deep breaths.",
  "restraintEscapedFail": "Laughing in derision, [AttackerName] makes [TargetName] gasp for air as she fucks him even harder!"
}