{
  "name": "Dominating Face Fuck",
  "cost": "0",
  "costType": "ep",
  "requiredLevel": "0",
  "learningCost": "0",
  "skillType": "attack",
  "statType": "Power",
  "statusEffectScaling": "0",
  "requiredStat": "0",
  "skillTags": ["Mouth"],
  "fetishTags": ["Black Cock", "Futanari"],
  "startsStance": [""],
  "requiresStance": "Irrumatio",
  "unusableIfStance": [""],
  "requiresTargetStance": ["Any"],
  "unusableIfTarget": [""],
  "removesStance": ["None"],
  "requiresStatusEffect": "Restrain",
  "requiresStatusPotency": "0",
  "unusableIfStatusEffect": ["None"],
  "requiresStatusEffectSelf": "None",
  "requiresStatusPotencySelf": "0",
  "unusableIfStatusEffectSelf": ["None"],
  "scalesWithStatusEffect": "",
  "flatDamageSF-FlatScaling": "0",
  "flatDamageSF-PercentScaling": "0",
  "totalDamageSF-PercentScaling": "0",
  "requiresPerk": [],
  "requiresOnePerk": [],
  "unusableIfPerk": [],
  "requiresPerkSelf": [],
  "requiresOnePerkSelf": [],
  "unusableIfPerkSelf": [],
  "power": "50",
  "minRange": "100",
  "maxRange": "100",
  "recoil": "50",
  "critChance": "0",
  "critDamage": "0",
  "targetType": "2Hits",
  "accuracy": "0",
  "initiative": "0",
  "statusEffect": "None",
  "statusChance": "0",
  "statusDuration": "0",
  "statusPotency": "0",
  "statusResistedBy": "",
  "statusText": "",
  "descrip": "",
  "outcome": "|f|CallCombatEventAndScene|/|ScheraCombatEvents|/|DominatingFaceFuck|n|",
  "miss": "[TargetName] feebly pushes against [AttackerName]'s thick thighs to catch their breath.",
  "statusOutcome": "",
  "statusMiss": "",
  "restraintStruggle": [
    ""
  ],
  "restraintStruggleCharmed": [
    ""
  ],
  "restraintEscaped": [
    ""
  ],
  "restraintEscapedFail": [
    ""
  ]
}