{
    "name": "Finishing Pin",
    "cost": "5",
    "costType": "ep",
    "requiredLevel": "0",
    "learningCost": "50",
    "skillType": "attack",
    "statType": "Power",
    "requiredStat": "0",

    "skillTags": [ "Ass", "Buffs"],
    "fetishTags": [ "Futanari", "Black Cock"],

    "startsStance": "",
    "requiresStance": "Missionary - Futa",
    "unusableIfStance": ["Irrumatio", "Anal - Futa"],
    "requiresTargetStance": [ "Any"],
    "unusableIfTarget": [""],
    "removesStance": ["None"],

    "requiresPerk": [""],
    "requiresOnePerk": "",
    "unusableIfPerk": [""],
    "requiresPerkSelf": [""],
    "requiresOnePerkSelf": "",
    "unusableIfPerkSelf": [""],

    "requiresStatusEffect": "Trance",
    "requiresStatusPotency": "8",
    "unusableIfStatusEffect": ["None"],
        "requiresStatusEffectSelf": "None",
        "requiresStatusPotencySelf": "0",
        "unusableIfStatusEffectSelf": ["None"],

        "scalesWithStatusEffect": "",
        "flatDamageSF-FlatScaling": "0",
        "flatDamageSF-PercentScaling": "0",
        "totalDamageSF-PercentScaling": "0",

    "targetType": "single",
        "accuracy": "100",
        "initiative": "100",

        "power": "0",
        "minRange": "90",
        "maxRange": "110",
        "recoil": "0",
    "critDamage": "0",
    "critChance": "0",

    "statusEffect": "Trance",
        "statusPotency": "7",
        "statusEffectScaling": "0",
        "statusDuration": "4",
        "statusChance": "125",
        "statusResistedBy": "Willpower",

    "statusText": "",
    "descrip": "Mate with the ass.",
    "outcome": "|f|CallCombatEventAndScene|/|ScheraCombatEvents|/|Finishing Pin|n|",
    "miss": "",
    "statusOutcome": "",
    "statusMiss": "",

    "restraintStruggle": [""],
    "restraintStruggleCharmed": [""],
    "restraintEscaped": [""],
    "restraintEscapedFail": [""]
}
