{
  "name": "Heavy Cock Slap",
  "cost": "0",
  "costType": "ep",
  "requiredLevel": "0",
  "learningCost": "0",
  "skillType": "attack",
  "statType": "",
  "statusEffectScaling": "0",
  "requiredStat": "0",
  "skillTags": [ "Pain" ],
  "fetishTags": [ "Futanari", "Black Cock" ],
  "startsStance": "",
  "requiresStance": "None",
  "unusableIfStance": [
    "Anal - Futa",
    "Irrumatio",
    "Missionary - Futa",
    "Blowjob",
    "Penetration",
    "Titfuck",
    "Face Sit"
  ],
  "requiresTargetStance": [ "Any" ],
  "unusableIfTarget": [],
  "removesStance": [ "None" ],
  "requiresStatusEffect": "None",
  "requiresStatusPotency": "0",
  "unusableIfStatusEffect": [ "Stun" ],
  "requiresStatusEffectSelf": "None",
  "requiresStatusPotencySelf": "0",
  "unusableIfStatusEffectSelf": [ "None" ],
  "scalesWithStatusEffect": "",
  "flatDamageSF-FlatScaling": "0",
  "flatDamageSF-PercentScaling": "0",
  "totalDamageSF-PercentScaling": "0",
  "requiresPerk": [],
  "requiresOnePerk": [],
  "unusableIfPerk": [],
  "requiresPerkSelf": [],
  "requiresOnePerkSelf": [],
  "unusableIfPerkSelf": [],
  "power": "15",
  "minRange": "100",
  "maxRange": "100",
  "recoil": "0",
  "critChance": "20",
  "critDamage": "20",
  "targetType": "single",
  "accuracy": "0",
  "initiative": "0",
  "statusEffect": "Stun",
  "statusChance": "100",
  "statusDuration": "3",
  "statusPotency": "3",
  "statusResistedBy": "Power",
  "statusText": "",
  "descrip": "You get cock slapped",
  "outcome": "With a cocky smirk, [AttackerName] slaps you across the face with her throbbing member!",
  "miss": "While stroking her cock, [AttackerName] suddenly swings it towards you but you step back.",
  "statusOutcome": "A feeling of submission comes over you as you lock up in front of Schera!",
  "statusMiss": "You gasp but try your best to ignore the mounting feeling of submission filling you.",
  "restraintStruggle": "",
  "restraintStruggleCharmed": "",
  "restraintEscaped": "",
  "restraintEscapedFail": ""
}