{
  "name": "Hypnotic Blowjob",
  "cost": "10",
  "costType": "ep",
  "requiredLevel": "0",
  "learningCost": "0",
  "skillType": "attack",
  "statType": "",
  "statusEffectScaling": "0",
  "requiredStat": "0",
  "skillTags": [ "Mouth" ],
  "fetishTags": [ "HypnosisAddict", "Black Cock", "Futanari" ],
  "startsStance": "",
  "requiresStance": "Irrumatio",
  "unusableIfStance": [],
  "requiresTargetStance": [ "Any" ],
  "unusableIfTarget": [],
  "removesStance": [ "None" ],
  "requiresStatusEffect": "None",
  "requiresStatusPotency": "0",
  "unusableIfStatusEffect": [ "None" ],
  "requiresStatusEffectSelf": "None",
  "requiresStatusPotencySelf": "0",
  "unusableIfStatusEffectSelf": [ "None" ],
  "scalesWithStatusEffect": "",
  "flatDamageSF-FlatScaling": "0",
  "flatDamageSF-PercentScaling": "0",
  "totalDamageSF-PercentScaling": "0",
  "requiresPerk": [],
  "requiresOnePerk": [],
  "unusableIfPerk": [],
  "requiresPerkSelf": [],
  "requiresOnePerkSelf": [],
  "unusableIfPerkSelf": [],
  "power": "30",
  "minRange": "100",
  "maxRange": "100",
  "recoil": "30",
  "critChance": "0",
  "critDamage": "0",
  "targetType": "single",
  "accuracy": "100",
  "initiative": "0",
  "statusEffect": "Trance",
  "statusChance": "300",
  "statusDuration": "3",
  "statusPotency": "1",
  "statusResistedBy": "Willpower",
  "statusText": "",
  "descrip": "You're hypnotized.",
  "outcome": "You find yourself unintentionally sucking on her sweaty member as she fucks your face.",
  "miss": "You do your best to keep her from thrusting in your mouth",
  "statusOutcome": "You feel dazed and unable to think as you suck her salty member.",
  "statusMiss": "You try to keep yourself together and ignore the salty taste of her member.",
  "restraintStruggle": "",
  "restraintStruggleCharmed": "",
  "restraintEscaped": "",
  "restraintEscapedFail": ""
}