{
  "name": "Musky Irrumatio",
  "cost": "10",
  "costType": "ep",
  "requiredLevel": "0",
  "learningCost": "0",
  "skillType": "attack",
  "statType": "",
  "statusEffectScaling": "0",
  "requiredStat": "0",
  "skillTags": ["Mouth"],
  "fetishTags": ["Black Cock", "Futanari"],
  "startsStance": "Irrumatio",
  "requiresStance": "Any",
  "unusableIfStance": [
  "Anal - Futa", 
  "Missionary - Futa",
  "Blowjob",
  "Penetration",
  "Titfuck",
  "Face Sit"
],
  "requiresTargetStance": ["Any"],
  "unusableIfTarget": ["Penetration"],
  "removesStance": ["Sex"],
  "requiresStatusEffect": "Trance",
  "requiresStatusPotency": "1",
  "unusableIfStatusEffect": ["None"],
  "requiresStatusEffectSelf": "None",
  "requiresStatusPotencySelf": "0",
  "unusableIfStatusEffectSelf": ["None"],
  "scalesWithStatusEffect": "",
  "flatDamageSF-FlatScaling": "0",
  "flatDamageSF-PercentScaling": "0",
  "totalDamageSF-PercentScaling": "0",
  "requiresPerk": [],
  "requiresOnePerk": [],
  "unusableIfPerk": [],
  "requiresPerkSelf": [],
  "requiresOnePerkSelf": [],
  "unusableIfPerkSelf": [],
  "power": "20",
  "minRange": "100",
  "maxRange": "100",
  "recoil": "0",
  "critChance": "0",
  "critDamage": "0",
  "targetType": "single",
  "accuracy": "70",
  "initiative": "0",
  "statusEffect": "None",
  "statusChance": "0",
  "statusDuration": "0",
  "statusPotency": "0",
  "statusResistedBy": "",
  "statusText": "",
  "descrip": "Dark meat in your mouth",
  "outcome": "She Grins seductively at her dazed opponate and forces their cock down your throat!",
  "miss": "[TargetName] avoids [AttackerName]'s grabs!",
  "statusOutcome": "",
  "statusMiss": "",
  "restraintStruggle": "",
  "restraintStruggleCharmed": "",
  "restraintEscaped": "",
  "restraintEscapedFail": ""
}