{
  "name": "Rough Grappling",
  "cost": "0",
  "costType": "ep",
  "requiredLevel": "0",
  "learningCost": "0",
  "skillType": "attack",
  "statType": "",
  "statusEffectScaling": "0",
  "requiredStat": "0",
  "skillTags": ["Seduction"],
  "fetishTags": ["Foreplay"],
  "startsStance": "",
  "requiresStance": "Any",
  "unusableIfStance": [
  "Irrumatio",
  "Anal - Futa",
  "Missionary - Futa",
  "Blowjob",
  "Penetration",
  "Titfuck",
  "Face Sit"
],
  "requiresTargetStance": ["Any"],
  "unusableIfTarget": [],
  "removesStance": ["None"],
  "requiresStatusEffect": "None",
  "requiresStatusPotency": "0",
  "unusableIfStatusEffect": ["None"],
  "requiresStatusEffectSelf": "None",
  "requiresStatusPotencySelf": "0",
  "unusableIfStatusEffectSelf": ["None"],
  "scalesWithStatusEffect": "",
  "flatDamageSF-FlatScaling": "0",
  "flatDamageSF-PercentScaling": "0",
  "totalDamageSF-PercentScaling": "0",
  "requiresPerk": [],
  "requiresOnePerk": [],
  "unusableIfPerk": [],
  "requiresPerkSelf": [],
  "requiresOnePerkSelf": [],
  "unusableIfPerkSelf": [],
  "power": "10",
  "minRange": "100",
  "maxRange": "100",
  "recoil": "0",
  "critChance": "0",
  "critDamage": "0",
  "targetType": "single",
  "accuracy": "100",
  "initiative": "0",
  "statusEffect": "Charm",
  "statusChance": "75",
  "statusDuration": "5",
  "statusPotency": "1",
  "statusResistedBy": "Willpower",
  "statusText": "Smelly",
  "descrip": "You're wrestling each other",
  "outcome": "[AttackerName] tries to knock you over, but you hold you ground as shoving back against her sweaty body.",
  "miss": "She rushes at [TargetName] but [TargetName] jumps back staying away!",
  "statusOutcome": "During the struggle your head is pressed between her sweaty breasts, the intense smell causes you to hump mindlessly against her toned thighs.",
  "statusMiss": "During the struggle she attempts to shove your head between her breasts, but you manage to keep away!",
  "restraintStruggle": "",
  "restraintStruggleCharmed": "",
  "restraintEscaped": "",
  "restraintEscapedFail": ""
}