{
  "name": "Sweaty Body",
  "cost": "5",
  "costType": "ep",
  "requiredLevel": "0",
  "learningCost": "0",
  "skillType": "statusEffect",
  "statType": "Allure",
  "statusEffectScaling": "0",
  "requiredStat": "0",

  "skillTags": [ "Seduction" ],
  "fetishTags": [ "Indulgent" ],
  "startsStance": "",
  "requiresStance": "None",
  "unusableIfStance": [ "" ],
  "requiresTargetStance": [ "Any" ],
  "unusableIfTarget": [ "" ],
  "removesStance": [ "None" ],
  "requiresStatusEffect": "None",
  "requiresStatusPotency": "0",
  "unusableIfStatusEffect": [ "None" ],
  "requiresStatusEffectSelf": "None",
  "requiresStatusPotencySelf": "0",
  "unusableIfStatusEffectSelf": [ "None" ],
  "scalesWithStatusEffect": "",
  "flatDamageSF-FlatScaling": "0",
  "flatDamageSF-PercentScaling": "0",
  "totalDamageSF-PercentScaling": "0",
  "requiresPerk": [],
  "requiresOnePerk": [],
  "unusableIfPerk": [],
  "requiresPerkSelf": [],
  "requiresOnePerkSelf": [],
  "unusableIfPerkSelf": [],
  "power": "10",
  "minRange": "90",
  "maxRange": "110",
  "recoil": "0",
  "critChance": "0",
  "critDamage": "0",
  "targetType": "single",
  "accuracy": "100",
  "initiative": "0",
  "statusEffect": "Trance",
  "statusChance": "120",
  "statusDuration": "3",
  "statusPotency": "1",
  "statusResistedBy": "Willpower",
  "statusText": "",
  "descrip": "Her sweaty body makes you want to give in.",
  "outcome": "waves of pheromones waft from her body.",
  "miss": "You try to not breathe in the her pheromones.",
  "statusOutcome": "Gazing at her glistening abs, you swallow nervously at her.",
  "statusMiss": "you manage to keep it together as you breathe in her scent.",
  "restraintStruggle": "",
  "restraintStruggleCharmed": "",
  "restraintEscaped": "",
  "restraintEscapedFail": ""
}