{
    "name": "Ambers Services",
    "CardType": "",
    "CardLimit": "0",
    "Description": "",
    "requires": [ ""],
    "Speakers": [
        {
            "name": "Amber",
            "postName": "",
            "SpeakerType": "Monster"
        },
        {
            "name": "Elena",
            "postName": "",
            "SpeakerType": "Monster"
        },
        {
          "name": "Adventurer 1",
          "postName": "",
          "SpeakerType": "?"
        },
        {
          "name": "Adventurer 2",
          "postName": "",
          "SpeakerType": "?"
        },
        {
          "name": "Adventurers",
          "postName": "",
          "SpeakerType": "?"
        }
    ],
    "EventText": [
          {
            "NameOfScene": "More Questions 1",
            "theScene": [
                        "IfChoice", "2", "BlowjobDone", "More Questions 2",
                        "ChangeImageLayer", "Clothing", "1", "FutaClothed",
                        "ChangeImageLayer", "Face", "1", "Blush",
                        "ChangeImageLayer", "Expression", "1", "Smirk",
                        "Amber leans against the wall behind the counter watching you closely, you swear she was watching your ass for a second.",
                        "Speaks",
                        "If you got something to say then spit it out already.",
                        "Menu",
                          "A large bulge",
                          "Any idea how this is happening anyway?",
                          "Nevermind.",
                        "EndLoop"]       
          },
          {
            "NameOfScene": "AmbersCorruption",
            "theScene": [
            "Menu",
            "A large bulge",
            "Any idea how this is happening anyway?",
            "Nevermind.",
                    "EndLoop"]       
          },
          {
            "NameOfScene": "A large bulge",
            "theScene": [
              "IfChoice", "2", "BlowjobDone", "Serving Amber",
              "You glance at her tight pants, you can clearly see something pushing against the practically painted on material.",
              "ChangeImageLayer", "Face", "1", "Base",
              "ChangeImageLayer", "Expression", "1", "Annoyed",
              "Speaks",
              "You see something you like you pervert? I knew you were bad but I didn't think you oogle anyone that catches your eyes",
              "You swallow nervously and ask if she's been affected by the Futa-wave that's hit the town.",
              "ChangeImageLayer", "Expression", "1", "Base",
              "Speaks",
              "Oh yeah definitely, just went to sleep and woke up one day packing heat, I don't get the fuss the others have it's pretty handy to have.",
              "ChangeImageLayer", "Expression", "1", "Bashful",
              "Speaks",
              "Especially since fucking is really the only way to defend yourself around here, and I can get my goods cheaper by giving the deliverers a good dicking so I won't complain.",
              "ChangeImageLayer", "Expression", "1", "Smirk",
              "ChangeImageLayer", "Face", "1", "Blush",
              "You blush and look away a little hearing that, you've always thought Amber wouldn't really do that, while you do Amber's eyes roam your figure and she licks her lips.",
              "ChangeImageLayer", "Expression", "1", "Dominant",
              "Speaks",
             "Well, if you've been having trouble against the newer threats out there I can... teach you a few things.",
              "She grabs the bulge in her pants making no allusions as to what she's talking about.",
              "Speaks",
              "Well, want to give it a go?",
              "Menu",
                "I... Okay.",
                "No, I don't think I'm ready for that.",
              "EndLoop"
            ]
          },
          {
            "NameOfScene": "I... Okay.",
            "theScene": [
    
                        "SetChoice", "2", "BlowjobDone",
                        "JumpToScene", "BlowingAmber"
          ]        
          },
          {
            "NameOfScene": "No, I don't think I'm ready for that.",
            "theScene": [ 
                          "ChangeImageLayer", "Face", "1", "Base",
                          "ChangeImageLayer", "Expression", "1", "Annoyed",
                          "Speaks",
                            "Whatever you have to tell yourself, pervert.",
                          "JumpToEventThenScene", "Enter 'Amber's Adventuring Shop'", "TalkMenu"]
          },
          {
            "NameOfScene": "More Questions 2",
            "theScene": [
              "ChangeImageLayer", "Clothing", "1", "FutaClothed",
              "ChangeImageLayer", "Face", "1", "Blush",
              "ChangeImageLayer", "Expression", "1", "Smirk",
              "Amber shamefully oogles your body, you're fully aware of what she's probably thinking as she looks at your lips, and then has her eyes drop to your hips.",
              "Menu",
              "Serving Amber",
              "Any idea how this is happening anyway?",
              "Nevermind.",
            "EndLoop"]
          },
          {
            "NameOfScene": "Serving Amber",
            "theScene": [
              "ChangeImageLayer", "Expression", "1", "Lustful",
              "Speaks",
              "Want me to teach you something else?",
              "Menu",
              "Service Menu",
              "Nah, I'm good.",
            "EndLoop"]
          },
          {
            "NameOfScene": "Any idea how this is happening anyway?",
            "theScene": [
                  "ChangeImageLayer", "Face", "1", "Base",
                  "ChangeImageLayer", "Expression", "1", "Base",
                  "Speaks",
                  "Who knows, does it look like I really care?",
                  "She shrugs at you as if asking 'what were you expecting?'",
                  "JumpToScene", 
                  "More Questions 1"
            ] 
          },
          {
            "NameOfScene": "Nevermind.",
            "theScene": ["JumpToEventThenScene", "Enter 'Amber's Adventuring Shop'", "TalkMenu"]
          },
          {
            "NameOfScene": "Nah, I'm good.",
            "theScene": [
              "You shake your head feeling unsure about willingly doing this, it's kinda gay.",
              "ChangeImageLayer", "Face", "1", "Base",
              "ChangeImageLayer", "Expression", "1", "Annoyed",
              "Speaks",
              "Fine whatever, pretend all you want pervert.",
              "JumpToScene", "More Questions 2"
          ] 
          },
          {
            "NameOfScene": "Service Menu",
            "theScene": [
              "IfChoice", "3", "BendOver1", "Service Menu2",
              "ChangeImageLayer", "Face", "1", "Blush",
              "ChangeImageLayer", "Expression", "1", "Lustful",
              "Speaks",
              "Can't forget about me eh?",
              "Menu",
              "Give Amber another blowjob",
              "Ambers Anal Training",
              "No thanks.",
              "EndLoop"
          ]     
          },
          {
            "NameOfScene": "Give Amber another blowjob",
            "theScene": [
              "JumpToScene", "BlowingAgain1"
          
          ]
          },
          {
            "NameOfScene": "Ambers Anal Training",
            "theScene": [
                        "SetChoice", "3", "BendOver1",
                        "JumpToScene", "AmbersAnalTraining1"
          ]       
          },
          {
            "NameOfScene": "Service Menu2",
            "theScene": [
              "ChangeImageLayer", "Expression", "1", "Dominant",
              "ChangeImageLayer", "Face", "1", "Blush",
              "Speaks",
                "You've sure become eager, I suppose I can't make fun of Vivian for corrupting the idiots who come here.",
                "Menu",
                  "Give Amber Another blowjob",
                  "Ask Amber to fuck your ass again",
                  "No thanks.",
                "EndLoop"
      
            ] 
          },
        {
          "NameOfScene": "Ask Amber to fuck your ass again",
          "theScene": [
            "JumpToScene", "AmbersAnalTrainingRepeat1"
          
          ]
        },
        {
          "NameOfScene": "No thanks.",
          "theScene": [
            "ChangeImageLayer", "Face", "1", "Base",
            "ChangeImageLayer", "Expression", "1", "Annoyed",
            "You change your mind making Amber frown",
        "JumpToEventThenScene", "Enter 'Amber's Adventuring Shop'", "TalkMenu"]
        },
        {
            "NameOfScene": "BlowingAmber",
            "theScene": [
                "ChangeBGM", "music/Loss/Do not yarn.mp3",
                "ChangeImageLayer", "Expression", "1", "Smirk",
                "Amber saunters past you towards the door, and casually flips the sign at the front to say 'Closed' before walking back",
                "She stops in the middle of her shop, watching you like a hawk; you feel like a piece of meat before a monster as she eyes your body up.",
                "Seeming satisfied with what she sees, she walks towards a nearby chair and sits down. |n|Spreading her legs, she looks back at you with a sadistic glint in her acidic eyes.",
                "Speaks",
                "Well? Get over here.",
                "You start walking towards her, but before you can make a step a sharp order stops you.",
                "ChangeImageLayer", "Expression", "1", "Lustful",
                "Speaks",
                "What are you doing? Crawl here. Or this is over.",
                "You stop momentarily shocked, and then blushing brightly you bite your lip. |n|Resigned you drop to your hands and knees, crawling across the room towards Amber you stew in your humiliation",
                "She watches all of this with satisfaction until you finally reach between her legs, the bulge in her tight pants is larger than ever straining against her tight pants.",
                "Speaks",
                "Are you just going to sit there? Unzip my pants and take it out. |n|This is a learning experience after all, I bet not all of your enemies will be naked.",
                "You're not sure about that logic, but decide arguing with her wouldn't end well either. |n|Reaching down, you start to fiddle with the zipper of her pants.",
                "PlaySoundEffect", "../Mods/FutaDOM/Audio/Effects/slap-hit-104981.mp3",
                "PlayMotionEffect", "CrashSmol",
                "ChangeImageLayer", "Expression", "1", "Dominant",
                "ChangeImageLayer", "Base", "1", "FutaBase",
                "ChangeImageLayer", "Clothing", "1", "FutaUnzipped",
                "ChangeImageLayer", "FutaCock", "1", "Cock",
                "Her mostly hard cock flops out, slapping against your face making you blink in shock at the sudden heavy impact. |n|Looking up from your half-blocked vision, you can see Amber probably knew this would happen going by the smug look she's sporting.",
                "Speaks",
                "Now start licking; no hands. I'm sure a pervert like you has beat off enough to know how to give a handjob already anyways.",
                "You scowl at the insuation and look at the pale piller of a cock she's sporting, swallowing nervously it's size this close is intimidating. |n|It's at least nine inches, hesitantly you try licking the vein in the back and flinch as it twitches in response to your hot breath.",
                "Amber just watches, not adding commentary as you finally work the nerve up to begin.",
                "PlayLoopingSoundEffect", "BlowjobLicking",
                "Finally you start licking her slowly up shaft making your way to the head, before going back down. |n|Working at a steady pace, you make your way up and then back down once again until you see something that makes you stop—a small bead of pre-cum on the tip.",
                "ChangeImageLayer", "Expression", "1", "Excited",
                "Biting your lip, you go up and lick the tip of her cock, tasting the salty fluid on your tongue. |n|Amber makes her first noise with a soft gasp, while her cock twitches against your tongue. With a strange sense of satisfaction, you work your way back down the shaft.",
                "Speaks",
                "Don't forget my balls either, really for someone with a dick you sure are forgetful. |n|Clean them well, I've been working all day so they're sweaty I bet~",
                "Moving your way back down between her toned thighs, you're surprised at how big they are. |n|Whatever hit all the women on this continent sure didn't half-ass what it gave them.",
                "The thought makes you think back to the statue causing you shudder a bit, you're sure the primodial terror you felt back then will haunt you for years. |n|Shaking the memory away you smell the dizzying scent of her sweaty balls before taking one of her them into your mouth.",
                "Sucking and running your tongue around it salty taste of her sweat and something else you can't quiet describe fills your mouth. |n|You're ashamed to admit, even in your head that you like it.",
                "Speaks",
                "That's it; don't forget the other one.",
                "Obediently, you stop sucking with a loud pop and take the other one. |n|Running your tongue over the veins the musk is so intense you feel light headed for a second. |n|As you take a second to collect yourself something drips on your forehead, glancing up at the piller of flesh you can see it's practically drooling precum now.",
                "StopSoundEffectLoop",
                "Slowly it runs down the shaft looking like a viscous glue, you shudder at the idea trying to swallow that down.", 
                "PlayLoopingSoundEffect", "BlowjobLicking",
                "Continuing to suck her balls you, start finding submissive pleasure in how it drips down onto you.",
                "Amber lets out a breathy sigh while her cock twitches again spurting out more pre, this time a jet of it finds its way into your hair. |n|'It's almost like she's marking you with her scent', you think as you pop her balls back out of your mouth, taking a deep breath of her musk you begin licking your way back up.",
                "Taking extra care to clean off every drop that made its way down, no sign of the reluctance you've had before is on your face.",
                "Stopping hesitantly at the head of her drooling cock, you work up your courage and run your tongue in a circle around it, swallowing down the thick fluid pouring out.", 
                "The taste is bitter but somehow not too unpleasent; swallowing with effort, you look into Amber's eyes and a jolt of fear runs through your spine.",
                "ChangeImageLayer", "Expression", "1", "Horny",
                "Speaks",
                "Now start sucking, having someone clumsily lick you might be enough to get you off, but someone who isn't a quickshot won't be so easy.",
                "She mocks you while nudging your painfully hard member with her boot, unintentionally you hump her foot making her let out a sharp laugh.",
                "Speaks",
                  "What a hopeless case you are, truly a depraved person.",
                "You can't help but shudder at the cutting insults, from the sound of her voice you feel like she's about to forget this lesson and bend you over the nearest surface.",
                "Swallowing nervously, You decide not to give her a reason to do that and obediently start taking as much of her member as you can into your mouth.",
                "Your jaw can barely even take it all, it's girth almost being too much for you.",
                "StopSoundEffectLoop",
                "PlayLoopingSoundEffect", "BlowjobSucking",
                "Steeling yourself, you take the head into the back back of your mouth and gag pathetically for your trouble. |n|Wincing, you realize you're not even half way down its length and your jaw is feeling tired already. |n|Wincing you try again but have to stop when your teeth starts rubbing against her thick shaft, Ambers hand grasps your hair painfully in warning making you flinch.",
                "The idea of that accidentally biting her terrifies you, you'd rather not know what Amber would do to 'punish' you for that fuck up.",
                "ChangeImageLayer", "Expression", "1", "Contempt",
                "Looking up, Amber almost looks disappointed. |n|You try going deeper, only managing one more inch before sputtering around her again with a wet cough, taking a second you bracing your hands on her strong thighs.",
                "Speaks",
                "You need to relax your throat; just do it a bit at a time.",
                "Mildly surprised at the genuine tone of her advice, you nod and pull back to try again.",
                "Trying to relax your throat like she said, you brace yourself and then shove your head down. |n|A loud retching sound fills the shop, but this time you manage two more inches before stopping, you're surprised that you've gotten a little over half of her member into your mouth.",
                "Tears begin welling up in your eyes and you swallow around the thick shaft in prying open throat, the sudden pressure causes Amber to let out a sharp breath as she bucks forward suddenly making you gag again.", 
                "Glancing up you see that Amber still has a straight face, as if you've had no effect on her.",
                "Speaks",
                "That's all?",
                "Disappointment fills you, and as you try to pull off to breathe a gloved hand on your head holds you in place. |n|Shuddering at the way she's handling you, you swallow reflexively around her member again as more tears drip down your face.",
                "Speaks",
                "I suppose some things just need to be done more... hands-on. |n|Yes, I imagine you're the type to learn better by doing, better relax your throat now.",
                "ChangeImageLayer", "Expression", "1", "Dominant",
                "The only thing betraying how obviously excited she is about the prospect of destroying your throat, is the sudden twitching of her cock in your mouth as it coats your tongue in more salty pre-cum.",
                "Opening your eyes wide in concern, your hands push against her still-covered thighs and try to push her away, but Amber is surprisingly strong. |n|She effortless keeps you in place and begins to slowly pull your head down without mercy.",
                "StopSoundEffectLoop",
                "PlayLoopingSoundEffect", "BlowjobDeepSuction",
                "Amber starts groaning softly above you, and you can see her pubic hair slowly approaching while you gasp and cough, unable to stop her slow descent into your tight throat. |n|Slowly and viciously it plunges into your throat, your neck slightly bulges out showing its outline from the sheer girth.",
                "With one last wet cough and sputter, you feel her now wet balls press against your chin as your nose is trapped in her pubes. |n|Holding your head in place with one hand, her other goes down and wraps around your throat feeling your slightly distended neck.",
                "ChangeImageLayer", "Expression", "1", "Lewd",
                "Giving it a rub, her shaft twitches in your throat depositing precum in your stomach, it's clear to you that she's getting off from this.", 
                "Amber lets go with a light sigh while grinding her hips forward, enjoying sloppy expression on your face with an almost adoring look.",
                "You're not sure how to feel about this being the nicest look she's ever given you, considering the circumstances.",
                "Swallowing again around her cock once again, you feel it twitch depositing even more precum. |n|Amber sighs again and adjusts her legs sitting wider while leaning back in the chair.", 
                "Her balls pulse against your chin everytime it twitches in your throat, and it feels surprisingly intimate you realize while your eyes begin going lidded as you grow comfertable between her legs.",
                "Ambers boot rubs against your dick, it's been diamonds this entire time and you shudder pathetically while grinding your hips into her leg.",
                "With a moan Amber slowly pulls you off her cock, each slimey inch is shocking to you and you find it hard to believe you even took all that.",
                "Pulling out until only the head head of it in your mouth, pre-cum drools constantly as your tongue runs over it reflexively, making you swallow it down.",
                "Deprecatingly, you can't help but realize that you've already grown to enjoy the taste of her.",
                "A wet {i}pop{/i} is heard as she yanks the rest out of your mouth, coughing violently you take deep breaths as she lays her sticky cock on your face covering a large portion of your head.",
                "With a smug grin, she grabs your hair and pulls you back just enough to shove it back in without any hesitation",
                "StopSoundEffectLoop",
                "PlayLoopingSoundEffect", "BlowjobDeepSuction",
                "However, this time she keeps pushing your head back down without stopping as you retch loudly once again. |n|Before you know it, all nine inches are back in your throat while you're sputtering around her once again.",
                "ChangeImageLayer", "Expression", "1", "Horny",
                "Speaks",
                "By the time we're done here, you won't have a gag reflex. |n|Well, at the very least I'll make sure you can suppress it while focusing.",
                "She tries to come off as clinical about it, but it's obvious she's enjoying every second of this while you're slowly brought back up and then down again. |n|Feebly pawing at her thighs every time you deepthroat her cock, your own twitches in your pants, bitterly you resign yourself to the realization that you're getting off to being choked out.",
                "The idea that you might be into getting used as a fleshlight by cute girls is a worrying one considering the current state of things, but you don't get long to dwell on it before you're shoved back down her once again making you loudly heave once again.",
                "ChangeImageLayer", "Expression", "1", "Lewd",
                "You're unsure how long you were in her quiet shop, loudly gagging and coughing on her in plain view. |n|Eventually you hear a hitched breath, and before you can question it, her hips thrust forward mercilessly slamming her cock home with a lewd slapping.",
                "StopSoundEffectLoop",
                "PlayLoopingSoundEffect", "EjaculationLong",
                "PlayLoopingSoundEffect2", "sfx/Erotic/Sucking/gulp.mp3",
                "ChangeImageLayer", "Expression", "1", "Orgasm",
                "Feeling her balls pulsing against your chin, you realize she's cumming down your throat.",
                "PlayVisualEffect", "SuddenHaze", "Void.png",
                "You're down there for about thirty seconds, and just as your vision starts getting black spots in it, she starts pulling your head back.",
                "PlayVisualEffect", "BlindingFlash", "Pink.png",
                "The lack of air makes you shudder in masochistic pleasure and embarrassingly, you realize your pants are wet from your own ejaculation.",
                "Slowly Amber starts pulling her hips back, coating the rest of your mouth with her salty cum.",
                "Swallowing without any thought to it, you subconsciously find yourself wanting more of her bitter flavor as the rest of still cumming member is yanked out of your mouth.",
                "Taking deep breaths from almost passing out, Amber aims her still-cumming shaft at your face, each rope covering more and more while you catch your breath.",
                "StopSoundEffectLoop",
                "StopSoundEffectLoop2",
                "ChangeImageLayer", "Expression", "1", "Horny",
                "Speaks",
                "Adequate, I suppose.",
                "You look up at the sadistic shopkeeper, and realize she's still as hard as ever when she slaps your cum-covered face with it.",
                "Speaks",
                "Clean it with your tongue.",
                "PlayLoopingSoundEffect", "BlowjobLicking",
                "Submissively you lick her cock clean, shuddering with both arousal and disgust at yourself from just how willing you are at this.",
                "Whenever you finally get all the cum off of her, she rubs it against your face covering it in the semen she shot on your face. |n|Covering it semen again she makes you clean the semen back off again, before repeating this again until your own face is relatively clean.", 
                "Hazily, the thought crosses you rmind that more than a few monster girls in town are going to know exactly what you were doing in here, especially the ones with sharp noses",
                "The idea makes you blush, and your already spent dick twitches at the thought. |n|The sheer enjoyment you're getting from the idea of people knowing makes you wonder if it's already too late for you to go back from this.",
                "StopSoundEffectLoop",
                "StopSoundEffectLoop2",
                "Amber stretches her back before getting out of the chair, tucking her cock back into her pants she ambles towards the door with an almost catlike gait and reopens the store.",
                "ChangeImageLayer", "FutaCock", "1", "",
                "ChangeImageLayer", "Clothing", "1", "FutaClothed",
                "ChangeImageLayer", "Expression", "1", "Lustful",
                "Speaks",
                    "If you don't want the customers to see you looking like a used prostitute, I suggest you go clean up. |n|Unless you want them to know~",
                "She finishes in a smug tone, letting out a sharp laugh as you blush and go towards the restroom to get cleaned up.",
                "A few minutes pass as you come back out and look away from her embarrassed, you don't think you'll ever be able to look at Amber the same after this.",
                "Speaks",
                "Well, if you want to learn something else feel free to ask.",
                "Her bland tone is the same as usual, but you can assume it's more of an order than anything. |n|Well, you can't say you didn't learn anything from this situation now that you really think about it.",
                "ChangeSensitivity", "Mouth", "20",
                "ChangeFetish", "Futanari", "25",
                "GiveSkill", "Give Skilled Deepthroat",
                "ChangeImageLayer", "Expression", "1", "Dominant",
                "ChangeBGM", "music/Town/unknown.mp3",
                "JumpToEventThenScene", "Enter 'Amber's Adventuring Shop'", "TalkMenu"
            ]
        },
        {
            "NameOfScene": "BlowingAgain1",
            "theScene": [
                "You drop back to your knees obediently to suck Ambers dick once again.",
                "Speaks",
                "You've become quite the pervert, I wonder what people would do if they knew.",
                "JumpToEventThenScene", "Enter 'Amber's Adventuring Shop'", "TalkMenu"
            ]
        },
        {
            "NameOfScene": "AmbersAnalTraining1",
            "theScene": [
                "ChangeBGM", "music/Loss/Do not yarn.mp3",
                "You look to the side, thinking about whether you should bring up an issue you've been having",
                "ChangeImageLayer", "Expression", "1", "Annoyed",
                "Amber raises an eye brow and says in a deadpan tone",
                "Speaks",
                "I can't read minds, so either tell me or leave.",
                "PlayerSpeaks",
                "What do I do when, erm, well... |n|What do I do when I'm being fucked? I mean, what you taught me before worked really well an-",
                "ChangeImageLayer", "Expression", "1", "Dominant",
                "With a scoff, Amber barks out a sharp laugh cutting you off.",
                "Speaks",
                "We both know what you do when that happens: you get fucked. |n|You either get them off, or take it like a bitch.",
                "ChangeImageLayer", "Expression", "1", "Base",
                "Cocking her hip to the side, she gives you an appraising look, as if asking what you really are asking.",
                "ChangeImageLayer", "Expression", "1", "Smirk",
                "With a cocky smirk she starts walking towards you with a confident stride.",
                "Speaks",
                "Well, I suppose I can teach you how to take a dick properly at least. |n|I'm sure you don't have much time to learn when you're trying to fight back against someone.",
                "Before you can really respond, she grabs your shoulder and starts dragging you to the counter..",
                "PlayerSpeaks",
                "Wait, what a-",
                "PlayMotionEffect", "CrashSmol",
                "With an oof, you're bent over the shop's counter before you know it. |n|Looking towards the door in bewilderment at the sudden pace of things, you realize the store is still open.",
                "She yanks down your pants before you can even blink, making you flush in embarrassment as you realize she either doesn't care or doesn't know.",
                "PlayerSpeaks",
                "No wait, someone might see u-!",
                "ChangeImageLayer", "Expression", "1", "Smirk",
                "You're cut off by Amber slapping your ass, while her other hand is pulling something out of a drawer in the counter.",
                "Speaks",
                "Shut up, who cares if they see you? |n|A degenerate like you is probably into being watched anyways.",
                "A gloved finger dripping with lubricant is shoved up your ass before you can retort, making your back arch at the sudden intrusion.",
                "Setting the bottle down, she easily holds your shoulder in place with her other hand.",
                "ChangeImageLayer", "Expression", "1", "Dominant",
                "Speaks",
                "Right, well first, let's stretch you out. |n|Although I bet you've been stretched by plenty of girls by this point, it'd be best to make sure I won't split you in half.",
                "PlayerSpeaks",
                  "N-no wait, that's... ah~ not there!",
                "Her finger digs around your ass uncaring while you gasp and scratch at the wooden surface of her counter.",
                "PlayVisualEffect", "BlindingFlash", "Pink.png",
                "But all of a sudden, your mind is overtaken by a rush of pleasure that makes your already firm dick buck against her counter",
                "Speaks",
                "Ah, I found it.",
                "PlayVisualEffect", "BlindingFlash", "Pink.png",
                "Before you can ask, a second finger is shoved in your ass, and she jabs against your prostate again, making you moan loudly as you cum all over her counter.", 
                "ChangeImageLayer", "Face", "1", "Blush",
                "Embarrassed, your hands go to your mouth as your face turns red at how quickly she got you off.",
                "Speaks",
                "Oh, that was cute. |n|You might take to this easier then I thought, who knew you were such a natural slut~",
                "Digging around in your ass some more and occasionally spreading her fingers, she focuses on prodding your prostate while stretching you.", 
                "Keeping your face buried in the counter to hide your flushed expression, you desperately try keeping your moans down while trying to ignore the humilation of being so easily dominated.",
                "Pulling her fingers out of your now stretched ass without any  warning, your back arches at the strange empty sensation going through you.",
                "ChangeImageLayer", "Expression", "1", "Horny",
                "Before you even have a chance to adjust, you hear the sound of a zipper and feel something warm and hard smacking against your backside.",
                "PlaySoundEffect", "../Mods/FutaDOM/Audio/Effects/slap-hit-104981.mp3",
                "ChangeImageLayer", "Base", "1", "FutaBase",
                "ChangeImageLayer", "Clothing", "1", "FutaUnzipped",
                "ChangeImageLayer", "FutaCock", "1", "Cock",
                "Gulping nervously, you look over your ear and see Amber with a sadistic look on her face as she pulls back while pinning you down by your shoulder for leverage.",
                "Right as the head of her hard, now-lubed cock presses against your ass, you stutture out.",
                "PlayerSpeaks",
                "W-wait, maybe we can talk about t{b}hIIIISSSSSSS~!!!{/b}",
                "PlaySoundEffect", "sfx/Erotic/Sex/Piston slightly dry once.wav",
                "PlayMotionEffect", "CrashSmol",
                "She pushes the wide head of her cock in slowly grunting as it pops in the rest following in a slow and steady pace.",
                "Her pace is relentless and she keeps going until her hips are flush against your ass.",
                "PlayMotionEffect", "CrashSmol",
                "Gasping and clawing for air, you feel as though you've been impaled. |n|It feels so full, it's all you can to is stay locked up in place, staring at the shop door while praying that no one comes in.", 
                "ChangeImageLayer", "Expression", "1", "Needy",
                "Amber moans with pleasure at how tight you are, the thought of being discovered makes it even more difficult to relax yourself as you tighten around her.",
                "Grinding her hips into your tight ass while inhaling deeply, her other hand is rubs your ass while she steadies herself.",
                "ChangeImageLayer", "Expression", "1", "Obscene",
                "Speaks",
                "There we go. |n|Hey, this is still a lesson; don't space out",
                "PlaySoundEffect", "sfx/Erotic/Sex/Piston slightly dry once.wav",
                "PlayMotionEffect", "SlowScreenBounce",
                "Slapping your curvy behind, she brings you back to clarity while pulling her hips back before driving them forward again, causing you to gasp as the air is driven from your lungs",
                "A loud slap is heard in her shop as your cheeks meet her hips; her balls slap forward, hitting yours, making you grunt in both pain and pleasure.",
                "PlayLoopingSoundEffect", "sfx/Erotic/Sex/Piston slightly dry (low speed) 5 times.wav",
                "Closing her eyes and taking a deep breath, Amber begins to slowly thrust into you forcing moans out of your mouth.",
                "Her sheer girth causes her erection to constantly rub against your prostate with each thrust, making you leak against the already drenched counter.",
                "ChangeImageLayer", "Expression", "1", "Lustful",
                "Speaks",
                "Keep focused; bring your hips when I go forward, and tighten up.",
                "Amber moves with a steady, easy beat and meticulously spanks your bouncing butt, causing it to slowly turn red with obvious hand prints.", 
                "Your cock twitches and oozes pre-cum with every stroke, and you bury your face into your arms in embarrassment as you try to follow her instructions.",
                "However you barely even keep any sense of rhythm from the sheer pleasure rocking through your body. |n|Rolling her eyes, Amber takes her hand off your shoulder and grabs your ass with both hands.",
                "StopSoundEffectLoop",
                "PlayLoopingSoundEffect", "sfx/Erotic/Sex/Piston slightly dry (medium speed) 5 times.wav",
                "PlayMotionEffect", "ScreenBounce",
                "PlayVisualEffect", "SuddenHaze", "pinkHaze.png",
                "Before you realize it she's fucking you much harder now, rocking your body forwards with each hilting thrust as loud clapping sounds fill the the once quiet shop.",
                "You don't even realize that you're throwing your hips back on your own now while moaning loudly for anyone to hear.",
                "Amber chuckles behind you, amused at how quickly you fell to her technique.",
                "ChangeImageLayer", "Expression", "1", "Horny",
                "PlayVisualEffect2", "BlindingFlash", "pink.png",
                "Suddenly one of her hands comes down on your red backside even harder, making you arch your back and clamp down on her while she picks up the pace of her thrusting.",
                "Some time goes by as you're getting pounded against the counter, Amber has already made you climax with your butt at least three times now.", 
                "Holding you up by your shoulders, she forces you to hold yourself up with your trembling arms while keeping her ruthless pace without effort.",
                "Taking deep breaths, you shudder in pleasure only to realize that Amber stopped thrusting sometime ago.",
                "Gasping in a breathless voice, you realize you've been rocking your hips back on your own for a while now and blush brightly.",
                "ChangeImageLayer", "Expression", "1", "Excited",
                "StopSoundEffectLoop",
                "PlayVisualEffect", "DecreasingHaze", "pinkHaze.png",
                "Speaks",
                "Don't stop on my account. Clearly, you're better at this than we both thought. |n|Anyone would've thought you were a natural with how eager you were throwing yourself at me~",
                "Her amused tone makes your humilation return twofold as she grabs your hips tightly.",
                "Speaks",
                "I hope you're ready because I've barely even begun, if you want to learn anything from this you'll have to please your partner too.",
                "ChangeImageLayer", "Expression", "1", "Lustful",
                "PlayerSpeaks",
                "H-hold on, if you go faster-,",
                "PlayVisualEffect", "IncreasingHaze", "pinkHaze.png",
                "PlayLoopingSoundEffect", "sfx/Erotic/Sex/Piston slightly dry (high speed) 18 times.wav",
                "PlayMotionEffect", "Crash",
                "Whatever you would have said will remain a mystery, as she begins to fuck you with everything she has without mercy.",
                "Shamelessly, you spurt all over her counter while your eyes roll back from how she jackhammers your abused ass.",
                "PlayMotionEffect", "Crash",
                "The counter creaks loudly with every harsh thrust, things are knocked off right as your hands give out forcing your upper body to slide around in your own cum.",
                "PlayMotionEffect", "Crash",
                "Grabbing onto whatever you can to keep from being ragdolled by the powerful fucking, just make more of a mess while flailing pathetically.",
                "PlayVisualEffect2", "BlindingFlash", "pink.png",
                "Shuddering again you have a another dry orgasm, not even able to shoot anymore cum out.",
                "ChangeImageLayer", "Expression", "1", "Horny",
                "You're not even aware that the store door has opened, or that someone gasped in surprise when they saw you being railed from behind.",
                "Amber gives the person in front of her a sly smile while you moan loudly into your arms, she says in her normal steady tone while slowing her pace down bit.",
                "StopSoundEffectLoop",
                "PlayLoopingSoundEffect", "sfx/Erotic/Sex/Piston slightly dry (medium speed) 5 times.wav",
                "Speaks",
                "Are you here to buy something?",
                "Whoever it is sputters unintelligibly, and you glance up shocked only now realizing someone came in.",
                "PlayerSpeaks",
                  "N-no-ahhhh~♥ |n|Noooo don't looook~♥",
                "Elena is looking at you with a surprised expression, her skirt has a noticable bulge as her eyes follow your body with an intensity you've never seen from her before.",
                "Despite knowing that someone is watching you, all you can think of is how good Ambers cock is as she forces you to orgasm over and over from your ass.",
                "DisplayCharacters",
                    "1",
                    "2",
                "EndLoop",
                "ChangeImageLayer", "Expression", "2", "Embarrassed",
                "ChangeImageLayer", "FaceEffect", "2", "DrunkBlush",
                "ChangeImageLayer", "Base", "1", "FutaBase",
                "ChangeImageLayer", "Clothing", "1", "FutaUnzipped",
                "ChangeImageLayer", "FutaCock", "1", "Cock",
                "ChangeImageLayer", "Expression", "1", "Horny",
                "ChangeImageLayer", "Face", "1", "Blush",
                "Speaks2",
                "Oh wow... that's... he sure is opened wide... are... are you okay?",
                "StopSoundEffectLoop",
                "PlayLoopingSoundEffect", "sfx/Erotic/Sex/Piston slightly dry (low speed) 12 times.wav",
                "Amber pulls your head back, revealing your whole face showing your fucked silly expression.",
                "PlayMotionEffect", "SlowScreenBounce",
                "Your eyes are rolled back and your tongue is hanging out lewdly, as Amber brings her other hand down on your ass with a loud clap.",
                "Squealing like a pig from the sudden impact you bring your hips back against Amber, uncaring about Elena's now disgusted look.",
                "ChangeImageLayer", "Expression", "1", "Contempt",
                "Speaks",
                "Does he look fine to you? |n|Hey [ThePlayerName], do you have anything to say to our {b}illustrious{/b} guild leader? |n|Remember to say it like I taught you.",
                "PlayerSpeaks",
                  "I-I'm so shorry, I'm ah pathetic bitch who wubs getting railed by fat girlcawk~♥",
                  "ChangeImageLayer", "Expression", "2", "Disgust",
                  "ChangeImageLayer", "Expression", "1", "Smirk",
                "Elena steps back in shock, before covering her growing erection.",
                "Speaks",
                  "What, do you want to have a go at him next?",
                "Speaks2",
                "I, no, erm... I suppose he looks better than fine... I... |n| Ahem, the guild needs a restock on Calming Potions and Fairy Dust, our regular please. |n| We... erm, I have people outside waiting to carry it like usual.",
                "ChangeImageLayer", "Expression", "2", "Embarrassed",
                "She glances at you questioningly at that last bit.",
                "ChangeImageLayer", "Expression", "1", "Base",
                "Speaks",
                "Well get to it, sadly I'm a bit tied up with something so I can't help.",
                "PlayMotionEffect", "Crash",
                "Bringing down her hand on your ass to punctuate her statement, another whorish moan is forced out of you as she revels in your humiliation.",
                "Speaks2",
                  "You have some interesting hobbies [ThePlayerName]... |n|Well, you girls can come in! ...Just don't scream.",
                "Speaks3",
                "What do you m- woah.",
                "Speaks4",
                "Wow... that looks like it feels good...",
                "ChangeImageLayer", "Expression", "1", "SmileRelaxed",
                "ChangeImageLayer", "Expression", "2", "Base",
                "Speaks3",
                "He's taking all of that~?",
                "Speaks4",
                "I know right~ He looks so happy too~!",
                "Speaks3",
                "Haha what a slut, hey do you think we can go nex-",
                "Speaks2",
                  "Girls, today please.",
                "Speaks5",
                "{b}Yes ma'am!{/b}",
                "StopSoundEffectLoop",
                "PlayLoopingSoundEffect", "sfx/Erotic/Sex/Piston slightly dry (medium speed) 5 times.wav",
                "The two girls head to the back of the store and start carrying boxes out. |n|They try to not make it obvious but its clear their undivided attention is mostly on you.",
                "Although the sly grins they throw you gives you the feeling that they'll probably tell everyone they can anyways.",
                "If you were even remotely level headed right now you'd probably be mortified, but as it is all you can think of is your Mistresses cock.",
                "A few minutes pass as Amber fucks you in front of the girls, Elena watches it all with growing arousal as they finally get the last box out.",
                "ChangeImageLayer", "Expression", "2", "Drunk",
                "ChangeImageLayer", "Expression", "1", "Needy",
                "Speaks2",
                  "Ahem, well thanks for the shipment",
                "Speaks",
                  "Right, cum... again unf~",
                  "ChangeImageLayer", "Expression", "2", "DrunkFlirt",
                "Giving you an amused look, Elena lets out a small laugh finally unable to hold it in.",
                "Speaks2",
                  "Ahem, you erm... |n|Do your best [ThePlayerName].",
                "Patting your head like a dog, she starts sensually walking out the door with loud moaning following her out, likely being heard by anyone nearby.",
                "DisplayCharacters",
                  "1",
                "EndLoop",
                "ChangeImageLayer", "Clothing", "1", "FutaUnzipped",
                "ChangeImageLayer", "FutaCock", "1", "Cock",
                "ChangeImageLayer", "Expression", "1", "Lustful",
                "ChangeImageLayer", "Face", "1", "Blush",
                "Now alone again Amber lets out a delighted laugh, it's probably the happiest you've ever heard her.",
                "Speaks",
                "You really loved that, huh? |n|You're such a fucking perv~♥",
                "PlayMotionEffect", "CrashSmol",
                "You were so tight the entire time they were here, you pathetic masochist~♥ |n|Do you get off on the idea that everyone will be talking about you getting your ass destroyed~?",
                "ChangeImageLayer", "Expression", "1", "Lewd",
                "Speaks",
                  "Maybe I should just start selling you instead, I'm sure your tight ass would be in constant use.",
                "PlayMotionEffect", "Crash",
                "Smacking your bruised butt she continues mocking you with clear arousal in her tone while gripping your rear tighter to steady herself.",
                "Speaks",
                  "Fuck~♥ I can't take much more~ |n|Tighten up bitch, I'm going to cum~♥",
                "StopSoundEffectLoop",
                "PlayLoopingSoundEffect", "sfx/Erotic/Sex/Piston slightly dry (high speed) 18 times.wav",
                "Speaks",
                "Without a shred of mercy, Amber starts fucking your abused rear with everything she has",
                "ChangeImageLayer", "Expression", "1", "PleasureStruck",
                "Screaming loudly, you make sounds that are barely even human making your lewd screams fill the once quiet shop.",
                "It's almost positive that anyone walking nearby knows what she's doing, and who she's doing it to. |n|If those girls didn't say anything about this, well everyone knows now.",
                "PlayMotionEffect", "CrashSmol",
                "PlayVisualEffect", "ScreenPulse", "pink.png",
                "Speaks",
                "Ah, I'm going... |n|Hng, take it... |n|You degenerate~♥",
                "PlayMotionEffect", "CrashSmol",
                "PlayVisualEffect", "DoublePulse", "pink.png",
                "{b}Fucking~♥{/b}", 
                "PlayVisualEffect", "OrgasmPulse", "pink.png",
                "PlayMotionEffect", "Crash",
                "{b}TRASH~♥{/b}",
                "PlayVisualEffect", "BlindingFlash", "pink.png",
                "PlayMotionEffect", "Explosion",
                "StopSoundEffectLoop",
                "PlayLoopingSoundEffect2", "EjaculationLong",
                "Grinding into your red ass, you cum alongside her alongside her, your rectum is filled with warmth while her pulsing balls practically envelop yours with their size.", 
                "ChangeImageLayer", "Expression", "1", "Orgasm",
                "With a lewd groan, Amber keeps your bright red backside planted against her with one hand, while groping one of her breasts with the other.",
                "Speaks",
                  "Ohhhh fuck yes~♥",
                "She punctuates that statement with a loud cracking, bringing her hand back down once again on your bruised butt making your back arch on her cumming cock",
                "ChangeImageLayer", "Expression", "1", "Ahegao",
                "Time loses meaning to you as she keeps grinding into your prostate, filling you to the point of her cum overflowing.", 
                "A viscous white puddle forms between your legs as semen drools where it can from where you're connected.",
                "With a slightly pained grunt, your stomach begins to slowly expand in a mockery of pregnancy from the sheer volume of cum.",
                "StopSoundEffectLoop2",
                "ChangeImageLayer", "Expression", "1", "Lustful",
                "Watching you with amusement as you drool on her messy counter, Amber leans to the side reaching for something in a drawer.",
                "PlayMotionEffect", "CrashSmol",
                "Finally pulling it out, she yanks her dick out of your ass suddenly making you gasp in shock, before shoving buttplug into your twitching anus trapping her semen inside of you.",
                "Buckling to the floor without support, her cock flops still hard on your backside. |n|Occasionally it spurts onto your red ass and back, painting you a sticky white.",
                "ChangeImageLayer", "FutaCock", "1", "",
                "ChangeImageLayer", "Clothing", "1", "FutaClothed",
                "She tucks her half-hard member back into her tight pants, and leaves the room to get something.", 
                "DisplayCharacters",
                "1",
              "EndLoop",
              "Leaning against the cum covered counter, you lose track of time while shuddering from how exhausted you are.",
                "You can't think of a single battle you've had that was more exhausting than that whole mess.",
                "Hearing Amber's footsteps come back, you look over and see her with cleaning supplies.",
                "DisplayCharacters",
                  "1",
                "EndLoop",
                "ChangeImageLayer", "Clothing", "1", "FutaClothed",
                "ChangeImageLayer", "Face", "1", "Blush",
                "ChangeImageLayer", "Expression", "1", "Smirk",
                 "Speaks",
                "As much as I'd like to have you bent over my desk for the rest of the day.", 
                "ChangeImageLayer", "Face", "1", "Base",
                 "Speaks",
                "I have things to do, so clean up your mess.",
                "You can't help but give her a shocked look, wondering if she really expects you to do anything in your condition.",
                "ChangeImageLayer", "Expression", "1", "Contempt",
                "Rolling her eyes, she shoves the bottle of an Elixer into your mouth. |n|Swallow without really thinking, you let out a surprised groan as the exhaustion slowly leaves your body.",
                "Trying not to make your limp too obvious, you spend the next thirty minutes on shakey legs cleaning her desk and floor.", 
                "Giving the 'lesson' some thought while wiping her fluids off the counter, you can't help but feel like you've improved your ability to take a dick. |n|Even though she basically treated you like a sextoy throughout the whole thing.",
                "ChangeSensitivity", "Ass", "15",
                "ChangeFetish", "Futanari", "25",
                "GiveSkill", "Fuck Back",
                "ChangeBGM", "music/Town/unknown.mp3",
               "JumpToEventThenScene", "Enter 'Amber's Adventuring Shop'", "TalkMenu"
            ]
        },
        {
            "NameOfScene": "AmbersAnalTrainingRepeat1",
            "theScene": [
                "Speaks",
                "You really are a degenerate, did you like my cock that much?",
                "Despite her words it's obvious she's excited.",
                "Amber fucks your ass again making you bitchgasm until you pass out",
                "JumpToEventThenScene", "Enter 'Amber's Adventuring Shop'", "TalkMenu"

            ]       
        }

    ]
}