{
    "name": "EllysTasks",
    "CardType": "",
    "CardLimit": "0",
    "Description": "Investigate with Elly to solve the Futanari Incident!",
    "requires": [ ""],
    "requiresEvent": [
        {
            "NameOfEvent": "",
            "Progress": "99",
            "ChoiceNumber": "-1",
            "Choice": ""
        }
    ],
    "Speakers": [
        {
            "name": "Elly",
            "postName": "",
            "SpeakerType": "Monster"
        }
    ],
    "EventText": [
        {
            "NameOfScene": "TheBeginning",
            "theScene": [
                "IfChoice", "1", "InitialReport1", "Elly's Report 1",
                "SetChoice", "1", "InitialReport1",
                "ChangeImageLayer", "Expression", "1", "Serious", "ChangeImageLayer", "RightArm", "1", "ArmRGlassesPush",
                "Elly looks up from her books with an annoyed expression.",
                "ChangeImageLayer", "Glasses", "1", "GlassesShine",
                "PlayMotionEffect", "CrashSmol",
                "Speaks",
                "Well, you've certainly done it now.",
                "You wince at her accusing tone and sit across from her",
                "ChangeImageLayer", "Glasses", "1", "Glasses",
                "Speaks",
                "Well, let's start with an explanation of what happened from your end.",
                "ChangeBGM", "music/Unknown/The Dark Eternal Night.mp3",
                "Resigning yourself to explaining it all again, you begin your story with how you just felt like going on a walk that day.",
                "...",
                ".....",
                "ChangeImageLayer", "Expression", "1", "Base", "ChangeImageLayer", "RightArm", "1", "ArmRDown",
                "Speaks",
                "Right, well, let's start with the obvious. |n|Do you know what you've done?",
                "PlayerSpeaks",
                "I think I gave half the women on the continent a dick, going by context...",
                "ChangeImageLayer", "Expression", "1", "BookLook",
                "Speaks",
                "Well yes, but also no.", 
                "ChangeImageLayer", "Expression", "1", "Base",
                "Speaks",
                "That, alongside all the dimensional disturbances last night, was merely an aftereffect of what happened when you released whatever that statue actually was. |n|Although I do have some theories, none of them good.",
                "PlayerSpeaks",
                "All of this is only an aftereffect?! Wait, what do you mean by dimensional disturbances?!",
                "ChangeImageLayer", "Expression", "1", "Serious",
                "Speaks",
                "Ah, I'm getting ahead of myself; the shaking everyone felt last night, and likely around the world was probably a couple thousand portals opening up from other dimensions.", 
                "Speaks",
                "If my hypothesis is correct; the shaking itself was the fabric of our reality falling apart at the seams.",
                "Your hands slam into the table in shock as you sit up.",
                "PlayMotionEffect", "Crash",
                "PlayerSpeaks",
                "{b}Isn't that actually worse than everything else?!{/b}",
                "ChangeImageLayer", "RightArm", "1", "ArmRGlassesPush",
                "Speaks",
                "Not exactly; to be frank, the fact that the world didn't fall apart with everyone dying in a void of nothingness, means we're currently in the best-case scenario here.", 
                "ChangeImageLayer", "RightArm", "1", "ArmRDown",
                "Speaks",
                "Really, a lot of girls suddenly being able to pee standing is hardly the worst outcome imaginable when mass-dimensional travel is involved.",
                "The idea that you might've accidentally ended the world yesterday sends a chill down your spine.",
                "Thinking about that, you can't help but agree with her assessment of things.",
                "PlayerSpeaks",
                "Wait, so that means your sister really did grow a...",
                "ChangeImageLayer", "Expression", "1", "Awkward", "ChangeImageLayer", "Base", "1", "Blush",
                "Speaks",
                "Shh, she's really moody over it; apparently, according to her, she will never get married now.",
                "PlayerSpeaks",
                "Oof, that's rough... So how are we going to go about solving this?",
                "ChangeImageLayer", "Expression", "1", "Base", "ChangeImageLayer", "Base", "1", "Base",
                "Speaks",
                "I configured this to take samples of the energies of the monsters you fight, while also pointing you towards any extra-dimensional entities that ended up in the area.",
                "She hands you a small black tablet with glowing script about the size of a playing card",
                "GiveItem", "1", "Dimensional Locator",
                "ChangeImageLayer", "Expression", "1", "Serious", "ChangeImageLayer", "RightArm", "1", "ArmRGlassesPush",
                "Speaks",
                "I'll need you to look for certain monsters that crossed over to our world and give me samples of their energy; hopefully we can use this to pinpoint the source of this mess and maybe figure out what exactly you let out.",
                "Nodding, you pocket the item and lean back in your chair with a sigh.",
                "PlayerSpeaks",
                "This is going to be a whole mess, isn't it?",
                "ChangeImageLayer", "RightArm", "1", "ArmRGlassesPush", "ChangeImageLayer", "Glasses", "1", "GlassesShine",
                "Speaks",
                "It already is; we just need to stop it from getting worse.",
                "ChangeImageLayer", "RightArm", "1", "ArmRDown", "ChangeImageLayer", "Glasses", "1", "Glasses", "ChangeImageLayer", "Expression", "1", "Base",
                "Speaks",
                "Now, I'd suggest checking around in the forest since that's where this whole situation started; the locator would be far more likely to pick something up there.",
                "Nodding, you get up.",
                "ChangeBGM", "music/Town/tea-time.mp3",
            "JumpToEventThenScene", "Head over to Elly's table.", "VisitMenu"]
        },
        {
            "NameOfScene": "Elly's Report 1",
            "theScene": ["PlayerSpeaks",
                "Ah right, about the current incident...",
            "Speaks",
            "I know as much as you do; just get to work solving this, please. |n|Elena's been drinking more often, and in general being more of a mess lately, it's so stressful...",
                "JumpToEventThenScene", "Head over to Elly's table.", "VisitMenu"]
        }

    ]
}