{
    "name": "FutanariIncidentGuild",
    "CardType": "",
    "CardLimit": "0",
    "Description": "The Guilds side of the situation",
    "requires": [ ""],
    "requiresEvent": [
        {
            "NameOfEvent": "",
            "Progress": "99",
            "ChoiceNumber": "-1",
            "Choice": ""
        }
    ],
    "Speakers": [
        {
            "name": "Elena",
            "postName": "",
            "SpeakerType": ""
        }
    ],
    "EventText": [
        {
            "NameOfScene": "The Incident1",
            "theScene": [
            "IfChoice", "1", "TheIncident1", "Futanari Quest Results",
            "SetChoice", "1", "TheIncident1",
            "ChangeBGM", "music/Forest Dungeon/night road.mp3",
            "ChangeImageLayer", "Expression", "1", "Base",
            "ChangeImageLayer", "Hair", "1", "Frazzled",
            "You walk into the guild and are momentarily shocked. A crowd of disgruntled people is at the front desk, almost a mob really now that you look closer, and you can hear Elena yelling at people to calm down.",
            "Speaks",
            "Alright, listen up. We're doing our best to investigate the situation and have already made headway into fixing this, we promise that this will only be temporary, so please try and stay calm.",
            "After a few minutes of yelling and threatening someone with dismemberment, eventually she manages to get the angry group of adventurers to clear out.",
            "Taking that as your chance to report in, you walk up to the desk and can hear Elena talking under her breath.",
            "ChangeImageLayer", "Expression", "1", "Depressed",
            "Speaks",
            "Ah, this is the worst. I'm definitely unmarriable now. Why does this stuff happen to me?",
            "PlayerSpeaks",
            "Are you okay?",
            "Speaks",
            "Huh? Oh, may I help you?",
            "ChangeImageLayer", "Expression", "1", "Base",
            "Speaks",
            "Oh! Yes, everything is normally totally normal...",
            "PlayerSpeaks",
            "Riiight, well, I, uh, need to report the source of your current... issues...",
            "Speaks",
            "{b}What.{/b}",
            "PlayerSpeaks",
            "Well, you see, it's kind of funny. I found an abandoned temple and went inside to investigate; because it was neat, you see, it was a grand adventure fraught with paril, and IMight'veReleasedSomeSlumberingevil~",
            "You trail off quietly, saying the last bit as quickly as you can, looking away while Elena's face turns murderous.",
            "ChangeImageLayer", "Expression", "1", "Disgust",
            "ChangeBGM", "music/Capital/Nobody_City.mp3",
            "Speaks",
            "I see... so you're the reason I have this grotesque thing...",
            "PlayerSpeaks",
            "Thing?",
            "ChangeImageLayer", "Expression", "1", "Embarrased",
            "Speaks",
            "Ahem, don't worry about it.",
            "ChangeImageLayer", "Expression", "1", "Disgust",
            "Speaks",
            "Anyways, you are hereby tasked by the Adventurers Guild in an official capacity, to investigate the missing stone statue. |n|As well as the current anomolies possibly caused by your... {b}grand adventure.{/b}",
            "She says that last bit in an acidic tone dripping with sarcasm, making you flinch.",
            "Speaks",
            "Fix your fuckup.",
            "PlayMotionEffect", "Crash",
            "Speaks",
            "{b}OR ELSE!{/b}",
            "You step back in fear as Elena glares at you. Taking a deep breath, she continues",
            "ChangeImageLayer", "Expression", "1", "Base",
            "Speaks",
            "Talk to Elly about this to begin your investigation. |n|I'll tell certain people, like the various shopkeepers, what you're up to so you can complete your task.",
            "Speaks",
            "It's just them to everything hush hush you having caused this whole mess. |n|If only to keep people from lynching you in the streets before you actually accomplish anything.",
            "PlayerSpeaks",
            "That's fine I think, but you never actually explained what's going on.",
            "Speaks",
            "Well, as of last night, a mysterious pulse of energy pretty much enveloped everyone while the town was hit by an earthquake. |n|By the end, suddenly, 50 percent of the female population got an erm, addition.",
            "PlayerSpeaks",
            "Addition?",
            "ChangeImageLayer", "FaceEffect", "1", "Blush",
            "ChangeImageLayer", "Expression", "1", "Disgust",
            "Speaks",
            "I... I mean they, they grew a.... ask my sister, jeez!", 
            "Speaks",
            "Oh and if you don't solve this, I WILL take my pound of flesh from you first before holding you down for the others!",
            "PlayerSpeaks",
            "You mean you'll kick my ass, right?'",
            "ChangeImageLayer", "Expression", "1", "Smile",
            "PlayMotionEffect", "CrashSmol",
            "PlayerSpeaks",
                "Right?!",
            "You think back to the statue 'features' from before, getting an idea of why she might be so embarrassed.",
            "You suppose that you should start asking around, beginning with Elly?",
            "ChangeImageLayer", "Expression", "1", "Base",
            "ChangeImageLayer", "FaceEffect", "1", "Normal",
            "ChangeBGM", "music/Town/tea-time.mp3",
            "JumpToEventThenScene", "Go see Elena at the Guild counter.", "VisitMenu"]
            },
            {
                "NameOfScene": "Futanari Quest Results",
                "theScene": ["You walk up to Elena and wait patiently until she can get to you.",
                "Speaks",
                    "Yes, what can I do for you.",
                "PlayerSpeaks",
                    "I... don't know? I actually don't have anything to say...",
                "Speaks",
                    "{b}THEN COME BACK WHEN YOU DO!{/b}",
                "JumpToEventThenScene", "Go see Elena at the Guild counter.", "VisitMenu"
                             ]
            }
    ]
}


    
