{
    "name": "Mystic Forest",
    "Addition": "Yes",
    "Monsters": [""],
    "MonsterGroups": [
                  {   "Group": [""]
                  }
                ],
    "Events": [""],
    "Quests": ["An Enthusiastic Walk", "Otherworldly Imp", "Another Encounter"],
    "Adventures": [""],
    "Treasure": [
                {
                    "Common": [""]
                },
                {
                    "Uncommon": [""]
                },
                {
                    "Rare": [""]
                }
              ]
}
