{
    "name": "Will-Power Temple",
    "exploreTitle": "Will-Power Temple",
    "requires": [ "Temple Checkpoint Gem"],
    "MusicList": [ "music/Temple/far-east-kingdom.mp3"],
    "FullyUnlockedBy": [ "Sigil Of Will-Power"],
    "mapIcon": "map/MGD_Map_Icon_Temple",
    "mapIconXpos": "0",
    "mapIconYpos": "0",
    "mapIconZorder": "3",
    "mapClouds": "map/map_temple_clouds.png",
    "mapCloudsXpos": "0",
    "mapCloudsYpos": "0",
    "MinimumDeckSize": "8",
    "MaximumMonsterDeck": "6",
    "MaximumEventDeck": "6",
    "Monsters": [ "Kunoichi Trainee", "TenguHarpy", "Tengu"],
    "MonsterGroups": [

                  {
                      "Group": [ "TenguHarpy"]
                  },
                  {
                      "Group": [ "TenguHarpy", "TenguHarpy"]
                  },
                  {
                      "Group": [ "Kunoichi Trainee"]
                  },
                  {
                      "Group": [ "Kunoichi Trainee", "Kunoichi Trainee"]
                  },
                  {
                      "Group": [ "Tengu"]
                  }

                ],
    "Events": [ "Mimics", "Golden Mimics", "Bag Mimic", "Ninja Rest Ambush", "Kunoichi Rope Trap", "The Frozen Room", "Feng's Room", "Kunoichi's Hallway Dojo", "Wandering Oni"],
    "Quests": [ "The Oni Twins of Terror"],
    "Adventures": [ "Enter Will-Power Temple", "Quarantined Temple Section"],
    "Treasure": [
                {
                    "Common": [ "Calming Potion", "Energy Potion", "Conscio Powder", "Sealing Talisman", "Perverted Talisman"]
                },
                {
                    "Uncommon": [ "Witch Hat", "Conscio Powder", "Soothing Potion", "Mini Elixir", "Cold Rune"]
                },
                {
                    "Rare": [ "Elixir", "Silver Rune", "Enlightenment Rune", "Sinister Black Gloves", "Hero's Cape", "Lion's Amulet", "Ring of Spirit"]
                }
              ],
    "Eros": [
                {
                    "Common": "250"
                },
                {
                    "Uncommon": "400"
                },
                {
                    "Rare": "650"
                }
              ],
    "picture": "templeKotoneRoom.png"
}
