{
    "name": "Another Encounter",
    "CardType": "Event",
    "CardLimit": "1",
    "Description": "Exploring through the woods you come across the Blue Imp from before, and she's very annoyed with you.",
    "requires": [ ""],
    "requiresEvent": [
        {
            "NameOfEvent": "Otherworldly Imp",
            "Progress": "2",
            "ChoiceNumber": "-1",
            "Choice": ""
        }
    ],
    "Speakers": [
        {
            "name": "Futa Blue Imp",
            "postName": "",
            "SpeakerType": "Monster"
        }
    ],
    "EventText": [
        {
            "NameOfScene": "FutaBlueImpRematch1",
            "theScene": [
            "ChangeBG", "../Mods/FutaDOM/Images/ImpShack.jpg",
            "Stumbling through the woods you come across a familiar house, and as if knowing you're here a familiar face stumbles out with bedhead.",
            "PlayMotionEffect", "Crash",
            "Speaks",
            "You!!! |n|I'll make you pay!",
            "Before you have time to say anything she's already rushing at you!",
            "ChangeBGM-OverrideCombatMusic", "music/Battle/Goodbye.mp3",
            "CombatEncounter",
                "Futa Blue Imp",
            "StartCombat",
            "JumpToScene", "FutaBlueImpBeaten1"
            ]
        },
        {
            "NameOfScene": "FutaBlueImpBeaten1",
            "theScene": [
                "Glaring at you, she glows blue and disappears again off to who knows where.",
            "PlayerSpeaks",
                "Well... If she's good at anything it's running away.",
            "Shrugging you continue your journey"
            ]
        }

    ]
}