{
    "name": "Quarantined Temple Section",
    "Description": "...",
    "requires": [ "Dimensional Locator"],
    "MusicList": [ "music/Temple/far-east-kingdom.mp3"],
    "Deck": ["Monster", "Afflicted Kunoichi", "Afflicted Kunoichi", "EndLoop"
            ],
            "RandomEvents": [ ""],
            "RandomMonsters": [ ""],
            "MonsterGroups": [
                {
                    "Group": [ "Afflicted Kunoichi", "Afflicted Kunoichi"]
                }
                        ],
            "Treasure": [
                {
                    "Common": [ "Calming Potion", "Anaph Herb", "Ugli Herb"]
                        },
                        {
                            "Uncommon": [ "Calming Potion", "Energy Potion", "Iron Scale Rune", "Stoic Rune", "Luck Rune", "Soothing Potion"]
                        },
                        {
                            "Rare": [ "Panacea", "Magi Rune", "Purity Rune", "Dragon Heart", "Draconic Claws", "Roaring Ring"]
                        }
                    ],
            "Eros": [
                {
                    "Common": "500"
                },
                {
                    "Uncommon": "1000"
                },
                {
                    "Rare": "1500"
                }
            ]
        }