{
    "name": "Mika's Big Problem",
    "CardType": "Event",
    "CardLimit": "8",
    "Description": "Mika has been heard making odd noises lately, investigate the issue.",
    "requires": [ "Dimensional Locator"],
    "requiresEvent": [
        {
            "NameOfEvent": "",
            "Progress": "99",
            "ChoiceNumber": "-1",
            "Choice": ""
        }
    ],
    "Speakers": [
        {
            "name": "FutaMika",
            "postName": "",
            "SpeakerType": "Monster"
        }
    ],
    "EventText": [
        {
            "NameOfScene": "IntroScene",
            "theScene": [
            "Heading towards the pillory room Mika is usually in, you slow your pace when you start hearing a keening whine coming from the room.",
            "DisplayCharacters",
                "FutaMika",
            "EndLoop",
            "ChangeImageLayer", "Base", "1", "FutaBase",
            "Opening the door slowly you see Mika sitting against the wall jerking her cock with a manic expression.",
            "With a jolt her head snaps towards the door and she looks at you with dialated eyes.",
            "Speaks",
                "It's you... ",
            "With a crazed expression she gets up and stalks towards you.",
            "You prepare to defend yourself!",
            "JumpToScene", "MikaFight"
            ]
        },
        {
            "NameOfScene": "MikaFight",
            "theScene": [
                "ChangeBGM-OverrideCombatMusic", "music/Battle/Shiva_Dance.mp3",
                "CombatEncounter",
                    "FutaMika",
                "StartCombat"
            ]
        }

    ]
}