{
    "name": "Strong Dark Elf",
    "CardType": "Event",
    "CardLimit": "1",
    "Description": "You run into a pretty terrible person.",
    "requires": [ "Dimensional Locator"],
    "requiresEvent": [
        {
            "NameOfEvent": "",
            "Progress": "99",
            "ChoiceNumber": "-1",
            "Choice": ""
        }
    ],
    "Speakers": [
        {
            "name": "Schera",
            "postName": "",
            "SpeakerType": "Monster"
        }
    ],
    "EventText": [
        {
            "NameOfScene": "AnOddSound1",
            "theScene": [
            "IfChoice", "1", "SecondMeeting", "SecondMeeting1",
            "As you explore the dungeon you hear a sound from a nearby room",
            "Out of curiosity you go towards the sound and find a thick wooden door slightly ajar.",
            "Opening the door you see an extremely tall woman punching a hanging bag from behind.",
            "With a loud yell she kicks it in the side breaking the chain holding the bag as it flies across the room",
            "Swallowing nervously you",
            "Menu",
                "Close the door quietly and leave",
                "Introduce yourself",
            "EndLoop"
            ]
        },
        {
            "NameOfScene": "Close the door quietly and leave",
            "theScene": ["Deciding you don't want any of that you quietly close the door and back away slowly.",
                         "Satisfied that she won't be coming after you, you continue your exploration"
                        ]
        },
        {
            "NameOfScene": "Introduce yourself",
            "theScene": [
                "SetChoice", "1", "SecondMeeting",
            "Deciding it couldn't hurt, you open the door and walk inside of her room",
            "ChangeBG", "../Mods/FutaDOM/Images/Backgrounds/ScherasRoom.png",
            "PlayerSpeaks",
                "Erm, hey I don't think I've seen you before.",
            "DisplayCharacters",
                "Schera",
            "EndLoop",
            "The woman stills and turns around slowly, you swallow nervously and the only thing going across your mind is",
            "{b}Big{/b}",
            "Not only her height but other aspects of her too, swallowing nervously you actively try not looking at her lower half.",
            "Instead your eyes find themselves gazing at her cut muscles and the sweat dripping off of them",
            "Speaks",
                "Disgusting",
            "Blinking in confusion at the sudden insult you're taken aback by the venom in her voice",
            "Speaks",
                "You don't even realize your sins either, truly you pathetic monkeys don't know how to approach your betters in this place",
            "PlayerSpeaks",
                "I don't get what you mean...",
            "Speaks",
                "What I mean, is that if you address me it should be as Master, or Mistress you pathetic creature, but if you truly need a name, mine is Schera.",
            "Taken aback by the sheer arrogance she put in that statement, you quickly realize she absolutely believes you to be nothing more then an animal",
            "This...",
            "Menu",
                "Makes you mad",
                "Turns you on",
                "Worries you",
            "EndLoop"

            ]
        },
        {
            "NameOfScene": "Makes you mad",
            "theScene": ["Makes you mad, what right does she have to dehumanaize you like this?!",
            "PlayerSpeaks",
                "I don't know who you think you are but I'm not going to take this from you!",
            "Instead of looking offended she simply raises an eyebrow.",
            "Speaks",
                "Oh? Then I suppose I should simply teach you your place, yes... |n|It's clearly up to someone to correct your mistaken thoughts. |n|You are nothing more then a warm set of hole, the sooner you realize this the happier you'll be with your lot.",
            "She begins walking towards you aggressively, and you realize she's at least two heads taller then you as she towers over you confidently.",
            "Swallowing nervously, you glare at her and prepare to fight!",
            "JumpToScene", "ScheraFight1"
        ]      
        },
        {
            "NameOfScene": "Turns you on",
            "theScene": ["Turns you on, shamefully you realize your body is heating up at her insults.",
            "She smirks at you arrogantly, clearly able to notice the effect she's having on you.",
            "Speaks",
                "Wow~ Your kind really are all the same, all you can think of is being bred like bitches. |n|Well... you are pretty cute... Yes I think I will take you here.",
            "She walks towards you arrogantly and you realize she's about to assault you.",
            "Menu",
                "Would that be so bad?",
                "Not like this!",
            "EndLoop"
        ]
        },
        {
            "NameOfScene": "Would that be so bad?",
            "theScene": ["JumpToLossEvent", "DarkSubmission2"]
        },
        {
            "NameOfScene": "Not like this!",
            "theScene": ["Snapping out of whatever daze you were in, you realize how it was her scent turning you on.",
        "Now that you're paying attention you notice how the rooms filled with her sweaty musk",
        "Glaring at her you prepare to fight back!",
        "JumpToScene", "ScheraFight1"
        ]
        },
        {
            "NameOfScene": "Worries you",
            "theScene": ["You find yourself intimidated by her demenor",
            "You realize this might not be a fight you want to pick and submissively apologize.",
            "PlayerSpeaks",
                "I'm sorry Master, I... didn't know better?",
            "You go along with what she wants deciding it'd be the safe way of doing things",
            "With a smirk she nods clearly pleased.",
            "Speaks",
                "Humu, good I'm glad to see your education isn't entirely lacking, as I'm a magnimonious woman I'll overlook it. |n|Now why are you here?",
            "Replying that you honestly were just confused at the noises coming from this room she nods surprisingly understanding",
            "Speaks",
                "Yes yes, I usually find hitting things, and fighting in general an enjoyable past time, sadly this land prohibits most of that",
            "Her eyes gaze over your form hungrily for a second and she cocks her head with a thinking expression.",
            "Speaks",
                "Yes, you came at a good time actually, get on your knees I must relieve myself.",
            "Swallowing nervously you get what she wants and...",
            "Menu",
                "No way!",
                "Yes Master",
            "EndLoop"
            
        ]
        },
        {
            "NameOfScene": "No way!",
            "theScene": ["You refuse to demean yourself this way!",
        "Glaring at her you tell her to fuck off",
        "Narrowing her eyes with a sneer she growls out.",
        "Speaks",
            "Fine, the hard way it is",
        "She starts rushing at you, surprised at the sudden escalation you raise your hands to fight!",
        "JumpToScene", "ScheraFight2"
        ]
        },
        {
            "NameOfScene": "Yes Master",
            "theScene": ["Your mind hazy with arousal you drop to your knees without thinking, or really understanding why.",
        "She arrogantly walks up towards you until her frame towers over you, her large cock flops out in front of your face, far more intimidating up close.",
        "Speaks",
            "Open.",
        "Obediently, you open your mouth and she drops the head of her half hard cock against your tongue, stepping forwards a few inches rests in your mouth prying your jaw open with its girth.",
        "A muscled hand holds your head in place as she lets out a pleased sigh, penis twitching a few times, she starts pissing in your mouth forcing you to swallow it down.",
        "There's so much that you can't help but start choking a little, rolling her eyes she says",
        "Speaks",
            "Spill it and I'll give you something to really choke on monkey.",
        "Slightly terrified, and very turned on you heed the threat and keep drinking for what feels like a minute.",
        "Finally the stream stops but she keeps the head of her cock in your mouth.",
        "Speaks",
            "Clean it.",
        "Submissively you run your tongue around the bitter head of her girthy shaft, finally satisfied she withdraws it from your mouth",
        "Speaks",
            "Good pet, now if you've got nothing else to offer leave.",
        "You feel used yet turned on, and you obediently get up to leave her room, just in time to hear her begin hitting another bag.",
        "ChangeBG", "DungeonForest.png"
        ]
        },
        {
            "NameOfScene": "ScheraFight1",
            "theScene": [
                "ChangeBGM-OverrideCombatMusic", "music/Battle/Purple_Planet_Music_-_Imminent_Danger.mp3",
                "Narrowing her eyes she charges at you with a wicked smile, clearly enjoying the idea of physically dominating you!",
                "CombatEncounter",
                    "Schera",
                "StartCombat"
            ]
        },
        {
            "NameOfScene": "ScheraFight2",
            "theScene": [
        "ChangeBGM-OverrideCombatMusic", "Music/Battle/Purple_Planet_Music_-_Imminent_Danger.mp3",
        "Stepping back in fear you swiftly raise your guard just in time to avoid her tackle",
        "Her shoulder hits the wall creating a small indent, without looking even slightly hurt she turns around with a wicked smile",
        "CombatEncounter",
            "Schera",
        "StartCombat"
        ]
        },
        {
            "NameOfScene": "ScheraFightRematch1",
            "theScene": [
            "ChangeBGM-OverrideCombatMusic", "Music/Battle/Purple_Planet_Music_-_Imminent_Danger.mp3",
                "CombatEncounter",
                "Schera",
            "StartCombat"

            ]
        },
        {
            "NameOfScene": "SecondMeeting1",
            "theScene": ["Remembering the elf from before a mixture of frusteration and anticipation wells up within you.",
                "Menu",
                    "Go Inside",
                    "Close the door quietly and leave",
                "EndLoop"
        ]
        },
        {
            "NameOfScene": "Go Inside",
            "theScene": [
            "ChangeBG", "../Mods/FutaDOM/Images/Backgrounds/ScherasRoom.png",
            "Walking inside of the room you see her doing pushups in an open part of the floor.",
            "Unsure about how to approach her you find yourself watching her work out, your eyes look at every curve of her sweaty body.",
            "You're unsure of how much time has passed until suddenly she's standing in front of you.",
            "DisplayCharacters",
            "1",
        "EndLoop",
            "Stepping back in slight fear, you didn't realize she got up and realize her pheromones must be messing with your head again.",
            "Speaks",
                "What do you want worm.",
            "And just like that, you wonder if you really should've bothered with this arrogant woman.",
            "Menu",
                "A rematch!",
                "Questions about the Futanari Incident.",
                "I uhh... forgot actually...",
            "EndLoop"
        ]
        },
        {
            "NameOfScene": "A rematch!",
            "theScene": [
                "PlayerSpeaks",
                    "I want to fight again, I refuse to accept what happened last time!",
                "She raises her eyebrow in amusement before cracking her neck and stretching.",
                "Speaks",
                    "Very well...",
                "JumpToScene", "ScheraFightRematch1"

            ]
        },
        {
            "NameOfScene": "Questions about the Futanari Incident.",
            "theScene": [
            "You ask questions about what's happened to the world.",
            "there is currently nothing written here sorry!",
            "It will be important later-ish I swear!!!",
            "JumpToScene", "EndEvent1"

            ]   
        },
        {
            "NameOfScene": "I uhh... forgot actually...",
            "theScene": ["Looking at you in a mix of disblief and annoyance she huffs and walks back to her exercising equipment.",
            "Go fuck yourself dipshit, I don't have time for this."
        ]  
        },
        {
            "NameOfScene": "EndEvent1",
            "theScene": ["Having heard enough you leave to continue your adventure!",
            "EndLoop"
        ]
        }

    ]
}