{
    "name": "Pillory Insert - Oral",
    "costType": "ep",
        "cost": "0",
    "requiredLevel": "0",
    "learningCost": "0",
    "skillType": "attack",
    "statType": "Technique",
    "requiredStat": "0",

    "skillTags": ["Mouth"],
    "fetishTags": ["Futanari"],

    "startsStance": "Irrumatio",
    "requiresStance": "Any",
    "unusableIfStance": [ "Making Out", "Blowjob", "Breast Smother"],
    "requiresTargetStance": [ "Any"],
    "unusableIfTarget": [ "Sex", "Anal", "Footjob", "Titfuck", "Anal - Futa"],
    "removesStance": ["None"],

    "requiresStatusEffect": "Restrain",
    "requiresStatusPotency": "0",
    "unusableIfStatusEffect": ["None"],
        "requiresStatusEffectSelf": "None",
        "requiresStatusPotencySelf": "0",
        "unusableIfStatusEffectSelf": ["None"],

    "targetType": "single",
        "accuracy": "0",
        "initiative": "0",

    "power": "30",
        "minRange": "100",
        "maxRange": "100",
    "recoil": "60",
    "critDamage": "0",
    "critChance": "0",

    "statusEffect": "None",
        "statusPotency": "0",
        "statusEffectScaling": "0",
        "statusDuration": "0",
        "statusChance": "0",
        "statusResistedBy": "",

    "statusText": "",
    "descrip": "",
    "outcome": "With heavy breathing [AttackerName] presses her drooling member against [TargetName]'s lips. |n|Without hesitation she easily blows past the barrier shoving her entire cock down [TargetHisOrHer] throat making it bulge out.",
    "miss": "The Blue Imp licks her lips at her bound target as her chains pull your arms behind your back. |n|She casually walks up to [TargetName], and presses the tip of her vainy cock against their lips, but [TargetName] doesn't allow her inside!.|n|",
    "statusOutcome": "",
    "statusMiss": "",

    "restraintStruggle": [""],
    "restraintStruggleCharmed": [""],
    "restraintEscaped": [""],
    "restraintEscapedFail": [""]
}
