{
    "name": "Pillory Capture Pre",
    "cost": "10",
    "costType": "ep",
    "requiredLevel": "0",
    "learningCost": "0",
    "skillType": "attack",
    "statType": "",
    "statusEffectScaling": "0",
    "requiredStat": "0",
    "skillTags": ["Ass"],
    "fetishTags": ["Futanari"],
    "startsStance": "",
    "requiresStance": "Any",
    "unusableIfStance": [
      "Anal - Futa",
      "Irrumatio",
      "Prone Bone - Futa",
      "Missionary - Futa",
      "Blowjob",
      "Penetration",
      "Titfuck",
      "Face Sit"
    ],
    "requiresTargetStance": ["Any"],
    "unusableIfTarget": [],
    "removesStance": ["None"],
    "requiresStatusEffect": "None",
    "requiresStatusPotency": "0",
    "unusableIfStatusEffect": ["Restrain"],
    "requiresStatusEffectSelf": "None",
    "requiresStatusPotencySelf": "0",
    "unusableIfStatusEffectSelf": ["None"],
    "scalesWithStatusEffect": "",
    "flatDamageSF-FlatScaling": "0",
    "flatDamageSF-PercentScaling": "0",
    "totalDamageSF-PercentScaling": "0",
    "requiresPerk": [],
    "requiresOnePerk": [],
    "unusableIfPerk": [],
    "requiresPerkSelf": [],
    "requiresOnePerkSelf": [],
    "unusableIfPerkSelf": [],
    "power": "0",
    "minRange": "100",
    "maxRange": "100",
    "recoil": "0",
    "critChance": "0",
    "critDamage": "0",
    "targetType": "single",
    "accuracy": "0",
    "initiative": "0",
    "statusEffect": "None",
    "statusPotency": "0",
    "statusDuration": "0",
    "statusChance": "0",
    "statusResistedBy": "",
    "statusText": "Pin the dazed target down from behind",
    "descrip": "Pin the dazed target down from behind",
    "outcome": "|f|CallCombatEventAndScene|/|FutaMikasCombatEvents|/|PilloryCapturePre|n|",
    "miss": "[AttackerName] tries to trip [TargetName] but [TargetName] manages to deftly avoid her!",
    "statusOutcome": "",
    "statusMiss": "",
    "restraintStruggle": "[TargetName] struggles against the bondage device!",
    "restraintStruggleCharmed": "[TargetName] struggles against the bondage device!",
    "restraintEscaped": "and finally forces the lock undone freeing themselves!",
    "restraintEscapedFail": "but can't muster the strength to free themselves!!"
  }