{
    "name": "Pillory Insert - Anal",
    "costType": "ep",
        "cost": "0",
    "requiredLevel": "0",
    "learningCost": "0",
    "skillType": "attack",
    "statType": "Technique",
    "requiredStat": "0",

    "skillTags": [ "Ass"],
    "fetishTags": [ "Futanari"],

    "startsStance": "Anal - Futa",
    "requiresStance": "Any",
    "unusableIfStance": [
    "Blowjob",
    "Sex",
    "Anal",
    "Face Sit",
    "Titfuck",
    "Footjob",
    "Tailjob",
    "Tail Fuck",
    "Irrumatio"],
    "requiresTargetStance": [ "Any"],
    "unusableIfTarget": [ "Anal - Futa", "Penetration"],
    "removesStance": ["None"],

    "requiresStatusEffect": "Restrain",
    "requiresStatusPotency": "0",
    "unusableIfStatusEffect": ["None"],
        "requiresStatusEffectSelf": "None",
        "requiresStatusPotencySelf": "0",
        "unusableIfStatusEffectSelf": ["None"],

    "targetType": "single",
        "accuracy": "0",
        "initiative": "0",

    "power": "30",
        "minRange": "100",
        "maxRange": "100",
    "recoil": "60",
    "critDamage": "0",
    "critChance": "0",

    "statusEffect": "None",
        "statusPotency": "0",
        "statusEffectScaling": "0",
        "statusDuration": "0",
        "statusChance": "0",
        "statusResistedBy": "",

    "statusText": "",
    "descrip": "Start fucking an opponent's ass. Inflicts moderate arousal, but will also arouse you.",
    "outcome": "[AttackerName] pants heavily while she lines her throbbing member against [TargetName]'s tight ass.|n| Holding onto the device for leverage, [AttackerName] mercilessly shoves her entire cock into [TargetName]'s tight rear!",
    "miss": "[AttackerName] tries to push into [TargetName]'s asshole but [TargetHeOrShe] stays just out of reach!|n|",
    "statusOutcome": "",
    "statusMiss": "",

    "restraintStruggle": [""],
    "restraintStruggleCharmed": [""],
    "restraintEscaped": [""],
    "restraintEscapedFail": [""]
}
