{
    "name": "Pillory Binding",
    "cost": "5",
    "costType": "ep",
    "requiredLevel": "0",
    "learningCost": "0",
    "skillType": "statusEffect",
    "statType": "Willpower",
    "requiredStat": "0",
    "skillTags": ["Pain"],
    "fetishTags": [""],
    "startsStance": "",
    "requiresStance": "Any",
    "unusableIfStance": [""],
    "requiresTargetStance": ["Any"],
    "unusableIfTarget": ["Anal - Futa", "Irrumatio"],
    "removesStance": "None",
    "requiresStatusEffect": "None",
    "requiresStatusPotency": "0",
    "unusableIfStatusEffect": [""],
    "power": "0",
    "minRange": "70",
    "maxRange": "100",
    "recoil": "0",
    "targetType": "single",
    "statusEffect": "Restrain",
    "statusChance": "1000",
    "statusDuration": "9",
    "statusPotency": "60",
    "statusResistedBy": "Power",
    "statusText": "bound",
    "descrip": "A chain of light that wraps itself around targets",
    "outcome": "",
    "miss": "",
    "statusOutcome": "The pillory clamps shut around your wrists locking you in place!",
    "statusMiss": "It can't.",
    "restraintStruggle": "[TargetName] struggles against the bondage device!",
    "restraintStruggleCharmed": "[TargetName] struggles against the bondage device!",
    "restraintEscaped": "and finally forces the lock undone freeing themselves!",
    "restraintEscapedFail": "but can't muster the strength to free themselves!!"
}
