{
    "name": "Lust Bolt",
    "cost": "5",
    "costType": "ep",
    "requiredLevel": "0",
    "learningCost": "0",
    "skillType": "statusEffect",
    "statType": "Willpower",
    "requiredStat": "0",
    "skillTags": ["Pain, Magic"],
    "fetishTags": [""],
    "startsStance": "",
    "requiresStance": "Any",
    "unusableIfStance": ["Blowjob", "Sex", "Making Out"],
    "requiresTargetStance": ["Any"],
    "unusableIfTarget": [""],
    "removesStance": "None",
    "requiresStatusEffect": "",
    "requiresStatusPotency": "0",
    "unusableIfStatusEffect": ["None"],
    "power": "20",
    "minRange": "70",
    "maxRange": "125",
    "recoil": "0",
    "targetType": "single",
    "statusEffect": "Damage",
    "statusChance": "100",
    "statusDuration": "2",
    "statusPotency": "-10",
    "statusResistedBy": "Willpower",
    "statusText": "Damage",
    "descrip": "A pink bolt of raw magic.", 
    "outcome": "[AttackerName] extends her hand firing a small pink bolt of energy at [TargetName]!",
    "miss": "[AttackerName] extends her hand firing a small pink bolt of energy at [TargetName] but he dodges!", 
    "statusOutcome": "The pink bolt of magic impacts [TargetName]'s body causing it to weaken!",
    "statusMiss": "[TargetName] manages to resist the effects of [AttackerName]'s magic.",
    "restraintStruggle": "",
    "restraintStruggleCharmed": "",
    "restraintEscaped": "",
    "restraintEscapedFail": ""
}